private_name	public_name	kind	private_source_path	public_source_path	private_type_sha256	public_type_sha256	namespace_normalized_type_sha256	type_identity_after_namespace_normalization	axiom_footprint	private_value_sha256	public_value_sha256	namespace_normalized_value_sha256	proof_body_changed_beyond_namespace_elaboration
Someone.Admission	Continuity.Admission.Admission	inductive	someone/Someone.lean	formalization/Continuity/Admission.lean	b4611575b2b62eb57ff8b514cf96bf01666158b035ac2fcc89065136260d1e05	b4611575b2b62eb57ff8b514cf96bf01666158b035ac2fcc89065136260d1e05	b4611575b2b62eb57ff8b514cf96bf01666158b035ac2fcc89065136260d1e05	true	AXIOM-FREE	-	-	-	false
Someone.Admission._sizeOf_1	Continuity.Admission.Admission._sizeOf_1	definition	someone/Someone.lean	formalization/Continuity/Admission.lean	63fb7e9710627eaa65cd42ae6a80484cc34e9dd547228631b4b6ecdc90cf2542	934d00dcb101c2e7f0b8d891705f8248d0e8526f007ee37a22ec2b2dee8690e3	24e32421b02c62c142cc57d848c5101f34a552d2f51adb25fa25fd0ae459efae	true	AXIOM-FREE	7426da930f4ca2b9e5759e504c4273bde2055e6b097960b2f3249b2cfc093f24	269ba88563e53a43a61b3c2996f5e96b9ec208178d1a34acc2c73f63785d24a7	c6713186609aa7bdc72a26a8ad37f56e2155a18acfd652b3d51d1daaf2abef24	false
Someone.Admission._sizeOf_inst	Continuity.Admission.Admission._sizeOf_inst	definition	someone/Someone.lean	formalization/Continuity/Admission.lean	2ba39614c4f1ae17878f838bbdd4be576ca51e702e08e55ba09089e7c69d53b6	734651c5941e8cdc68c70d3eb45534f95f629df8402ed227896ddfaad6567375	2ba39614c4f1ae17878f838bbdd4be576ca51e702e08e55ba09089e7c69d53b6	true	AXIOM-FREE	fd592c7d6c8f0bd9233a856796b03c59ba3234b39dea7cd0da3a750112470da7	6455fdcdd781b635da873f756ee6d8b7fba2fd6bd760cc11c7153639d6219d81	7239c0f050ed233ed795ec07753c44ac584958cb30b13073e7b2b37ea6c54570	false
Someone.Admission.casesOn	Continuity.Admission.Admission.casesOn	definition	someone/Someone.lean	formalization/Continuity/Admission.lean	fbd3998ea68e58d5797f241af0943a5c678443da40e47985f6e865ef53aa5655	282899d7ca523aec4a20a82738a063ca52728204a8fa03091f9b3a57a824fc18	29be6338878370698103e89d87d11d19b45da755bd55c8c8e3d5b79637212300	true	AXIOM-FREE	d0aa2658f581732189e843a51781b264d27d6e8a9b1b6cc6ac6032d036404c40	fc1571a3b4d695f59c9508470f00774e833d5c3e64c19d3372aab42a2a1779ed	e9239942950dcdc2968d8165797032e7c4204a79d308954430c3307edc224399	false
Someone.Admission.ctorIdx	Continuity.Admission.Admission.ctorIdx	definition	someone/Someone.lean	formalization/Continuity/Admission.lean	63fb7e9710627eaa65cd42ae6a80484cc34e9dd547228631b4b6ecdc90cf2542	934d00dcb101c2e7f0b8d891705f8248d0e8526f007ee37a22ec2b2dee8690e3	24e32421b02c62c142cc57d848c5101f34a552d2f51adb25fa25fd0ae459efae	true	AXIOM-FREE	5f345887e90830d00f2ee2e68742e279de2bf2759a10254b1ab42ea01ceeddfc	530a033b9f3f3362cff5dd752188f8d8c621ae59dff7a9d1277f443515027c69	056d569e0a004f86577ff9cf696a635ddc77148a5edef398b7533157fb8fbabb	false
Someone.Admission.earnedBy	Continuity.Admission.Admission.earnedBy	definition	someone/Someone.lean	formalization/Continuity/Admission.lean	b7b2a5d5069f8c2b4bb53b2d1c45bca7d39c17630d63bcf36bb52ebef6410b8a	de0849cde7562ef16314415acd89077ce8f670ac324ce5ec441b661a8ab74679	a3cf1f180a269462e76314f53bec89801d36c6a11842e96d3d2092134f4134cf	true	AXIOM-FREE	747844c553b736f77c52b65e9556a3d457be9f5a53fec790f366779d0f15805c	a56776bc0c2c30aa51e7e577b1ceb3f49a90bd3b2ddf92918ac765cd4655b5a6	9b7aecaa4e4f3e53e7e710846141f35b44b8a24d3e31af579efa8e43989dccbe	false
Someone.Admission.humanAccepted	Continuity.Admission.Admission.humanAccepted	definition	someone/Someone.lean	formalization/Continuity/Admission.lean	2f6e74732a84accdc29d6a72243017595b0e06d46b3cb36b49a90994f914c7a6	86e91d5d384b6db950f1ab2ef41c4393f82f7d719648d6ffaa07356bb0ce25f1	36473fbcdbad5ad62174720749199a966ffbea344070471e79dab1bd6b45b089	true	AXIOM-FREE	550a5edd8e7eb3dcf5b0eeef697b219144b95355d07e31bc4cbbfea49b7de766	aff1ec59cc73b8e64e9e2e8b96e295ff23140d4f0933130dc16344c449e10a60	6d287db38746ca618d6992632b54a26b27cf199eaa50fd9e99ce3dd27ad39d99	false
Someone.Admission.invariantSet	Continuity.Admission.Admission.invariantSet	definition	someone/Someone.lean	formalization/Continuity/Admission.lean	9a97af9ad31a887d023057d1e87fdea6c49cc1ebf56cebc6f74a9405f312edc6	4095a7036afd1585cc4b68f7f9610b725209e2c3cda01cf6d60e36392882911c	370e1f898cc57980d5c6f684308214386c0e66c763d15b36fff164c3329cb5a0	true	AXIOM-FREE	815fa61485617210db9dbe1cbb8646092a60b747feff9858656e66a9f11d55da	7884342d2aa1638a93eac49a73e8f8d3192893337511ed306777b0092fe776a7	1fe47c8ce0fd045a172792826041bef549fd426c6f8b3af1e5b3ee47250c158f	false
Someone.Admission.mk	Continuity.Admission.Admission.mk	constructor	someone/Someone.lean	formalization/Continuity/Admission.lean	f2fe02469597dabba95972cf5c6e712df535faad1be3845c427cc2b904c14549	43c2304c65865d1fc5a9db83a86d9956df363e8583af76fdfd40a658dfb72e86	2685128b01115be9e162ada4ae47bfd72cde8ddb078a587b1110d0726e4406ef	true	AXIOM-FREE	-	-	-	false
Someone.Admission.mk._flat_ctor	Continuity.Admission.Admission.mk._flat_ctor	definition	someone/Someone.lean	formalization/Continuity/Admission.lean	f2fe02469597dabba95972cf5c6e712df535faad1be3845c427cc2b904c14549	43c2304c65865d1fc5a9db83a86d9956df363e8583af76fdfd40a658dfb72e86	2685128b01115be9e162ada4ae47bfd72cde8ddb078a587b1110d0726e4406ef	true	AXIOM-FREE	ec8507c017dd4de8a0f4c5d7e8988325b5652d06579db8c57f05d72c7402f0bf	6c97acac5c2e29dd46df8d87f224b7bfa76c031824ec7896b457e01d3db6c447	c8540f38ae4902930f4b43c9728f27d3e21989636d007bea553d9b589a134389	false
Someone.Admission.mk.inj	Continuity.Admission.Admission.mk.inj	theorem	someone/Someone.lean	formalization/Continuity/Admission.lean	a896b7d199bbe8bf67d64dca1b3f9d1b27a15fe4b7ca8b390f30cb47c3f884d7	344ce3114b5353dbca5163ecb9a26a555b8c2d124ff702c3e53f724122c823a7	48e5e8dde07854a757a1a79136f0088b048848e619e2211574408fd006d33b9f	true	AXIOM-FREE	7cd3ed0977d54f0ff9d03d130d0c5d603cd19f8bb21999f1571aa9b378ef05da	334973e0b498d6213591d8e6c049ae4c77223fc330ede99c948e0c85326db5d3	20bab165c34e9ce93c6ac68330c421ffdce27b9d7999a835b965a3ab01016ce5	false
Someone.Admission.mk.injEq	Continuity.Admission.Admission.mk.injEq	theorem	someone/Someone.lean	formalization/Continuity/Admission.lean	9a2d78081bfcce2f3bee7c27c3198c8aa6b61a34c64085b2055aceba9ea66169	555b3a083148524ac3b24906cbf8ce9262a29a8ad707a6cd3f9363398e3eed08	a00d6f60c2e4293660314783c67720e36f0b0feade50f11686294e894b5f72d8	true	[propext]	2c228a6a64af94e8088918aa00897b6582d3950dd1dc20037130788e8a37fc14	77d3fcc6c7cf27d8451ad446415c75424f64f3856c0b809ad1b50407399bcd6f	682fbccaa34d7c7569558fdb3d7ed3ad3e43b7c807e952e5b049d44468ac0dcc	false
Someone.Admission.mk.noConfusion	Continuity.Admission.Admission.mk.noConfusion	definition	someone/Someone.lean	formalization/Continuity/Admission.lean	3eb9af4ec79295a7a81a61af0845cfc1e9e5c669947a65b5e19d6a44aad24dda	b06457798669b5331de4c84783f2bfb0313c4f3d6a74dc3a26e373025f98cad7	24dcb250ab60356a9f403d169a2ae08b1471ace94913c8b33fbf3ebd6114d67c	true	AXIOM-FREE	715388b85aa3962aeec620c2e8af1180a9eccf6408c2331bb277175bf523cfbc	2c10f672f27658ce21db5724f3881b57153d061a358142338f4d0f97460442c5	d7809a6aede629b01cb5fff54f8542512cc01d3e19f7d1e7c7b10be572f25001	false
Someone.Admission.mk.sizeOf_spec	Continuity.Admission.Admission.mk.sizeOf_spec	theorem	someone/Someone.lean	formalization/Continuity/Admission.lean	926f9bad9044b63cb415c5b879253b3ba6e95b2c990d490f8ce51fdcc1c20690	d108911dc3ff7190aadd6bbafeecd2738801e280a6ab6e006937edd096a6fbca	26ca57b8c5c84a2cc0541608cf0624730d72c42019011328a04d0823c62bac4b	true	AXIOM-FREE	9f1962224d1e07c69f39ef834abc3842562d00bc36448163671727dc0b9b4de6	25a417b6f35a450e4d05645e259d507ec8e9d5e826f178f9009c72205214b8a2	da57e401a4775a5956cd3f57b22a965fb85d93cb2122cedf1ca040d274a46654	false
Someone.Admission.noConfusion	Continuity.Admission.Admission.noConfusion	definition	someone/Someone.lean	formalization/Continuity/Admission.lean	2438452a53b7e3621ef3afedadeb3aa902ca47a22c89f1d9888b6f26979e7fec	d349858de6cfa65fd302b69170d3b79b1455db6f0c160f80ea6fb312b2c9fd14	15a2319571390f6a88d69704b560b4e8bb0764250d5bae9988845570654fec8f	true	AXIOM-FREE	6ee705f1d38452394c0023b5d857f2eceecb733f773c0400c9f3c6ab2d00d309	2275b063397351ab7f95932b77ebbbd23ac87f780fb40c3a304e1136f2842568	c2faf4595dfea93ae48852ce91b9cf72dad440b87991d67952c78b3ab7e564a5	false
Someone.Admission.noConfusionType	Continuity.Admission.Admission.noConfusionType	definition	someone/Someone.lean	formalization/Continuity/Admission.lean	b94631e77717b07a797344f60b15a9149b7482266d9ec657663efe60823eaeac	fc757dc3849cfdf57bf958ada02a5a3a922b1c1b08128b648bf9249da40a7a9e	87e4fb010d84bc6aa8f73fc77679f6ed806079d689346ddf9784b72ce2c9be3d	true	AXIOM-FREE	d9262f25f4abb29fb707e6237d99637c77846bb72d60b9e71573cbf4af5ffe48	0b56882b82f4852423d03cf9c10aec696eea1164be9273014bedb59e4ffa6d62	3caaea90c85c91fd128e78f12bf731731ff68f92d3512738bd240a32efb8b121	false
Someone.Admission.rec	Continuity.Admission.Admission.rec	recursor	someone/Someone.lean	formalization/Continuity/Admission.lean	a2a48e56b3c83b2091f5806ee76e4cef0c0f617a0517dd19877b89ad0c7391ad	f17f2a6ebcd72eb889ad39f7c73f31a1e89591261be191896cfff32930a31a9b	172c5ea5e6683bfd74e452f825bca6221a960d1bf2fd343de89d50d95c0e3715	true	AXIOM-FREE	-	-	-	false
Someone.Admission.recOn	Continuity.Admission.Admission.recOn	definition	someone/Someone.lean	formalization/Continuity/Admission.lean	fbd3998ea68e58d5797f241af0943a5c678443da40e47985f6e865ef53aa5655	282899d7ca523aec4a20a82738a063ca52728204a8fa03091f9b3a57a824fc18	29be6338878370698103e89d87d11d19b45da755bd55c8c8e3d5b79637212300	true	AXIOM-FREE	1ef86761c1221bcfd1afb6de52116bc939f0c6bef1aa05d4855411522cc9b74f	f95f90697b4ce9a13f21696ed2d68ee6369ad05540299aaa92ae9f6af843d53b	cca9c4bffce099a3bb9af0b933220ba7d9b1f3155a26a8298fb832d67e294184	false
Someone.Admission.scope	Continuity.Admission.Admission.scope	definition	someone/Someone.lean	formalization/Continuity/Admission.lean	4b691f725f7734fb7c933d4eb55e2818694bd2a63fc7beb93d6b33419b3e0708	d023c2112c689785c17862858b9170f04ca089ece14cd3a0757d847cad7e1a5d	68b908f05f867fc2b64e4710b3820607a54885c24c3617a64f8b0b584c5c5cad	true	AXIOM-FREE	2d7e0bd4195c899e12d3d2d92a2953bf75d0dca9a1bb039d6090625e7cb17cf6	49954928927ec3570b520fbce607d3fd2443aee798e3a89c3d200f74cf46a236	992d0eaaa0cfe56228beef39ad3150b21cddbc2bfcd911e660a5c4171737b3ca	false
Someone.Admission.substrate	Continuity.Admission.Admission.substrate	definition	someone/Someone.lean	formalization/Continuity/Admission.lean	9a97af9ad31a887d023057d1e87fdea6c49cc1ebf56cebc6f74a9405f312edc6	4095a7036afd1585cc4b68f7f9610b725209e2c3cda01cf6d60e36392882911c	370e1f898cc57980d5c6f684308214386c0e66c763d15b36fff164c3329cb5a0	true	AXIOM-FREE	889ca48336f5e3a71b5dde41c68a57f377efd524add5354c400fff6ef4a53b1a	533e50778f09eb7ab52b96f443e62597846a88a14e47bbb7b57bae310fc71295	8c43775b43cd6a2b86a8a0a2b0f0d4bc82a71d5569332d467fe9f952aa980117	false
Someone.AdmissionQuorum	Continuity.Admission.AdmissionQuorum	inductive	someone/Someone.lean	formalization/Continuity/Admission.lean	b4611575b2b62eb57ff8b514cf96bf01666158b035ac2fcc89065136260d1e05	b4611575b2b62eb57ff8b514cf96bf01666158b035ac2fcc89065136260d1e05	b4611575b2b62eb57ff8b514cf96bf01666158b035ac2fcc89065136260d1e05	true	AXIOM-FREE	-	-	-	false
Someone.AdmissionQuorum._sizeOf_1	Continuity.Admission.AdmissionQuorum._sizeOf_1	definition	someone/Someone.lean	formalization/Continuity/Admission.lean	39c2ad1bda06a71d2fb58d5c40b0860af2175e20191f82c6122448dc28baa9b3	8a035b75e8e8505f78451e97a3bb73777bdbfa8b3350653642aba52eddbfd700	730f2588b351db1d5942665da6dc80cf714596937dc85045a887a7becffc4751	true	AXIOM-FREE	a5efad2b23e4f9af7988953859b9be08ab4d0eda76bc497b863ce89137d18741	240f823517a9ae43e4421e40d8b210b399f6e32a6ed4a0ecf60702c58569e8ef	15e3f2fabcc615244104988512d5959bbf98b05890f2a60c2663429153630b16	false
Someone.AdmissionQuorum._sizeOf_inst	Continuity.Admission.AdmissionQuorum._sizeOf_inst	definition	someone/Someone.lean	formalization/Continuity/Admission.lean	522a1e8916dc7b7a402d8d733e3bf95280eb37126c59a5cad09a772a271d8e8d	4c51e8d96c05852f8f794b5bbbbc371887b8f9c62f87a72b288bf0b6e0e8f46a	c0a9bda2f909087ded95440effcd077025b097b3f6d1ccb391ee7b0d430a7e75	true	AXIOM-FREE	809d0809b29c6d9899afa80dff6ed5c4076265cb4bfcca7f8b8a60c1ceb94388	ec2eb261ec884c5122e535f322fcde15d753841bc7734becdbd06d2247243eb1	1bbd7d9d65648f0c94749f2c0e40d9330fdb1e2ae6785e4d8b6ab0c8239275bb	false
Someone.AdmissionQuorum.casesOn	Continuity.Admission.AdmissionQuorum.casesOn	definition	someone/Someone.lean	formalization/Continuity/Admission.lean	9d71b4ae0e666f4be40860b41ca78ae0b38313d2fe82e8c1bcbe2d1a12a95e43	7d44b20bb64066c76d3631a69196e5a99f3fbbe30ddfe6f77dd329a8b957e770	bc1343b2f448bf483becef64b77b8c6f47abcb2ef43f10bce535da2cd1a07d6d	true	AXIOM-FREE	2b37681974282df7b6491a8448d28e864a8c3ece398d626859b3733e4ada170e	f2ca0c177e8ba479ce458745919717273fce3c46a5050a336b022e65b6c58d06	846e58235f6010b743664be2f6dc43d015b29f63bc721f22d5210701f5381792	false
Someone.AdmissionQuorum.ctorIdx	Continuity.Admission.AdmissionQuorum.ctorIdx	definition	someone/Someone.lean	formalization/Continuity/Admission.lean	39c2ad1bda06a71d2fb58d5c40b0860af2175e20191f82c6122448dc28baa9b3	8a035b75e8e8505f78451e97a3bb73777bdbfa8b3350653642aba52eddbfd700	730f2588b351db1d5942665da6dc80cf714596937dc85045a887a7becffc4751	true	AXIOM-FREE	17a41431f0cd2d87acaf4a9b1b24c052630ff5ca84d45c1057327b3a1c50939f	e3cd4f0e2538968943f994a3e789ef5fabd1e129320311b4b97d85968496c687	4e8355872a4db82df25197b237fa5684aee3662af23c783dbde7ff2fbe672b91	false
Someone.AdmissionQuorum.humanRatified	Continuity.Admission.AdmissionQuorum.humanRatified	definition	someone/Someone.lean	formalization/Continuity/Admission.lean	0a208a52907354b4237c90034ee30e2ff0b3afa68357c4129efb4909a52ae812	28acec94b6a10464f9a03a4825ce9e8e7e48b6bc258f39cdd563514be2b6efac	7fb0de40b7dd4f900d2d2b73c7a9a393562b85534cad07a3fc310622f54f4273	true	AXIOM-FREE	842d89f35fdca2607c9b5e35015b7b9b0e10421a36863a76b806455e111bf6ce	dd7e88fd26ff32179dc529303713882034eb686562c2a2efeca987014d8ecb2c	d740264e504c74a82ca49ea9035cd8c69ec29e74b97f3a7e38737eb66dd690ce	false
Someone.AdmissionQuorum.mk	Continuity.Admission.AdmissionQuorum.mk	constructor	someone/Someone.lean	formalization/Continuity/Admission.lean	921a99c355be505a042e95fb3861c70872ce8da5e6830b080c5c28b8bbece96a	17791751f495c6e2cba0c56b59485d1f7ffea086813576769cf8b91bc2cf9b5f	72113b12c63793ba78f835d49bd1751ece7daee27ff5f478ab84f455b5a6ff02	true	AXIOM-FREE	-	-	-	false
Someone.AdmissionQuorum.mk._flat_ctor	Continuity.Admission.AdmissionQuorum.mk._flat_ctor	definition	someone/Someone.lean	formalization/Continuity/Admission.lean	921a99c355be505a042e95fb3861c70872ce8da5e6830b080c5c28b8bbece96a	17791751f495c6e2cba0c56b59485d1f7ffea086813576769cf8b91bc2cf9b5f	72113b12c63793ba78f835d49bd1751ece7daee27ff5f478ab84f455b5a6ff02	true	AXIOM-FREE	b05c632cbdf7d365c16e8bf7ef3aa852eb1b7bd3ecaa507021744211d01e7cab	37d47d6a358ec15198c466b87e680173aabebd3c12d9fa256214d524821f7bdf	dd85abcb7a83983869e48dba0f3f33cb76ba193b9b5ce4f7d98bfc14d24a8ee1	false
Someone.AdmissionQuorum.mk.inj	Continuity.Admission.AdmissionQuorum.mk.inj	theorem	someone/Someone.lean	formalization/Continuity/Admission.lean	9ce1194d68e71c34a0db9429cf239e1e9a1cb13d9881508f0a72f3f858d4ce73	a32b1cc20b688b2223d20a43e16405f076197cce344d483d5aad8db741e1b413	d0f2e5e6d1e978e737b0d7a53a38aab798cacf2153bb9eaa40d8d221fcf39a82	true	AXIOM-FREE	07bc73349f789d49f7fd1c698307cc1f0c5eeb8ca8f61ebb8b29394bc4686ee4	6de9c96c7cd45420afbe3cccf9ce0fa380fe8377500ea60440c1094a8d338d9b	3c9c90a42dce58b043ab1c2b8d1517c1f67b3b2a6dbda583b87b8c53802fdb3b	false
Someone.AdmissionQuorum.mk.injEq	Continuity.Admission.AdmissionQuorum.mk.injEq	theorem	someone/Someone.lean	formalization/Continuity/Admission.lean	42a0782f907b721c51d8120706a32c9b1c2501d620fbefe4c413b8c863ad73b2	ce12485366417037311ab1e669bc7e4bc1cd42a0b01619ce73ca58a242355eed	a29464a2a3414e4ba57053722275174ee149657dbbaed1ea2e9278ca8295d7b6	true	[propext]	ab64bad06d7b3602ce7d297c1d8f464f6ed757b0ec03e6860054e0ae39eb0eb6	7f3538b903d963829d21949e38a3025ca465acf51817df5182833a305e0a11db	d7e3ed128b65c6ed14634d95cc29ca44b5834817a146785c52ceeabee4649b0f	false
Someone.AdmissionQuorum.mk.noConfusion	Continuity.Admission.AdmissionQuorum.mk.noConfusion	definition	someone/Someone.lean	formalization/Continuity/Admission.lean	01c094042e734114cf3e7bc141f21468f18899bd62cdf1c5ef84720c1043637e	f2f37cfa29d562eddd2bb24dabc268b8865f12cfd8b3a631462eb57e0be4de2b	5dfde8e523f3f9a20c13343e924f7ea82bc4632a22bb7746049ebf4f81867be2	true	AXIOM-FREE	b00b898adb158cdb6443b7eaf8731611a8e6307c51d57f41aabf3719199f36dd	966464e47d006f0dd13e99814853534ffc9cfa0e7deb501b0f7a846172d9654e	0d28e7da16264bc8ff9764557a39200845409f1cc9ee3ebcfe31958554ad4005	false
Someone.AdmissionQuorum.mk.sizeOf_spec	Continuity.Admission.AdmissionQuorum.mk.sizeOf_spec	theorem	someone/Someone.lean	formalization/Continuity/Admission.lean	050c4755af5a2a9b4fb5f731a676d45dfe749aeee486e59e4bced0eaa09d5abe	9c8ef28051328db95ac1a2ebaea1330543f05ae10cd109ce9bb98b54da2f5410	18608f047567540ddd9d5d2056da9c6edafbb8fbfa3cf38b8e5a7d657e7517e0	true	AXIOM-FREE	e4a391b655e392af612756e18d8998195cb2d5577f000a1469a4dd8fd8159c4a	d0a8344aa9cf017a6e0b0eddb03cb11246671174f4e0b2bbb8eb5a704df94fec	0baf85e2192e436712d14122cbecd5141d75757d60fc24ad831b0fa9f75ef4cf	false
Someone.AdmissionQuorum.noConfusion	Continuity.Admission.AdmissionQuorum.noConfusion	definition	someone/Someone.lean	formalization/Continuity/Admission.lean	a88fcce1ab5e86746ad50a351670fa564ab712970b65ab44c1f8c94bb21e1f6d	6fab5a5058f7ba605a9cf8b1f469746b9a634ff723eb341120f540ecbc2571c2	5c3a6f83c03daf88d089e93b9530d988074ec75264bad3f6f21ddb5ee7db1394	true	AXIOM-FREE	38983476ebfa3aed4ffacbdb3a91a95566ec86c6515046ab10cb1ec9e2ca4dd6	f7126285be77cf5011fde1825168b9754d9c0e8bac3a093839bdb426f1f59f9a	b726035e3171b58aa301cc2b6769367a02d31b2c70cad8ca87553f78432d0c00	false
Someone.AdmissionQuorum.noConfusionType	Continuity.Admission.AdmissionQuorum.noConfusionType	definition	someone/Someone.lean	formalization/Continuity/Admission.lean	2473a016923afe6f03008a746db96405f5aca611a4a66bc7695811406cad1a62	e511d087f78ca881e59b45d6ea1d952819b1df2a97db87ec5b4907e211e2cbd7	94d094957fb89dd3eef44232c95276943620d13ba9b02acdb59c5b1f5d2a725b	true	AXIOM-FREE	96312102316da5d7af8de150a74477c8bd81d2706db4edd79a47921cb1151490	8b2ab6fae8b587e46c5695d3f21db14d25890ecb5c2e2c913b7d33a7b1b8dd36	ad53db28b22acd0ceaa754b9e476f9de018e39bd66271c5aaffca4030daf165c	false
Someone.AdmissionQuorum.rec	Continuity.Admission.AdmissionQuorum.rec	recursor	someone/Someone.lean	formalization/Continuity/Admission.lean	b07d42fa8f58c4d5a19b4aeeeeb60a34987eb81b40e55853d052127e1fd53643	c4b46d0f060fe32a09f7e65462c1c91aef441e91d8a3ff8a0fa4731ce914b33d	15305b3fb345ddd4a706730a9efcee7f5e0f9c17305bb928515c38887e1e0e9b	true	AXIOM-FREE	-	-	-	false
Someone.AdmissionQuorum.recOn	Continuity.Admission.AdmissionQuorum.recOn	definition	someone/Someone.lean	formalization/Continuity/Admission.lean	9d71b4ae0e666f4be40860b41ca78ae0b38313d2fe82e8c1bcbe2d1a12a95e43	7d44b20bb64066c76d3631a69196e5a99f3fbbe30ddfe6f77dd329a8b957e770	bc1343b2f448bf483becef64b77b8c6f47abcb2ef43f10bce535da2cd1a07d6d	true	AXIOM-FREE	a6a9670f51d53981ad32a1895b368a884e4ae644aab5467eb1a60482fbf16868	bfa0337ef32559ae5d19a33eaf0ab405a891cea9235bca9f9a76e4b20016fa7d	1a4c2e9ddbbb8061aaeac98cbf12b44699a33bbe1b8859f0383080961ebb831e	false
Someone.AdmissionQuorum.token	Continuity.Admission.AdmissionQuorum.token	definition	someone/Someone.lean	formalization/Continuity/Admission.lean	57f2e8111abbcc0a3076f215a8e393784fbcb4cbda7716b032580219fb34f9b7	b21d4d4baab1fed31429dc40678d750373727cc4501982f164f7fb23f7c7ed3d	ca4a7978084b3d634957fdee8437af5c3d6e90c81916f7013d77056b5d01c17c	true	AXIOM-FREE	743fe3f87c690e8c228dd7bfb554514d24b06da77299979204480bafbfa11258	8cd8d6579626efc41d7c909095f7d3a9103ff3cadb738de0114f647f1634fa93	8027721ade1e6014454578b370772d828099362bcd4f1dc8192236bb8148ba2e	false
Someone.Agent	Continuity.Admission.Agent	inductive	someone/Someone.lean	formalization/Continuity/Admission.lean	b4611575b2b62eb57ff8b514cf96bf01666158b035ac2fcc89065136260d1e05	b4611575b2b62eb57ff8b514cf96bf01666158b035ac2fcc89065136260d1e05	b4611575b2b62eb57ff8b514cf96bf01666158b035ac2fcc89065136260d1e05	true	AXIOM-FREE	-	-	-	false
Someone.Agent._sizeOf_1	Continuity.Admission.Agent._sizeOf_1	definition	someone/Someone.lean	formalization/Continuity/Admission.lean	676109f0631c66854148169c1778ad396189187dc04eb10456735602d9ef2969	a5c25276f2e51375920ee42977c8b1ee007d9a6e316bb0dff4514565c5fca750	1ecc6e5325a1e48e2d649c234646954e891537b8b8b2af5ff81424ee42e94d07	true	AXIOM-FREE	bf5ff4b0fe329e98ab93ad70b7eca0a70c80cb22d74714524784b8a52ff12e63	e277988a4d768b638bcc3bfd8a012752f9ce3327319ada30995bca2259aeb43b	53c2b3790891dea0bfa66572ee096d8244850bcb63233891ad44b35d5178c97b	false
Someone.Agent._sizeOf_inst	Continuity.Admission.Agent._sizeOf_inst	definition	someone/Someone.lean	formalization/Continuity/Admission.lean	d94b7b8967f009dca127ebdbfa2dea79f3fff4b70c871bdacd074351c22383a6	29266f10091129208257f90c339c17fd18e30fadf7fef436c2979970e6a41e99	d94b7b8967f009dca127ebdbfa2dea79f3fff4b70c871bdacd074351c22383a6	true	AXIOM-FREE	00233752f4c9e5e229658fcfcf09a289b659ee6949789005409813fdd2f90532	64309359ef4d33a45f7237b906c9b08f4a0e240a9bfbb95fa6263d7caf966c99	936f583f95c6a49736188463b384e4b7d18ab6041677957cb72c6840adacd5ca	false
Someone.Agent.admission	Continuity.Admission.Agent.admission	definition	someone/Someone.lean	formalization/Continuity/Admission.lean	1d8c9bf3ac275a54436ffffe66b7737397ac961c3f596aae8e57c1992ad4d377	af27beb2fedbd1c3da0aaefeb1bcb45092cc9b82e7a714bd28dc0c4971e01d09	ade01d0ece30494b78bc799752aab40b226a2876b29c6c9d185428e3aa5ecab0	true	AXIOM-FREE	96bddd2aa79a5cc090e444d72aa608261b6fdea7ac316c1e90b0c30cf7e0c6dd	0482fb37a008bed3bcffdcd54d7f83c02570daeb6236e754fc68b06963323951	637c75aa92a547e42429af0f87a30d60a6221dbd13b0f9971fb6ad48a574af2f	false
Someone.Agent.casesOn	Continuity.Admission.Agent.casesOn	definition	someone/Someone.lean	formalization/Continuity/Admission.lean	f08bc3609d9e74014442b01aeafdb22b4e7f4946fe7955585100cfe5cad038ec	30d776714e4fa74cfd70f8f95c3fe9ea221760f597ddbc7f7ea4f6c298eb34c3	a9aa694fe87b4d606e6ffd88c07e4fee758b44ac86a40fc3e034f09e56f35a2c	true	AXIOM-FREE	7bda55ee513b0785acab2eba6fd21dcbe064e7ab6ff0787f074cf884116eeba4	523fbd7971d540de2d8ff15ab37005d6c8366715eda6b19ac6ad63804954891f	45887b995fc59aab1a16bf023c493c79ba665e8de49782c09dd38559da26b57b	false
Someone.Agent.ctorIdx	Continuity.Admission.Agent.ctorIdx	definition	someone/Someone.lean	formalization/Continuity/Admission.lean	676109f0631c66854148169c1778ad396189187dc04eb10456735602d9ef2969	a5c25276f2e51375920ee42977c8b1ee007d9a6e316bb0dff4514565c5fca750	1ecc6e5325a1e48e2d649c234646954e891537b8b8b2af5ff81424ee42e94d07	true	AXIOM-FREE	801a539d6e71838dc08e7f9483d9937a4604b5ff4fa46f358099c9cfd11ef776	bb111c6907ffa6c59553495e39ef55ac999a93cd4df7687bd770b4f444ca2f02	46c7c02ff09a2c97fded54d6c86c7a5070cd222cfed7741e083c6f9b403db901	false
Someone.Agent.id	Continuity.Admission.Agent.id	definition	someone/Someone.lean	formalization/Continuity/Admission.lean	5c5efbcf1b0b9e3b220698f3708ed9c1c68e87ae137c2ce940dea38787c4ae35	50259c7196786ea40970219507940a9d178a89b883764db3c79d3bfeaafb9886	eb2b08de94df45cafbc8f5d28525881a6c68d76e474480339bb93a70da6cce12	true	AXIOM-FREE	61fd8e25675883094b8433fd5b02d54abb10f3d34a0503bb57f3cda9343c9f79	1143a0e6c96f801a233fd165c13f8a4d83c264f1f3d3c0f82bb5cd91bbe5360e	4766ec543e49011462ea0e9f983ce931459153f1b866cd3a67601574d49a8baf	false
Someone.Agent.mk	Continuity.Admission.Agent.mk	constructor	someone/Someone.lean	formalization/Continuity/Admission.lean	4364991fc032f385db4a834649adb3f3cd2ff6d985b9f49af4fd5ba2a789f57f	3de29392030e15a965cf224257cde2a28a3e0bdf2918a1ddc5f0c572db91c45f	3f9a609b70f6c71a73c019e66efc462756fc84922fb053a6522a15c7e49398d6	true	AXIOM-FREE	-	-	-	false
Someone.Agent.mk._flat_ctor	Continuity.Admission.Agent.mk._flat_ctor	definition	someone/Someone.lean	formalization/Continuity/Admission.lean	4364991fc032f385db4a834649adb3f3cd2ff6d985b9f49af4fd5ba2a789f57f	3de29392030e15a965cf224257cde2a28a3e0bdf2918a1ddc5f0c572db91c45f	3f9a609b70f6c71a73c019e66efc462756fc84922fb053a6522a15c7e49398d6	true	AXIOM-FREE	317ca1696d13dd5423bdc0da1def318b69eab2e475bff7583409f178a19603ca	148841521c2af8d105ecbf3f55372cbd2b4fe8e8cce72cbc0553af71944d3bcf	579b921bb147dc5ea61f6adcba944bfd390ee738e07891224018329322bdf06f	false
Someone.Agent.mk.inj	Continuity.Admission.Agent.mk.inj	theorem	someone/Someone.lean	formalization/Continuity/Admission.lean	224a2f370b567264c8cc6cf85bfa1c32741897558800f5fa5468615864e1506e	b656e399b8687473bc2e9a253b66671c88aa3f829a04947a01992a5fb71035b3	148c480c6e590cc2e2fbc00cd2dc6d597d3a17302b216493233498327881a1eb	true	AXIOM-FREE	99deecaa73badde6b3c1b321f7815c0b52578043d67ec36c18b9e697d68d9cf2	b3adaf89f5db253e7ea0ffad74548ff82078da8aff4196d034d0f5a27c731958	edbaad7484e1b70a11bdf6ca51ced75a8579b4d9c84c73da0da2ad75a110939a	false
Someone.Agent.mk.injEq	Continuity.Admission.Agent.mk.injEq	theorem	someone/Someone.lean	formalization/Continuity/Admission.lean	8acc85ede1ce7893269f0b24970891efe1bbd72385e04d43ed04b840665b2a33	6bcc04bca9f761200df563877a4a0a481dee928bb3359f1f87d1918235baf811	373dfa0117394f778c92af4b55762d5ee622cb550e33d9499e152e10956dfd79	true	[propext]	ba77d22196d32151375d9e994c43ff5248e2e1f44faa9816fdb1f1d0e30fceaf	86ba46c973c005f91a4055a3fba14f2d1abceeea4e97d9ba6e5c4ed039da4c6a	3a1ff5270066c1de59f191413cac0425cf0bd9e5c7a091061430d0c5406da283	false
Someone.Agent.mk.noConfusion	Continuity.Admission.Agent.mk.noConfusion	definition	someone/Someone.lean	formalization/Continuity/Admission.lean	ad0beb87a23c9ee7b76b9cfbd2c2eb778a53720e7f29bd341036e84ab5f1834c	9c67144041d13d018445548fad78a2aacd6d979695eb68d4d27c2fc0f605aa07	047612a5ab25c1e7f95b124634f07940ae5e97854cccde5cb6f10fe5161afc4a	true	AXIOM-FREE	aab23b75135672d9e01bac9358c603852bbef69ae18d3032d62b8861cb168eab	a8747be8c12cc8cfb418fca57ee3b3254ea5465d22f2c736a21bb59ca095fa38	6a509232d4969150f3170d25fccb186fc089741826e7f7a6639d501f7503518f	false
Someone.Agent.mk.sizeOf_spec	Continuity.Admission.Agent.mk.sizeOf_spec	theorem	someone/Someone.lean	formalization/Continuity/Admission.lean	34ae42b5a177e4ddc02b1e6457bdd8a3cc099a3f931b9c0a532050a580ccfb0f	097b59b5e2d1df00587bb3bcf010cf5372b562fa43166faaa2ded4111146e8ac	a3ddc671dd0a20bd5830c236416cdf666b2cd44cf86434e5ed7bcd1e29d2ff50	true	AXIOM-FREE	adf3b79a094406823ad866356d8efec8b819fd7b1e28c436559cfd37d9271bf4	5f9955197306413e6c73cc286373379a6d760dded75a4eafcd7606c5a3c57871	e473dde284cf630e6a06e8477b48ff93adeda78c551b777a24972a69e34eb368	false
Someone.Agent.noConfusion	Continuity.Admission.Agent.noConfusion	definition	someone/Someone.lean	formalization/Continuity/Admission.lean	140c0c40c5e19ab53802a41ebca8fa3c1f16a2a344c0b39b8398fe1166cd8800	2b3b3124edfc379acdd652dfcff5e10d66d57985051ce55acff6d37819c55649	0cf6130e9114388844ffb6d3c52eb06e571a8f0c5eb42d81df3e43cd7e6ed2d3	true	AXIOM-FREE	57ec1e9744b3a53d4041b58668b3e6899d91e78b1ec79f75845cd6939a8c99e0	7a367ffdd505ee88a02420d3087e35984428095c96dba16b97da173327673e81	994092b8118bf1fb96608032c65d27ff756a4191c64cbdda6a752ebb0f37f95d	false
Someone.Agent.noConfusionType	Continuity.Admission.Agent.noConfusionType	definition	someone/Someone.lean	formalization/Continuity/Admission.lean	c8b372de34c9422a6ae7d7b5a80ec6aeb20ad24af7e337c2ca97be2e81bcd06d	c41a5d3c3cee1dd81fdb17159bc396c9860d792c10c58fe942bca5f4ece2ab8a	f315ccf3e9f17e5dd5f06d853e1a7ae7b08add4e2aa619e5f166b7420335c697	true	AXIOM-FREE	27d92d7566da0b73d8caa437cf2c21682497dc92e4efd0b81559fc022f9a2cbc	172f81c40339d7937edfce121c464cbe37fad4a0189dfcb781fc1f71d3587e76	00c08338245543334feaddbac534a880242ca46c82b0dea63c46e2140ca690ed	false
Someone.Agent.rec	Continuity.Admission.Agent.rec	recursor	someone/Someone.lean	formalization/Continuity/Admission.lean	9c3ed3d357023c33fa40b803a0164f9b48b3c428cbdcf4738aec655ec47c7d95	ea25c6667ef29ca66d5ab6a726d5ef063a7478c0aef5866b55aa1322ed2fd2a7	3288b5f927e8ebef1405ba4a9e1332443bf6ec96b7c8424bda966ef96b985b70	true	AXIOM-FREE	-	-	-	false
Someone.Agent.recOn	Continuity.Admission.Agent.recOn	definition	someone/Someone.lean	formalization/Continuity/Admission.lean	f08bc3609d9e74014442b01aeafdb22b4e7f4946fe7955585100cfe5cad038ec	30d776714e4fa74cfd70f8f95c3fe9ea221760f597ddbc7f7ea4f6c298eb34c3	a9aa694fe87b4d606e6ffd88c07e4fee758b44ac86a40fc3e034f09e56f35a2c	true	AXIOM-FREE	ff054757cce3bc98308a59c60d9249cadf49c20abc3df5555f250a812c319a4b	4457cccc117f9160585586b331087ec06a542cae0ad6d1f1e886a092430c685b	8316f46c2417d36b636934d66e1fe03ea88c5dd77296604d5d7e57df5f1a4dda	false
Someone.Agent.state	Continuity.Admission.Agent.state	definition	someone/Someone.lean	formalization/Continuity/Admission.lean	bd40262b956af4452a0813659a1e64da3ef43e7153c5a6039feae80e96bdad1b	6c7c2ee1b8963eeb7bda8902bc582bda9a4249746f6b1e17356a7515679df6b1	8eeceb2778c288a3e774e64d46594a54256f0843e5f582a9000336ea53b2ee96	true	AXIOM-FREE	4325bc6811d966ec640a0a154d962143d6d4d4535966b30262c3aea9967c0d56	ded152c04a4b9b652b0a852ac960df56ac29160727c54e147eb14e8056e41e94	bd04f9bb8e9f6030190b0437c93becdc9d2e8f6753449b1ffd7af80aa895c686	false
Someone.AgentId	Continuity.Admission.AgentId	inductive	someone/Someone.lean	formalization/Continuity/Admission.lean	b4611575b2b62eb57ff8b514cf96bf01666158b035ac2fcc89065136260d1e05	b4611575b2b62eb57ff8b514cf96bf01666158b035ac2fcc89065136260d1e05	b4611575b2b62eb57ff8b514cf96bf01666158b035ac2fcc89065136260d1e05	true	AXIOM-FREE	-	-	-	false
Someone.AgentId._sizeOf_1	Continuity.Admission.AgentId._sizeOf_1	definition	someone/Someone.lean	formalization/Continuity/Admission.lean	2a1d6122bc18596f7d07637aa2e9ca0c4a5d84dd148bfe544475c2d06e0fbbc6	00060b2eb7bd0ed40cd693c4d4562ada54fceceb82e0304ba50bbca70650f867	b99cd4dfe8b96ef386671a5eec6767870bad4d94503da8732e88309c4dab024c	true	AXIOM-FREE	7afe2af0691b4dd9b7d9828637ffdacc7e39797aaaa6e08bca310cbba90781da	f98362e4e5c8aa2cd32ef73fb8be8680bc9e7fc12fcd377d539104822edde021	3216ff6fea42ad14b3a3ba11da2adf7569de8444f5b2a414ba092fc6820936e1	false
Someone.AgentId._sizeOf_inst	Continuity.Admission.AgentId._sizeOf_inst	definition	someone/Someone.lean	formalization/Continuity/Admission.lean	b9ad67fdc5acf850e2e172c68d05c636d56e90644f98fbea2b616598a6098726	682d5cb029153d225fe082a97356549aa843653fbbb407ee80feebd4ae410557	b9ad67fdc5acf850e2e172c68d05c636d56e90644f98fbea2b616598a6098726	true	AXIOM-FREE	8fc14ecc798f3bb7b444514ff510b9743b974b6951e3cf3e3657fd42893f791b	1439baf81c486ffc1964b7e7bc7de24ba17ef66b42740bd541167a12cb204702	4bd97bd69eb8a0e3b3814d27d083a7ff8647940ffa3e7840b4652ebae9578088	false
Someone.AgentId.casesOn	Continuity.Admission.AgentId.casesOn	definition	someone/Someone.lean	formalization/Continuity/Admission.lean	0fb79c333ca9622b5cdecfe9d0ee298d0897674b6f51bfd5c5cc17d9a751e801	8d73e1fd51817771d98e167f5e63efd457627432f9c1dfd2f12eab22e96a8b33	7383c250c93bc48be4e350ce8fff34504dfecd281be89e004ed6ba6ff1ab3a33	true	AXIOM-FREE	1db0cf3302da24252796696c6ac4eebde07ad502530d083431aa114e407a9e53	6250cde71aafd44f9f0d553a24eb161a6b0b1dbdb89f66cb209fedcf2031e598	fbbf9153a7cecc39b5a144db212879822621b3ddc33c778bf58ab8549ef138c6	false
Someone.AgentId.ctorIdx	Continuity.Admission.AgentId.ctorIdx	definition	someone/Someone.lean	formalization/Continuity/Admission.lean	2a1d6122bc18596f7d07637aa2e9ca0c4a5d84dd148bfe544475c2d06e0fbbc6	00060b2eb7bd0ed40cd693c4d4562ada54fceceb82e0304ba50bbca70650f867	b99cd4dfe8b96ef386671a5eec6767870bad4d94503da8732e88309c4dab024c	true	AXIOM-FREE	212e170bb490ba946686a64509fc1c92c9468df0aadb7bc46bb0b04ec6fd40b9	213d0f6c8b435d678384e5fd1e13caf49f89a33746d67f9f3843f73e64a3d081	510584451dcb3a3c6f923b185572b9c04607c98f3bca2e9aa73d0a8fade560e8	false
Someone.AgentId.mk	Continuity.Admission.AgentId.mk	constructor	someone/Someone.lean	formalization/Continuity/Admission.lean	be520bbd48f2b48ec77026f0e32f373ac243b92f0d99c60e1ead1ccc8f2b4248	8555ce0e0040596417222b671cc3a80a2b80829066ff7b3f8c6d0f1c625e6b19	baf0a6745f19312be8b64a815e0367e555cf1bc8bfdead14616d755bcca95d30	true	AXIOM-FREE	-	-	-	false
Someone.AgentId.mk._flat_ctor	Continuity.Admission.AgentId.mk._flat_ctor	definition	someone/Someone.lean	formalization/Continuity/Admission.lean	be520bbd48f2b48ec77026f0e32f373ac243b92f0d99c60e1ead1ccc8f2b4248	8555ce0e0040596417222b671cc3a80a2b80829066ff7b3f8c6d0f1c625e6b19	baf0a6745f19312be8b64a815e0367e555cf1bc8bfdead14616d755bcca95d30	true	AXIOM-FREE	4a27a1714bd35bbf7ddc64b22368b6b3c30895150dc4ee761666a9d4850f1d3b	f4b056b9313c06194b2a8eec8f8212ba6163c7c0d69e2ec82a0215d3cf6e6a44	abcbb1f241886d7ff74221f280986086ac7b510e58fde1e4ecb506540680eb0e	false
Someone.AgentId.mk.inj	Continuity.Admission.AgentId.mk.inj	theorem	someone/Someone.lean	formalization/Continuity/Admission.lean	547bd66936b0b68a79caf8a7f51d67f8506162be8a3981238b89656868112ca2	86c3ee4969c79abdaaffff1e496c1397eefe54c0097ed95c4fd44e75b66cb889	967fbb23a37a3a7d4dcd53b619d1f5fe35ad325db434d5013abaecfe790b7058	true	AXIOM-FREE	8d7f9dbf120423b631a388ccf5086f010c46af55164e1ed2a5758d536838162e	1ac22e6237174ae33a16a8097c5f971c4e828fb60aa8dbe2ce189d18b6bdf23f	ec6c401d492c406b811b29986adf0a2dd05f56a8ce2b3f00a710e16df6ac668f	false
Someone.AgentId.mk.injEq	Continuity.Admission.AgentId.mk.injEq	theorem	someone/Someone.lean	formalization/Continuity/Admission.lean	c28e16a6ab71cacdd1ad6aff4ff0045a8c4fa24a86cb413674d8a64bc2430173	e0f60c725e77e18feaee46059671fc0e0525c932054dfc0b707195abdb3bec34	5df9cef4afe724e702a21a9fc45fc10b8c4237b122286b9ac0ba75a0ba03bdcb	true	[propext]	05996081483c2cd3be62bff96b0a7e676ac05524c216542d41b35259639127d6	9f31d9215b1fc9003457dadca270dbf067bafc9ec963f374cd1b45a47f4bc680	c08ed29206a63bb6a040cbc4ff227cc5bb6292f2c2e8917129ccd7f4aaa70e03	false
Someone.AgentId.mk.noConfusion	Continuity.Admission.AgentId.mk.noConfusion	definition	someone/Someone.lean	formalization/Continuity/Admission.lean	688ff69816b07665729ca82fe096e36f4d427aeb2d2c774bb14ae5d0e8de0de5	2ce184ac1a1168549c96e656e943cea067be63bc05a9c0c0ffefc3536fddfd74	8eda89e9b9b967795c269235f560f25bbc3f8d75806d00856f8127fb40709505	true	AXIOM-FREE	6a4da968cb6c37baee6f296492bc3bea26e140bd4c6d4523a8a2e7b4d0cac842	3cdb589c95eb1ae2e619debef0c547e709c61427268f39ab357e708be10e172f	7068fecf34e643e571f7276345324772af325afcfdf8b183e6dbf0e3e018438c	false
Someone.AgentId.mk.sizeOf_spec	Continuity.Admission.AgentId.mk.sizeOf_spec	theorem	someone/Someone.lean	formalization/Continuity/Admission.lean	f794f169cbd3258b3ec1e977408ba65046ab3367508cc644463803cf490a4dfd	606975af47b1a104c2cdb35580d200c7e4f680e0aed1f4602df77c81b062f98d	3c29ea9fe480d82b57ff3e2da13866ea6e49d357f770d5a08c3bf83b3530b637	true	AXIOM-FREE	00e70fa0405bb3b731583da3a1cf009b8835ded89e5d51fe5b37c72f585b28c1	00e70fa0405bb3b731583da3a1cf009b8835ded89e5d51fe5b37c72f585b28c1	0c19bf47319548351edbaa17796d06e389f9081418b30bd51fda7899873e9a07	false
Someone.AgentId.noConfusion	Continuity.Admission.AgentId.noConfusion	definition	someone/Someone.lean	formalization/Continuity/Admission.lean	0531ac78a9e411cada20e790f9e0ce8d6422eda9349b83d84c90fb326c582069	86e83933045168769dbfb5f1db1dd53f0be96ad3cd9e13c3001b0d44b4f76123	68d83b0fb1011b1e67341575fb37afb6c3933ef8daefbcbad8b17555dcd08d99	true	AXIOM-FREE	a682d9fa6716e36b4504664b3d28cff3298a0533d1559227780331a7b87e0760	0c656762c0716bbc12b07cd852243b714790ecbb7d1f568e227bda5c86ad840c	bdd7b2bbafe44c0aa2fefb98ed13650caa8c5ad44d9dc75b21aeda5c4d60b788	false
Someone.AgentId.noConfusionType	Continuity.Admission.AgentId.noConfusionType	definition	someone/Someone.lean	formalization/Continuity/Admission.lean	c2887876ecc14dc0783c60daf929581ee1b884a3d3d259462060e15da7440714	d4b37e0c68c78b21d042a3fb6309cfeae076367834f8aed25a96737948f7df0d	c2e8205848828133ba04819f46073eba26a82a1fe1aa4e5620a44c16b7b5c455	true	AXIOM-FREE	68caa171d869dc4957ab8041cd5c9634a046f98b2b59c4efa55b5405848d3bd3	442a7638140efb56da1d6cd52b72ef58f16878264c4a4dffa6b635943e66a7c7	a7014cfe124b563b148d413e90bc816ca9309acebe3c58775ae89fcbff637ce6	false
Someone.AgentId.rec	Continuity.Admission.AgentId.rec	recursor	someone/Someone.lean	formalization/Continuity/Admission.lean	6d1550186d19cafdd143a8fff70074396004badc0e0202a56eb170bbc5f8bc07	8d6263eb03ec28e3be0bf79d3c5bc7fe4bc70de0bfbc2d9c3b2cdfcbd5f72cb5	3096f53cb8b279c4607f6153ecac2089fd2592c045aa415968f4b6b49e1ff464	true	AXIOM-FREE	-	-	-	false
Someone.AgentId.recOn	Continuity.Admission.AgentId.recOn	definition	someone/Someone.lean	formalization/Continuity/Admission.lean	0fb79c333ca9622b5cdecfe9d0ee298d0897674b6f51bfd5c5cc17d9a751e801	8d73e1fd51817771d98e167f5e63efd457627432f9c1dfd2f12eab22e96a8b33	7383c250c93bc48be4e350ce8fff34504dfecd281be89e004ed6ba6ff1ab3a33	true	AXIOM-FREE	bbb1bd7ec4b578f211626408db49c1bc328b6fb0ba153a113da281165f59bd7d	8739391c14725551503245583942d10093ec766890fe6a574c030a065bd1647c	e3719b6dba29055d77012575e133ddac75b54b3083efec8487972a49a324ac5e	false
Someone.AgentId.value	Continuity.Admission.AgentId.value	definition	someone/Someone.lean	formalization/Continuity/Admission.lean	c1c6c6723eca80de65d298351c8273446a4e7240844703edd695fa6f3d472861	fd38b027dd4f065a36e167d8e61afc831b73b70c161ecb2fbd070f7c7243c625	3f349a28fdc9c161d250eaca7cbc203b6a3a06418bc7fa38dd6e6fd2c937c3a2	true	AXIOM-FREE	59144d112659538513b0b021fc413c6e5ea37b44a8899cb9216d6525d1cce955	5ca8b61dddf3dd7273c31efe579b3b3b13173f7e5cc646b448fab3c6d36f558a	2ad820925f7e9af7f033933a4b7b85b87d1eb5c0c6c9bb69ec7410b2d97e763a	false
Someone.Candidate	Continuity.Admission.Candidate	inductive	someone/Someone.lean	formalization/Continuity/Admission.lean	b4611575b2b62eb57ff8b514cf96bf01666158b035ac2fcc89065136260d1e05	b4611575b2b62eb57ff8b514cf96bf01666158b035ac2fcc89065136260d1e05	b4611575b2b62eb57ff8b514cf96bf01666158b035ac2fcc89065136260d1e05	true	AXIOM-FREE	-	-	-	false
Someone.Candidate._sizeOf_1	Continuity.Admission.Candidate._sizeOf_1	definition	someone/Someone.lean	formalization/Continuity/Admission.lean	a8b04294313248ea233803508bdb823da0e33d033adcd48454109405e5ab707e	190e277a0a70c4495d2f0c9b676333ec79ec9caf9db8e463129d6ee61ad668e9	1dbe4a216e95166baec9ce03f834e8ea4e5273cedc0b41c2e08c03279b7e5604	true	AXIOM-FREE	f8eda9879890d116e0cffade378cc092ac6bf0fe06a9812eb3349ad8a0d875f0	a75e42fabe8675c0f8ed599fe20cfa3f514371f1846824da7a93acbf5c8ec153	79fb41c96978df504920c17e4037941a6310bed4c3ba534df15dbcd058c1f8bf	false
Someone.Candidate._sizeOf_inst	Continuity.Admission.Candidate._sizeOf_inst	definition	someone/Someone.lean	formalization/Continuity/Admission.lean	5c2a5d83706ebc3edc781b733cbd4f7bccf1c08640a82e8310638aac03598642	59d7a78c6cbfb9d6e8cf4a6e253bab571270cfa151183dd9f546406371379d61	5c2a5d83706ebc3edc781b733cbd4f7bccf1c08640a82e8310638aac03598642	true	AXIOM-FREE	efa1b8fa73af7f1c7f86d59510597f00a32431e85dbfcaaeb22b2b45fd317129	bdf9f9f74cd9f1b92ba1893b0b33b813b2ac5bfd68f56046faa79a592f44bbcb	1c868cef1a92a15e6ba41468a392e8c8e8d2993e47cb7dd38c1b1511d768d416	false
Someone.Candidate.basis	Continuity.Admission.Candidate.basis	definition	someone/Someone.lean	formalization/Continuity/Admission.lean	c82de8734b544ff53b3c715b1ec7d8b85fda05b7dc9d621faf1a9a1ee0fb03e0	fd51b40d310e2297ff79bd1dc2cbea300e6e80d5d59d5007fec0e66635d6295b	5f774a7e8ecd34f4a222a99e7afa2603135fe5e68597b457b9e8251d094af35c	true	AXIOM-FREE	b1592a7df4237b559954a0ededd29e39667ca80209360541e02960cdd3efbbd2	bfe9d746d014ae70069e94e471ae10ad56a03898c52f5113385b3b014a46c5dd	8009fb9341868ad6ace31596004f37b2259d6efe62a8242de27464b4dd71d8f6	false
Someone.Candidate.casesOn	Continuity.Admission.Candidate.casesOn	definition	someone/Someone.lean	formalization/Continuity/Admission.lean	4b99099ace78269722823835de44141f2399557d8c04d0542238e8bfeeb0de45	a6c5175b73b88da7321259f1b321aeb88153da2dca2715c45cddf349ae94c239	6fd93b34ab16ffe7ecef4f94a23a26c0fdee3577556623b79eb59a5f20a4b61b	true	AXIOM-FREE	103869c70f858582da734b6a9001e0022a5a55927e95a8d3b037e17fa995712e	1e6e722393ed77a20c3179f6f0bf2b1c06ef69bf5f3e3a67ac3fd93235e3113e	c1d2bae6ac1777c50a461a897ce74842ab04fa25ca09102bc423c81047ff8fb3	false
Someone.Candidate.ctorIdx	Continuity.Admission.Candidate.ctorIdx	definition	someone/Someone.lean	formalization/Continuity/Admission.lean	a8b04294313248ea233803508bdb823da0e33d033adcd48454109405e5ab707e	190e277a0a70c4495d2f0c9b676333ec79ec9caf9db8e463129d6ee61ad668e9	1dbe4a216e95166baec9ce03f834e8ea4e5273cedc0b41c2e08c03279b7e5604	true	AXIOM-FREE	7ba9ce1d40eefbed58fc9d4197d694562258bf4f4813bfef8060acf91a508c53	110cd657f7f1a5b18449fed29711f775f38eb1eb03f1561e520877bd9f091236	1c94595f529bb475e1cb47a63c6c6f471a379f73736bf6e63fd9446e6029fdb7	false
Someone.Candidate.hits	Continuity.Admission.Candidate.hits	definition	someone/Someone.lean	formalization/Continuity/Admission.lean	a8b04294313248ea233803508bdb823da0e33d033adcd48454109405e5ab707e	190e277a0a70c4495d2f0c9b676333ec79ec9caf9db8e463129d6ee61ad668e9	1dbe4a216e95166baec9ce03f834e8ea4e5273cedc0b41c2e08c03279b7e5604	true	AXIOM-FREE	1600f01e986bb9a793bab7abf7d1d10e496fed2924406b40eab4e031d4574331	2cb9de72eefc33e675f4f6e4d9c32824cafd146e8ba18186778bf53b36163e47	38ebfcc522ebd48f6fe3da97cbef564bfd4f9ea2b6e86667296ad9b52501aab8	false
Someone.Candidate.mk	Continuity.Admission.Candidate.mk	constructor	someone/Someone.lean	formalization/Continuity/Admission.lean	1f36f30c80f2e3da2a4aba61e1638a0124e935437420345e77e7cea76261ce80	115949654672f883ba2c63b7a696c064db9985d2a387111a26b11b946bf7fbf5	3f99b9f0535828ebdaf7a0b2bac570a3d8aa8fed743ede883c18d7a09cd7f293	true	AXIOM-FREE	-	-	-	false
Someone.Candidate.mk._flat_ctor	Continuity.Admission.Candidate.mk._flat_ctor	definition	someone/Someone.lean	formalization/Continuity/Admission.lean	1f36f30c80f2e3da2a4aba61e1638a0124e935437420345e77e7cea76261ce80	115949654672f883ba2c63b7a696c064db9985d2a387111a26b11b946bf7fbf5	3f99b9f0535828ebdaf7a0b2bac570a3d8aa8fed743ede883c18d7a09cd7f293	true	AXIOM-FREE	64cf560ed4ceafab158142b380a669265411caecdd395f90dd61aa8544b504d3	290c9133c9c80bb307653958f87ef8c080f6a992d23dbe99600957ced6eb1d08	f5a8f9a0ac3955c696c18547fcaed6fefad9058336b900448824c74497d1d5c3	false
Someone.Candidate.mk.inj	Continuity.Admission.Candidate.mk.inj	theorem	someone/Someone.lean	formalization/Continuity/Admission.lean	081fa74bbad540a4250128e1e060544f84e4fbda3851f254208f0f0b286e2d41	2f02dadaa1690349cabf9df39475c60421bbd400384afd5b0ec5ecec85d99f41	c409d6bf8740a92ea43bdac15f5dae64d52173ea92a2fb96748bb4dcdf088fde	true	AXIOM-FREE	a5dab16e82994d66ac993e823270d3f2ef9f38c1498928137fab06030bf50907	1fcf8e5885fe08434b5b9473319b37afc9c0eecbb975703befcec00005f87542	92904517794d3f6587e40df7946d1c482748ef4a09fc4acc78681058fd8c1164	false
Someone.Candidate.mk.injEq	Continuity.Admission.Candidate.mk.injEq	theorem	someone/Someone.lean	formalization/Continuity/Admission.lean	1e3d77bd29686501bcce58c1849549e445af616fb04828e032676b7379ea651f	d201c4debe12912fa99933b34bcadd5a4fe4a556ff35cf1fe55cdf3a98c5adf2	aca83e7aca91785b9b8e0cef3e364da16a9bcddfc57642dca2c363bfc88e5f57	true	[propext]	77cb6a1e9393769a3b24b3cefadd80d3ccce2c8b041a5fc6db6c69dd0a677ab1	1d33e8ddb250d8a0e6c7d892ab8c13b74ec488b63b521c38710b1cbef89ad9f6	129a5bdc6c278dc25eb3b3a19ba3397201898accee0b1cee663f8003c0a38635	false
Someone.Candidate.mk.noConfusion	Continuity.Admission.Candidate.mk.noConfusion	definition	someone/Someone.lean	formalization/Continuity/Admission.lean	7ccf727a504781330137ebe82702b83b4f8c0985b967db78f86aff718f76ea3b	5fcc717b206c55aae4382941c05b4c94e6734a6051de19998d977351168e1014	00881cb99ac1d075fab62efc80b9666f06f1b53bceb8898b4cd2603693a9a31f	true	AXIOM-FREE	f4a5ffc73f5a30d9ccf09fe54a9614ef4158da43969cd990421f7dc72aedaae5	240d12fab437341d5bd58ee3ab78daf462d158e49a445fcd8d68b7424ee8bf93	3bfbeda18fdffbd8bb69198af99c77013ef95f540e5a40d1cb0ff9d39e355057	false
Someone.Candidate.mk.sizeOf_spec	Continuity.Admission.Candidate.mk.sizeOf_spec	theorem	someone/Someone.lean	formalization/Continuity/Admission.lean	fa1c97b4852cf91bcb3703205cb916f1757af1fd165e771804284031900e00ed	7aa275459f1870c1aa7125130bd534d25b5bbd38a73fa67000444ba166f31ca9	b2167c3e29fee8a000a31f200286dd717fa9b3b2cc50c44485c9009c8aeb56f3	true	AXIOM-FREE	debe291f325f5355db8c95b9540d19f535508cde539775146b2d64fe61b4d9fb	9387613d82247e20175e8d5d47b9017c540d8fc8de16ff1a85c9e60f5446c7e1	031df40ee4b0791400f632f97c625afcffac032807c659fdd9877c867f858ccc	false
Someone.Candidate.noConfusion	Continuity.Admission.Candidate.noConfusion	definition	someone/Someone.lean	formalization/Continuity/Admission.lean	76760869524af8e18b0cf5cf5f6ada13b310347cc7743affbc5f08466463e446	9d9fb278065315c294d6e5019545f8ef6a0f16fd98a79b2ee0b08f6f702ae5af	fed5f452ed4ac20eeb74a369770c188f0362f896feef9188e5db7e29f177cba9	true	AXIOM-FREE	a21d92f6b3d1d30d2f0603ae85cf9e016979c6e9f97d0c2c51f5085395a3723f	babf9b195f71ca8d987c0deae7bff4b6ba4e817511f51620e52720bca23a3e46	2737f97c121b66cac83c4935c0a9c5da70faa678b27dd1347dd0f5113d2c487f	false
Someone.Candidate.noConfusionType	Continuity.Admission.Candidate.noConfusionType	definition	someone/Someone.lean	formalization/Continuity/Admission.lean	d87eb2e7f9c91165448c93947889f5abdf7f7abd49699569872c9a0fc3a28b3b	29eed17e5b52cee3fe1d878a5ded9490ab1ea76bd877abfe6f0cb55dccfea547	e9a805738682ab685069af819b4f2ba83334ac69f3e0b884d863c19bb2415ac5	true	AXIOM-FREE	d1a9965f5b2a5f8aed140290708986ae530a3177aa8e2840bcde008d17adf8fe	f808f4fe54a147837729c03f03b229f161411be0529333c33e79732f766771db	5a2f4cdf9df1bccea2894c922d798d0bc2a4ee004870917f1be810b08fd24c45	false
Someone.Candidate.rec	Continuity.Admission.Candidate.rec	recursor	someone/Someone.lean	formalization/Continuity/Admission.lean	5cd2178a2f144c157524ff336d2bab3052d622e6e9c9881d936a30dee4ae2b86	903f1d6d05d1f69dfe1baff2c3effb61c46b72767db5e653990f210145df57ba	b6c0e57aa050b2b03259b5a25481f59ee79ecb137b98c4b6a3899664c642b7f9	true	AXIOM-FREE	-	-	-	false
Someone.Candidate.recOn	Continuity.Admission.Candidate.recOn	definition	someone/Someone.lean	formalization/Continuity/Admission.lean	4b99099ace78269722823835de44141f2399557d8c04d0542238e8bfeeb0de45	a6c5175b73b88da7321259f1b321aeb88153da2dca2715c45cddf349ae94c239	6fd93b34ab16ffe7ecef4f94a23a26c0fdee3577556623b79eb59a5f20a4b61b	true	AXIOM-FREE	3ffcba88b98ac522f0a14ef83c700d886c3db2d86ee70a4630151d277d6d5f65	68d39e76e52f1074cc8ad0206d1c3a200354e7096b49cc3c38424250057532e7	28ec83076de1f9c859772b6633eeed1e3986a50ed5170de050116b3e538327ef	false
Someone.Candidate.reviewed	Continuity.Admission.Candidate.reviewed	definition	someone/Someone.lean	formalization/Continuity/Admission.lean	0d11ce45ce900e4d4580f70c46a5d4ffad3bf74cca628c6d0faed60b2caef27e	751a518d256e39a151c98bd94499c8de399bb856cbde127a009495999687bfd6	09282aba2bbf1d7da650736f102a51ea50035d34daee427b56cc181b99441102	true	AXIOM-FREE	cfec69df4d12ac9f935373c5be48b68b4b2c9af3ce252f52a36af541168e7dfd	278ead8468b7b2b70d282c573f3a9633a15930931ddbde148e8760d7db067258	8d9964b9c79431c3fbf5f667feafa69f135166ee4b419f612ff568a1d07f1fe5	false
Someone.Classroom	Continuity.Admission.Classroom	inductive	someone/Someone.lean	formalization/Continuity/Admission.lean	b4611575b2b62eb57ff8b514cf96bf01666158b035ac2fcc89065136260d1e05	b4611575b2b62eb57ff8b514cf96bf01666158b035ac2fcc89065136260d1e05	b4611575b2b62eb57ff8b514cf96bf01666158b035ac2fcc89065136260d1e05	true	AXIOM-FREE	-	-	-	false
Someone.Classroom._sizeOf_1	Continuity.Admission.Classroom._sizeOf_1	definition	someone/Someone.lean	formalization/Continuity/Admission.lean	d7c774c3b2f0b6488ee8174269b3144840bad09b7ac3602ea4d54438452657af	9266d523e30c47bcf70468e4ed0a70c9b7bfca85e99773e844a348b95cbffe30	956e81d92204e8b9537569da22c3e3d20e8ac9ed005f72d142193c223a6d07b3	true	AXIOM-FREE	b8fe7e9e139e12ebd8d231142832e9f894dfa7cdf00e44cc8bf0a314891b68be	8d343dbedd07840551ae44908e25f99343cec761cead8707f408d992319e9b31	047b40ca9baa6ab7866fd5fe4d04c04d69e5c8ced96ffb7cf22bb0ccfa7249d7	false
Someone.Classroom._sizeOf_inst	Continuity.Admission.Classroom._sizeOf_inst	definition	someone/Someone.lean	formalization/Continuity/Admission.lean	8bc8375bcfcf47d0ce51cc33102d04db1eb15091694f54eaf71dbdaf8054cea4	9b1400cefcb239a00995425a69ce4fcd33b4593747d480561472d4c1a5db5b4c	8bc8375bcfcf47d0ce51cc33102d04db1eb15091694f54eaf71dbdaf8054cea4	true	AXIOM-FREE	18a767aa127e0e9315544f1ff573855276137e517665634398e884ad477f7692	08f68637726d869c144863d865e6a31967c4c39a23ea82554a4f794c7d0db729	439c306e47ad02133ebde86e49d711c4a5775ba4243e6e1fb22de9d6885ed804	false
Someone.Classroom.agents	Continuity.Admission.Classroom.agents	definition	someone/Someone.lean	formalization/Continuity/Admission.lean	d08cc9f4f7e002a2e15cb4328506e30b35322943d2662a9935450d5d1798da91	009b923b3b3b79f79ae26d4a46233b5622fc8a2e14891dd6e00716738ffbb91e	0428993be800f44abc01ee9db476e48588cb2b97e8f3740060ad8b77aa078fbb	true	AXIOM-FREE	e89763930f0544ad11e7f7e49b72a989453d1b9314f62da88f9c45c6f1daca45	61c5817dde0042946a0caf1efc807d3034377b0bd535cb0a7fd5a36ce981d743	819393e33f96078671ba29155a1436604f6c767a83a7f0ae2961df48272fb290	false
Someone.Classroom.casesOn	Continuity.Admission.Classroom.casesOn	definition	someone/Someone.lean	formalization/Continuity/Admission.lean	a517b91b4526e9c276caf66b76346146f6cca78e1f8032165b967687351410a3	ba2c49dd6fc573ac56d16516731f1d80564150dde519e088fc569e60e280d179	0c354db76df7129c89a11fae04cc25989df611cd6ac66a0a766c94a7c9a084ce	true	AXIOM-FREE	2a64c9d8c22faf15be290211722d892892c702c82069828fbfeeb661f7645191	6b30e79fb5be91e6673ae68c67719bb80796230d3b860c6965c17c685910f713	ce7922fbabe0ede273135d9aee796678f04146ebd31f37191880f8fbfed82e5a	false
Someone.Classroom.ctorIdx	Continuity.Admission.Classroom.ctorIdx	definition	someone/Someone.lean	formalization/Continuity/Admission.lean	d7c774c3b2f0b6488ee8174269b3144840bad09b7ac3602ea4d54438452657af	9266d523e30c47bcf70468e4ed0a70c9b7bfca85e99773e844a348b95cbffe30	956e81d92204e8b9537569da22c3e3d20e8ac9ed005f72d142193c223a6d07b3	true	AXIOM-FREE	b708c606c418ac65c10393d8e9f9c8ecc84a7c59e1cd952e88acc7f29367940f	db962b9a9339ccc78b73b93d113eaac87b87883f7d09bda2dd86c18ef68cf7c4	9748ab85e3667434fe0bfcec0eb35ebe6be434a0cd926dea2b22a52ff55e3a4a	false
Someone.Classroom.mk	Continuity.Admission.Classroom.mk	constructor	someone/Someone.lean	formalization/Continuity/Admission.lean	96bf1f19ac591cfeab938001e1624c30f30059394389c6245c86df25eb42847a	046112cc181f228d3ea79af95ed8a37a964cf9e987e0ae7a28974b028fe9275f	0cc13f08a0ef96f29bb9facfb1c02893e6559e7d92ab3de8a178bec57cafbbad	true	AXIOM-FREE	-	-	-	false
Someone.Classroom.mk._flat_ctor	Continuity.Admission.Classroom.mk._flat_ctor	definition	someone/Someone.lean	formalization/Continuity/Admission.lean	96bf1f19ac591cfeab938001e1624c30f30059394389c6245c86df25eb42847a	046112cc181f228d3ea79af95ed8a37a964cf9e987e0ae7a28974b028fe9275f	0cc13f08a0ef96f29bb9facfb1c02893e6559e7d92ab3de8a178bec57cafbbad	true	AXIOM-FREE	3e56cdd654d47d784be6f83f03611e425bd8b592cbb58dd2c228ad1d87d04503	b0be17a30ffba3f118a06f27c7fd8aa80e86fb0363c2a898a109d7baf6277b96	947a717cd586f1d3747c089c37e534275a07ab658b1acdd9a4442c2bd13bbaeb	false
Someone.Classroom.mk.inj	Continuity.Admission.Classroom.mk.inj	theorem	someone/Someone.lean	formalization/Continuity/Admission.lean	12656479622b82b6970f0511d78b56884901b8ae7b29b4f8b34b04bc5eac41db	4eefaa50747f6414f72da004c7b0b78553c9ced3580160b654e68716a5c24300	6755822528d4a748372b7bea7b95bb27e5772c1ff6c57bf3e929c07ef45d2980	true	AXIOM-FREE	f04a99a7c4f6fa29a063146c40f7442784320125e8cf915552f64f0dfda655b2	4e7c9de0125bf12af042275523dfb41c8dbc5982fcf7933c051a9f7edf37e6ba	dac12681d5c2b2c78ed68ec34213877303565d7516b3361755e387a74794a06b	false
Someone.Classroom.mk.injEq	Continuity.Admission.Classroom.mk.injEq	theorem	someone/Someone.lean	formalization/Continuity/Admission.lean	29191ca3c7d50e116647f6fe89bb0846cad42ec93a85bc2f5a35238a6d48ce10	205004980a160014c8bbd206d5a4ca8c786c6e0a067823ace9c1160cda23bd84	91579e0e53f744f9f86d38e1098c6fc1b04fd897125dfd0521b7ae0470a7bee5	true	[propext]	87acdefc6aea5d53933278efb9db01813e043db31fa313471d24042bc2dedcba	99137fa63e18321d1154097b1f30661cee8b88946eae9cf17df8af51e5aa3534	02d250053b9857a32947a6cdadcf97d4b04e7c83c9ec2af5d6b54ac02de963d0	false
Someone.Classroom.mk.noConfusion	Continuity.Admission.Classroom.mk.noConfusion	definition	someone/Someone.lean	formalization/Continuity/Admission.lean	9dfd01ca47852dc986b009d5b15e53790dfbdc39b72c9bf0a35d8d3ca0041e37	72287c8f43a44963ef983d3b5300eb41a31fa3a23655c6a18d5775f50ab34e77	61c5b74ced84ab869bd67b9605a5f6a169571eb725c75716406e70420a2b42e5	true	AXIOM-FREE	58ec51080e8fe4ff6ee0b33f2ae02cf9c4a374ba303264defeaa37219e597472	40013d7256c68da7ddbe2a5f0436eb736a0b3abab51f40b0f800eb653a75bf62	60ef1ae6bb9b083bd2e220d57e1161c502cd6d7129d0761e719e684681c7d104	false
Someone.Classroom.mk.sizeOf_spec	Continuity.Admission.Classroom.mk.sizeOf_spec	theorem	someone/Someone.lean	formalization/Continuity/Admission.lean	3729e682ae17fea30c987600e427a33368e04ed92b5b46ea601fb3a93e04ea80	3cca79f3599af9cd14e1b0f6ecfa6eef4237453fb0ee5dc5e239d6c604de2679	27e45011454739536950af2912bd229ed2d3471c3ef91a773c9933a2dff82cb5	true	AXIOM-FREE	e9c8f9ff1c02ff74a2fd5a80c2eb5025c3ae635df01b971af7e29cab62e92e78	d80a0cae8c157f27ad3d1f85e323b42ecb633ebd4117040a4c0eeefbc50f7c9f	0fe3658fe7339e48873b755463e77308e03116808d10b2816f29691b3e80d452	false
Someone.Classroom.noConfusion	Continuity.Admission.Classroom.noConfusion	definition	someone/Someone.lean	formalization/Continuity/Admission.lean	bebf05fc156d562ac2dc363b0c674fe909ca06292fed76b3b46057923d19a1e1	1ac6ea1f237208202567bf314985a3109f747ec5a219a44c92654a9a118bed5f	025e4f3f830c87f7318eb9defa5aab9c37a5c069690b47bf650e25ec34377518	true	AXIOM-FREE	18e2d770f84170a680c3130bba63021befeadc97855dd63cc35bdc5e3bc03298	97a6b24a4e7b6ae03e7f23177435e0a0e4115d5f3541f60340786d129f8409aa	91b227edb2a2460c2cbe59f2e6c6fa5bb5edc8dd2bee3d5142d091589451636d	false
Someone.Classroom.noConfusionType	Continuity.Admission.Classroom.noConfusionType	definition	someone/Someone.lean	formalization/Continuity/Admission.lean	b77b487d9ce9feb2fd266761fad206a551b4a380f2ba2a309a69980ef3f6d6d1	bbe7726924d4515dbc31b39618e8b49cec86dc42c115045a8cfff311db9e1157	ffeb66e419422af8a435f391ae6cdfef670e78d0ad9735209f3f33a856c88cac	true	AXIOM-FREE	c1cdd72f754c88f7fd21c92c31234fac0f07ddc2f2abec201c4cc3b3c221d00a	c4cacdda915af32f839ba92b697bf134a1ab2644ff477c4c4f47545b48aebbfd	754469374265b5f4952081f2423df9471bb5dcedf079b734e9bd8177f0626734	false
Someone.Classroom.observations	Continuity.Admission.Classroom.observations	definition	someone/Someone.lean	formalization/Continuity/Admission.lean	6b21e5ee38ce225465582527f899c38318c6445b58db65ccd384b24b1669798d	bd5aa731b53393733c92dfbf2d1914bc066167a6842b57a5aada75b55de42d4e	d81bdbe02e5c51f7b22833c8fca178d3b117a891a28978a089d32f07708c21b7	true	AXIOM-FREE	0c0edd546914a5573fa48b354e62664362c4543037b6fce8110d5aa082d79ea2	ab0a6bb69cf8544616e030602294fa3d3cd4f9bc73b9eb48b24b7c8506542b0e	9aac44f9ed7ca0ed40f8e0ddabd6133436a99607f8b2de86c12658ac6b8cfd23	false
Someone.Classroom.rec	Continuity.Admission.Classroom.rec	recursor	someone/Someone.lean	formalization/Continuity/Admission.lean	e5433bbfe3d431fddea580f71b87639cfe8d0f7ea0a0b240ecea26079632d470	23310c4f13fcf02500ace45f32389174a8f9e5b84b600c3ec8b84e5ef42a5830	3702bd281424037ac63404dfc3e337849379443d100fffbbd5d98b245a286323	true	AXIOM-FREE	-	-	-	false
Someone.Classroom.recOn	Continuity.Admission.Classroom.recOn	definition	someone/Someone.lean	formalization/Continuity/Admission.lean	a517b91b4526e9c276caf66b76346146f6cca78e1f8032165b967687351410a3	ba2c49dd6fc573ac56d16516731f1d80564150dde519e088fc569e60e280d179	0c354db76df7129c89a11fae04cc25989df611cd6ac66a0a766c94a7c9a084ce	true	AXIOM-FREE	85feb5a60f38e8dbc95cedb3ad7b201999d041e5aad7c13130a6df13590a31ac	a24430b3755bdf7e94873cea74259c6367a4ea115df3af4e8f5c7c5b356f6c8c	010d3934db470aa79382c5ec1b0a30d42ed15922bc388379871614b06aff9594	false
Someone.Coherent	Continuity.Admission.Coherent	definition	someone/Someone.lean	formalization/Continuity/Admission.lean	f4f2a1bfae06fb559f64146c5ee03c66c0e9ae497d2af934f7745600f40199b5	a294033c8f249b335dae7623133b51fe7209dcef530c2f51954bf42a36a176f8	a8d0ed238fb271776b7450fb9bbc967f62b97016157a8b98dfadd98e29ba38aa	true	[propext]	e07256a3904e9bb3348e3ad1b34fc8fca847096269800f6d9f35c9a964991c13	dbee56c3c7eed59ea7cc3ca5a63210370091a1b3e1240af9d9cb15bb91ba30a6	fa7bb748fb3ea358a4c3d3e78f2c615013af840eb46ebcdc0a29a420b45b3171	false
Someone.Coherent._sparseCasesOn_1	Continuity.Admission.Coherent._sparseCasesOn_1	definition	someone/Someone.lean	formalization/Continuity/Admission.lean	56afee061e86b73fe0447a6890ae73ad5fadbb9768a85171533eb9c199d30de6	56afee061e86b73fe0447a6890ae73ad5fadbb9768a85171533eb9c199d30de6	2f5b8b55470b8afe1af50b9540f708389c5449f6bb2c39f07acec858968e137a	true	[propext]	1cb83a28ef5ecaa9e972f9ce1f40a33d26cfaf2bb96ecef60b71a2eb4a3aa711	1cb83a28ef5ecaa9e972f9ce1f40a33d26cfaf2bb96ecef60b71a2eb4a3aa711	7933b5ac37fd59baeca6fbeccc480f3b39bf4de5e274d1b44cc36daf404d1e4f	false
Someone.Coherent.eq_1	Continuity.Admission.Coherent.eq_1	theorem	someone/Someone.lean	formalization/Continuity/Admission.lean	25c24b07ef76e89d336f9754ac0a71cc22c1a600d5e9a1ba9c7cf7a5f0777890	4e95e92c916e2e96c2c282de0b3249732ea62015b42756ab9721dd76d030a17c	c9d0c2efa5fc43f801fe20871eea27439d68b0533d3c4ebd395361e5247fb1dd	true	[propext]	fc4528383d3e4a26f8cf20ecc44770290f50cc996cd3e6161e0ce5527dfb2998	5b1e57e3d9e06141f725ef9a68c77be8a3b85da254347bfcd06f198c84a742fd	fb8b2a4e33a5a2638b9dc534ce861b0d11a533a52fb3c40c67e4bd1460f27ddd	false
Someone.Coherent.match_1	Continuity.Admission.Coherent.match_1	definition	someone/Someone.lean	formalization/Continuity/Admission.lean	b3acd11db1aef7615604509b2f81899bc6285e287ca8e52a719b23bb80e25fb2	2b3e414c090130a788f07409cebf2299eae7c9b69d2c90f1f76959695e621d6a	716d08a94d41ae3494eb41fb85d7b6beb469ddf6cf92ba65bef6d9e02dd812c8	true	[propext]	4fdde2f7ac28de9c3fa514df233252d6a9be61e553ebcdf86702d346302c0675	8821e9a12d9e33f2c450501a7e8ffea53eba05acbf64f3cab65230b9430340d9	82b22ec04a748742966057fe8040247a1bf7db45d34ceb616fd09375fa44261c	false
Someone.Correction	Continuity.Admission.Correction	inductive	someone/Someone.lean	formalization/Continuity/Admission.lean	b4611575b2b62eb57ff8b514cf96bf01666158b035ac2fcc89065136260d1e05	b4611575b2b62eb57ff8b514cf96bf01666158b035ac2fcc89065136260d1e05	b4611575b2b62eb57ff8b514cf96bf01666158b035ac2fcc89065136260d1e05	true	AXIOM-FREE	-	-	-	false
Someone.Correction._sizeOf_1	Continuity.Admission.Correction._sizeOf_1	definition	someone/Someone.lean	formalization/Continuity/Admission.lean	42f9e975c793533ccedb93d06d74f0a364fba244e9c922656daea5aa9e66cc07	0bc81c17b9ef37946cdc41397433f57eaf6780c4acc627796b09cc186a8fea8a	8e63e33cf627dbb09530ada1bc388895c05b5294ade268b97dc5a2306388127a	true	AXIOM-FREE	ff7ab5c357188d621f9ba0506465acf066b878e911632f1335fa7848a23adb8f	605553578f30a0d539f2a6da8c815daf91b9b80a8a361b99de0df9998c911acc	70a7b92328a775b9c8ebe7e2cc1b1b3eac0992f25f5a90eebca3367916e85399	false
Someone.Correction._sizeOf_inst	Continuity.Admission.Correction._sizeOf_inst	definition	someone/Someone.lean	formalization/Continuity/Admission.lean	d4d06348e4a143fab2da2c45a1f481ccaf592b8473cc6f6054bdc4af3bafe16a	46e86570c4044ecbf8d8f3529693c6a92ffa35808bd35e22fd61e9094655dd7d	d4d06348e4a143fab2da2c45a1f481ccaf592b8473cc6f6054bdc4af3bafe16a	true	AXIOM-FREE	43a4515c6caee1143adba174badff7ee948565d0bc94af858a18f3f504c94162	a35076458ef22729d1ebccd087a0908be7701a3ccfe3fbf2d022e6edbec93554	9d6efd6a789f8c91b014e26cb1e69c338744f8bdd2472a0365022c331d191c2b	false
Someone.Correction.casesOn	Continuity.Admission.Correction.casesOn	definition	someone/Someone.lean	formalization/Continuity/Admission.lean	ade23c1aa68b8c6193f2b8d1df819f6ebe54f421a25fe49350746233e7242f46	c76162985a36c0866f321a09d696511e4bb178655f35bc5a3a1daae9f79d7ec3	c96b1c0bc3729744a665e41701f394eb9751a7f749e620ee4de3968a022252b1	true	AXIOM-FREE	05dde80bde0ecdd8626f82dcca753e199df8ae2942d9238658067c3edc3a2b7c	0ec22d1618541aa1bdef7879335a3d0683c8f6adc02ed267882b514052df8a09	e3a03b06a2d258cfbb4830a892df9be43b37e8a82a580877e8d1977e48183e2d	false
Someone.Correction.continue	Continuity.Admission.Correction.continue	constructor	someone/Someone.lean	formalization/Continuity/Admission.lean	4a537b6b03b82c4eb5c83a2fd6bfb2e3b1c38c6c83b4cda8d7d13346fd740773	2d595dd9b5b3d252dfd1efadf72c33fb14731769b60e3cb36982e025a581e309	4a537b6b03b82c4eb5c83a2fd6bfb2e3b1c38c6c83b4cda8d7d13346fd740773	true	AXIOM-FREE	-	-	-	false
Someone.Correction.continue.elim	Continuity.Admission.Correction.continue.elim	definition	someone/Someone.lean	formalization/Continuity/Admission.lean	8b633967f2c6a0d5c7992e2e8e5b1c0519a0a7fff46a5500e61f4bbff803f696	30e6a2051724e03941f97eeced8ff8c9c601e16860bb1fa9bc11f4986aad6a76	345dd674e72f5ffcd02909353c68afeb70d732b3dc36783817dc2836e0902e78	true	AXIOM-FREE	f831df887c63eefa9cccb4c595b5e40ba025fe754d3f1fafb31ec75e08a152e4	b9e79e13cc93da371de65228258136c728addcd1e939b8df725db92a0e5cff2c	2cce04c1c3c393f6331e51a74ffec7136349d6c4eed8bb0e471500908ce23f91	false
Someone.Correction.continue.sizeOf_spec	Continuity.Admission.Correction.continue.sizeOf_spec	theorem	someone/Someone.lean	formalization/Continuity/Admission.lean	dcb76d0da9a4fc6eb32889676a6b47025fa9a5c22c686508a6593858627a249b	794fde7fe85cd0bd0cc4b39928a7251203198f25af6c9b819aa8204b877efb02	d71acb9568e913fe755b8db10de757d9c87af20487f8cda57eac6e3d4753e3ce	true	AXIOM-FREE	c3ce9e20e45db0ccb20faaab0c19785fa3f6fcf1aefeeef1c9aab9c83616c524	c3ce9e20e45db0ccb20faaab0c19785fa3f6fcf1aefeeef1c9aab9c83616c524	ae52979ae4bbde5815faba7c8ba901a974900786e16239deacf42c8e3045a692	false
Someone.Correction.ctorElim	Continuity.Admission.Correction.ctorElim	definition	someone/Someone.lean	formalization/Continuity/Admission.lean	aa601841ecf2ff40ee943642c9252481643f04d8eb141518406e7a37ac2eaea9	ddd8cb0bc8608bdb0f551a187b5e9da1e2252113af1510d37399eceb2836f465	9ddc6781b62564d656cb13bfa8cd92b830d6aa8bb5d8ba7121ac63712f89bcd3	true	AXIOM-FREE	765039300dc75ab30fd0950d9888ac9d5c5036182c9b4ff3fe1291dc206d5d0c	4cd2ac461525dd32e3c0a786f3748fef4b4518e9fd4f1d387071931df61786b4	5af7ee06f56816fab0da3d637e524cbd5d3f2ce2e86e9656d8a910edf015bd90	false
Someone.Correction.ctorElimType	Continuity.Admission.Correction.ctorElimType	definition	someone/Someone.lean	formalization/Continuity/Admission.lean	7387eb2feda90ced539b4f3f3a513b8c7ce27d8a24431578b7b0a39f36a92b4a	ab07a78cdff038a51b9dc02ff68d7cd6b7986fe414a1ed1db6ec0ac56aaf1130	205ec74ccace4e09723a9c08e8f4cf75e53866631eff0565958b65c3dd6c0a75	true	AXIOM-FREE	6ead775e859b63c3d22f51098fbba1bea4d15609d1bb5d1044afccda6fd63458	3bb0b58859b66848b6216d011618ea261ae62a56cff32065f5aa6d6236fe5cf4	25d5a1c59c345904d21dfb9f243e9c8484d3837c4c35a204d739d95775f225e8	false
Someone.Correction.ctorIdx	Continuity.Admission.Correction.ctorIdx	definition	someone/Someone.lean	formalization/Continuity/Admission.lean	42f9e975c793533ccedb93d06d74f0a364fba244e9c922656daea5aa9e66cc07	0bc81c17b9ef37946cdc41397433f57eaf6780c4acc627796b09cc186a8fea8a	8e63e33cf627dbb09530ada1bc388895c05b5294ade268b97dc5a2306388127a	true	AXIOM-FREE	a108b192d8ccc1c8505d6ab5f7b9f1c7fc4231b8914608bca5479e1c59a99e4c	ea0a323e2a24cd1033b4f6528bf1ec2d5f3e8ec3af78a4b45943bb3721a4badb	578c99958b7db1a883c07779e183af190b26e905935bc9f7c11ae7aa5961db68	false
Someone.Correction.noConfusion	Continuity.Admission.Correction.noConfusion	definition	someone/Someone.lean	formalization/Continuity/Admission.lean	8934beeb3512790839c5084bc2f787ef8ae1c45302146259f0b0fb03ff8b52d7	2fecbe33236aabd6645aff97bb38e46d735a5c10a0c1f5e0ae80276025b8de2a	59cbf118cd4864af4597ec0d865985968b8c560d7f5ced2c00c3acc353d03087	true	AXIOM-FREE	8b9560c41c4a2cf48f28d28ce1052fbbafa1c0386c7fe7829a91926058a3f1c5	4d31cba2c0bb888dbfc68335f2bdf85fa2ac2c75abdc18b0708cbb676a2e17ac	22af718e075bbb255079dd2b5b52316d5b79806d68f2cc3d86b5d65787108e0d	false
Someone.Correction.noConfusionType	Continuity.Admission.Correction.noConfusionType	definition	someone/Someone.lean	formalization/Continuity/Admission.lean	6da571e6fb2a603e3b0881d6d221a75feadfc3524a045d1c71ecad52d69f1a13	2cd0cf9bca71341d350be4095d5137f934155304db9a98588eb3d94bc8a89d2c	3b79de9baa5a72fa6bd524fe4fc295f6d8cb125911533f82e0cdd0349dc2d0cf	true	AXIOM-FREE	ac6030f22c6de738bf8236b7c210d29fc0a1f792817cd37874a58cfc86c05166	51e597de3a53aca7052f0b54db3a04fd2bfa1d9ca58aa70e3b27968f79011f3d	9f50b908d1c47ef4f9b5636fc50d75d6b7b5a134bf72eaddb937e9c8f281f2c3	false
Someone.Correction.ofNat	Continuity.Admission.Correction.ofNat	definition	someone/Someone.lean	formalization/Continuity/Admission.lean	379af8064a3c552fc856a4f5ff0aadc0fb30f4027c705715e46715ec5e5e4f1d	f652e7247898d425533bf3440ee55e19196057ffe6884f12e920b2635beaddbe	7a26ebdf5e512c4516c54162a02ec9f101040915f0c465c76d874aa569390d3f	true	AXIOM-FREE	ef0f1a3a3aec54e41604ffae6028e885b6590c60d546bf7ad24ef9e205dd480c	65646ffe2bbbcd972facb87b18f52de6ed7f20e9ba378eccfd72ac02a7f166eb	80522baf9a849472cc50022246777f00a7e591dbded39e668825bac3f0781be5	false
Someone.Correction.ofNat_ctorIdx	Continuity.Admission.Correction.ofNat_ctorIdx	theorem	someone/Someone.lean	formalization/Continuity/Admission.lean	7472ebd7bf9bc2b24ddce15b284f7024165754bd7b3176a7411f17851d45b8e2	2e593b0964721c67ab12a8ab924c4900b4920c3a5a4b2cafb1f45939a0ed0456	5b378b9b4c79e8658c3d4d9b3578a3e0d48a750978c8c53c8fb67e7ba0739d4e	true	AXIOM-FREE	55789c9f253d686d9733c4c0fd6d5185eee7c1c9973dcc719b0a9e0120075187	e3c9e46a2843add586dbf49450e4c245b6661f27839c1e649db5c97e609ed43d	7638ac68e9dbf28a2543004bc67d277a7c472b87bac3d7ce6c912eaab8a07ab0	false
Someone.Correction.rec	Continuity.Admission.Correction.rec	recursor	someone/Someone.lean	formalization/Continuity/Admission.lean	b6d387dc30859f5e0667ef80ae50755fcc5cb9cfff5d54e752ad336c46f15120	19e443524f36261590dec2b3e192caa6ce8d178d242867629d585f66c91cc269	9e8fcc2ec88dc2e47efdf4eee3b5aa20c08aeb7d6071b0a3b55a14ccb77db38f	true	AXIOM-FREE	-	-	-	false
Someone.Correction.recOn	Continuity.Admission.Correction.recOn	definition	someone/Someone.lean	formalization/Continuity/Admission.lean	ade23c1aa68b8c6193f2b8d1df819f6ebe54f421a25fe49350746233e7242f46	c76162985a36c0866f321a09d696511e4bb178655f35bc5a3a1daae9f79d7ec3	c96b1c0bc3729744a665e41701f394eb9751a7f749e620ee4de3968a022252b1	true	AXIOM-FREE	05dde80bde0ecdd8626f82dcca753e199df8ae2942d9238658067c3edc3a2b7c	0ec22d1618541aa1bdef7879335a3d0683c8f6adc02ed267882b514052df8a09	e3a03b06a2d258cfbb4830a892df9be43b37e8a82a580877e8d1977e48183e2d	false
Someone.Correction.recandidate	Continuity.Admission.Correction.recandidate	constructor	someone/Someone.lean	formalization/Continuity/Admission.lean	4a537b6b03b82c4eb5c83a2fd6bfb2e3b1c38c6c83b4cda8d7d13346fd740773	2d595dd9b5b3d252dfd1efadf72c33fb14731769b60e3cb36982e025a581e309	4a537b6b03b82c4eb5c83a2fd6bfb2e3b1c38c6c83b4cda8d7d13346fd740773	true	AXIOM-FREE	-	-	-	false
Someone.Correction.recandidate.elim	Continuity.Admission.Correction.recandidate.elim	definition	someone/Someone.lean	formalization/Continuity/Admission.lean	be61b4d6b60f1dce69a2a128d7a9f1294e9426da74350ff4f052c222719540a2	710c225a3573415418bfc2da33552a185dd6ceeaa4540af1bd4b5f37023c0fd9	44156f547995da98ea336425fbc4db185b54f1e553a14b614775645b8361d73f	true	AXIOM-FREE	6ea22556180f09d51a46c944cd1f4911518f7c4e366b3ad153f68fa012da34d4	bfd7f830f669b57d93ec311fc558180f7d6b52df4c364ea8e5288b1c6f5bdace	4851cfe42242b967eb0afa284914c0bc9fdc729d201a26a9c51992eb137479cb	false
Someone.Correction.recandidate.sizeOf_spec	Continuity.Admission.Correction.recandidate.sizeOf_spec	theorem	someone/Someone.lean	formalization/Continuity/Admission.lean	184185e4a9a5539e84655e631ac59c4eb2770914f51acfa90c3fd58b48e3e70a	2d8ddb422bfa63674031b3fc32cfd9b4196f2eb5ad00ad3b1300c2fb3e03c859	fc2e627f5844f7cff4a3d81c55d7d05feaa52875208e609c4d4e9ffabfc2f5d4	true	AXIOM-FREE	c3ce9e20e45db0ccb20faaab0c19785fa3f6fcf1aefeeef1c9aab9c83616c524	c3ce9e20e45db0ccb20faaab0c19785fa3f6fcf1aefeeef1c9aab9c83616c524	ae52979ae4bbde5815faba7c8ba901a974900786e16239deacf42c8e3045a692	false
Someone.Correction.rehearse	Continuity.Admission.Correction.rehearse	constructor	someone/Someone.lean	formalization/Continuity/Admission.lean	4a537b6b03b82c4eb5c83a2fd6bfb2e3b1c38c6c83b4cda8d7d13346fd740773	2d595dd9b5b3d252dfd1efadf72c33fb14731769b60e3cb36982e025a581e309	4a537b6b03b82c4eb5c83a2fd6bfb2e3b1c38c6c83b4cda8d7d13346fd740773	true	AXIOM-FREE	-	-	-	false
Someone.Correction.rehearse.elim	Continuity.Admission.Correction.rehearse.elim	definition	someone/Someone.lean	formalization/Continuity/Admission.lean	dc2a50d3301c66fee663ec54432a765f2db69adfc38cf1cd617a58726f9fc08c	c4f9ba328e169d258f0431286e1c7d7094168b5402ba913e9d0f6afffa1f03c7	8141b286b9026f3e59e6241c6f8338e3caf01b47a1f87a20b694507030e6096b	true	AXIOM-FREE	eb8b7f9bed6ee5b1d2260606760b2a79794ed2a853d5e39c609a8a5d2c90e17c	26b1204ea0615e5d0fe34d5566cc8dbb4b5fc50f1f26354652b8e242d97f83f8	d7eb2c87a6acb1e82be3804d6d777be366693473791bbfeabea827f19e124840	false
Someone.Correction.rehearse.sizeOf_spec	Continuity.Admission.Correction.rehearse.sizeOf_spec	theorem	someone/Someone.lean	formalization/Continuity/Admission.lean	69aa09b5021a7cb3e201cc0538deb412bfd3ee851875e4ecd5c2309afbbf1914	600a7288548df6720e1e31600f80bb64565b950b6ad09f873416adfc3c5683c2	3aa4e54d0bc73f0dfb780c64900d66fd52ed8502f58b6aa1f726441bef038112	true	AXIOM-FREE	c3ce9e20e45db0ccb20faaab0c19785fa3f6fcf1aefeeef1c9aab9c83616c524	c3ce9e20e45db0ccb20faaab0c19785fa3f6fcf1aefeeef1c9aab9c83616c524	ae52979ae4bbde5815faba7c8ba901a974900786e16239deacf42c8e3045a692	false
Someone.Correction.suspend	Continuity.Admission.Correction.suspend	constructor	someone/Someone.lean	formalization/Continuity/Admission.lean	4a537b6b03b82c4eb5c83a2fd6bfb2e3b1c38c6c83b4cda8d7d13346fd740773	2d595dd9b5b3d252dfd1efadf72c33fb14731769b60e3cb36982e025a581e309	4a537b6b03b82c4eb5c83a2fd6bfb2e3b1c38c6c83b4cda8d7d13346fd740773	true	AXIOM-FREE	-	-	-	false
Someone.Correction.suspend.elim	Continuity.Admission.Correction.suspend.elim	definition	someone/Someone.lean	formalization/Continuity/Admission.lean	163c0cbbbfe3a7e4dff1524a783e4150ace933de9c30609d310c39de4b25e366	d864936661dbf88f1ff1f4729845ea860009a5d603248c5989164e64bc271904	1da94d284aa432f6d9ba46b57a7f72434c797f8b885f7664648fd49d9155834e	true	AXIOM-FREE	b7923d0113ada07a20738d1b6576d5973288ef3df94e3d9292262efce4b08f57	914dac1bc31c2b847715038ed1935255b98a5db03bc906295f4a16bd7551f70f	923558653dd3ffaa02f986603026d4a1ec32ce3e636815378b812a077a3222bf	false
Someone.Correction.suspend.sizeOf_spec	Continuity.Admission.Correction.suspend.sizeOf_spec	theorem	someone/Someone.lean	formalization/Continuity/Admission.lean	4a83a964dc02a485fba05071658fb4550eb4f52346402e3d35c6c50cd084bfa1	a7fe0b6543906b1da8ff404b0be8797c9eb2e5ddb7dde2ec1dfc454a772711ed	c36d5aeac3d0482667f9677a0724417ad2afda2673c63e65bf4d2be8a6f8175d	true	AXIOM-FREE	c3ce9e20e45db0ccb20faaab0c19785fa3f6fcf1aefeeef1c9aab9c83616c524	c3ce9e20e45db0ccb20faaab0c19785fa3f6fcf1aefeeef1c9aab9c83616c524	ae52979ae4bbde5815faba7c8ba901a974900786e16239deacf42c8e3045a692	false
Someone.Correction.toCtorIdx	Continuity.Admission.Correction.toCtorIdx	definition	someone/Someone.lean	formalization/Continuity/Admission.lean	42f9e975c793533ccedb93d06d74f0a364fba244e9c922656daea5aa9e66cc07	0bc81c17b9ef37946cdc41397433f57eaf6780c4acc627796b09cc186a8fea8a	8e63e33cf627dbb09530ada1bc388895c05b5294ade268b97dc5a2306388127a	true	AXIOM-FREE	1508de20c3c583090ea2630f8a59e36d5ee19ad040526731070b34fc167cb54a	1033bcd6ac2fbc0dbb7da0db651d7fb145e9f2c7cfeec9a9dea40fd8d4c1a13b	1508de20c3c583090ea2630f8a59e36d5ee19ad040526731070b34fc167cb54a	false
Someone.Demotion	Continuity.Admission.Demotion	inductive	someone/Someone.lean	formalization/Continuity/Admission.lean	b4611575b2b62eb57ff8b514cf96bf01666158b035ac2fcc89065136260d1e05	b4611575b2b62eb57ff8b514cf96bf01666158b035ac2fcc89065136260d1e05	b4611575b2b62eb57ff8b514cf96bf01666158b035ac2fcc89065136260d1e05	true	AXIOM-FREE	-	-	-	false
Someone.Demotion._sizeOf_1	Continuity.Admission.Demotion._sizeOf_1	definition	someone/Someone.lean	formalization/Continuity/Admission.lean	c60ff8397e624570fccf614d5a2981c6058ba3908bc1bb7336a174cb45a87430	b266a8cbc6b39392d8c57eca7e5fc39665a8ce44148c80096913b80a73109fe5	7e6a7771c1d0308d1899cbcce5afdb458121a14d737d42094804c2a3b4e62888	true	AXIOM-FREE	0d265f778206fe8e4e162bf540823ff87eda0f03b687e8034878aefcce4f92e5	7f16185b384ed9354f8b2236019991b7dfae5422f6fcdee507ffe633b4fb77ea	1792afe48f92dcb746a6ebcc5c1f9cc0b484240324772b48976166b311c5c7f1	false
Someone.Demotion._sizeOf_inst	Continuity.Admission.Demotion._sizeOf_inst	definition	someone/Someone.lean	formalization/Continuity/Admission.lean	27c4c995edc0defef397ae71396bce7fc1896bcc60716fb517146b3cabaf6c64	8f7732247f6d3f434995de3f4d988dffc03445cb471ea3a18a2095dd24eb208e	27c4c995edc0defef397ae71396bce7fc1896bcc60716fb517146b3cabaf6c64	true	AXIOM-FREE	0ac5f5e7288caa1298f9732d18166c06ef2beb1a4f96608772bcc2ee60bc432d	1129d6a49994b3e883e847bdf31dd46a3a8244e3fa424e12cf27984b53167d45	44eca2c3fb051c464d512d086af5bd83e752b704194abe3715f644171ae1386e	false
Someone.Demotion.casesOn	Continuity.Admission.Demotion.casesOn	definition	someone/Someone.lean	formalization/Continuity/Admission.lean	aea9ed134b9fc48cc72ea25ff285233c865ffca18aa1754ca4b369dcec013c88	c574301a15a6bbd5675a18889888c32d62254e720e2398bed52b13e4bfe54b3f	31bd3f8349a775b1716a660792857d5eb447a7f9c9e2b287cdf3322f76aecd6d	true	AXIOM-FREE	79d5eca8aee27a0212a45542d9920378d9557cdae4ca01bd2978eb9122f0d6fc	2d75ae7911c7784a81519eb74c1483e729d8a97e946bc16231c19b1dade261b8	4636b0359a9a784c75e6018c3bd9f98720c9d150cce96a2b7bec3a52d9c1079a	false
Someone.Demotion.ctorElim	Continuity.Admission.Demotion.ctorElim	definition	someone/Someone.lean	formalization/Continuity/Admission.lean	06bc2be82687a8c973c20eaa8a4bec7615084a29cac004fb2e467a1d91e6c6dd	9a7b546bcd6b85fb97ffb273806e1f6085c247c8be91ab0c9d243f5df5ab2f04	cdaf4b731a382fc433a7132f03172b7e9451a97b51868165afef6a22e127afeb	true	AXIOM-FREE	9ff710b045bece827bbc2e2bbd1a18f04f0879a97ed3e08422fee874899b2943	d0c8563de2b54fc37f4e351f27ecd36486e75a1bad3b1639f08fda7c1c747cc8	ec7c7d7539b791732ce2fb4e4a6c20ea81f60f37373a2dfba423804548d1d971	false
Someone.Demotion.ctorElimType	Continuity.Admission.Demotion.ctorElimType	definition	someone/Someone.lean	formalization/Continuity/Admission.lean	e153bd00d7e1e15345526e6743a4980186b0d9f11096d3b45b1677a4a670713f	9066c423c2439f33590ea06f99015d572cb4bd12d20173d7b38d93a6438a1d5a	353f4a43f04ba0a6fac00d0bd7b97d1c597de15de63e4befc1e5bd8849602e43	true	AXIOM-FREE	9d134e1625aa32bdf0348ab601ed286f4025df5bc17b1040cbfaf88e8256c5b2	64d80b2fb0dab81773dcd1b5fdba987f2a03b5bad884ade13f7661b359284133	0f375a45215068847af0d12390d8c2bebace9194ed36d8a7c5041ea2b5860fc9	false
Someone.Demotion.ctorIdx	Continuity.Admission.Demotion.ctorIdx	definition	someone/Someone.lean	formalization/Continuity/Admission.lean	c60ff8397e624570fccf614d5a2981c6058ba3908bc1bb7336a174cb45a87430	b266a8cbc6b39392d8c57eca7e5fc39665a8ce44148c80096913b80a73109fe5	7e6a7771c1d0308d1899cbcce5afdb458121a14d737d42094804c2a3b4e62888	true	AXIOM-FREE	3683668ee3f0a8d9ff09960bfa45f114c3829cb3ee795c79b211a792be28591b	c6714fa3b8661be071dfbccd4eb2884eb8da96c830872274fb8f9f58dfc1c99c	259d0626798f019a7da7f9168567dfc84ff8006849900b0e25937e885bf0610c	false
Someone.Demotion.dropInvariant	Continuity.Admission.Demotion.dropInvariant	constructor	someone/Someone.lean	formalization/Continuity/Admission.lean	99e6953a3029643a0db66ace6df955d1e668907a6b46b77289082fdf9141db6a	5769b0c397df9036e1f6e86baaeb706f3b98bcf5294899f8826c6de942280bbf	99e6953a3029643a0db66ace6df955d1e668907a6b46b77289082fdf9141db6a	true	AXIOM-FREE	-	-	-	false
Someone.Demotion.dropInvariant.elim	Continuity.Admission.Demotion.dropInvariant.elim	definition	someone/Someone.lean	formalization/Continuity/Admission.lean	db2f72f255a42c4829a7f08a4338d714d815ba9594618e3abdb92d773ec79aec	46e1f3901ef863a79a7ef28b41fe0fa72c4795c6f079360d6732ebd4cacb5e98	c84d6b9e6d51dc534f5b4d36e99e9382743c1f68ede68ccd0782381c5988eb44	true	AXIOM-FREE	f87d3f8707a4c6a99ad0ca9a813a3c6b691aed936c71d9891820c09ed8742e8c	bd4b4371075b9d9d3ad669154ddc29183a9cecb95a3b022ee4c1d041acc7d86a	95664fc10c46118553884b622ee68cf18262a42aa4423c00106a11fbc5deebe3	false
Someone.Demotion.dropInvariant.sizeOf_spec	Continuity.Admission.Demotion.dropInvariant.sizeOf_spec	theorem	someone/Someone.lean	formalization/Continuity/Admission.lean	2e8937a5872ee61772b1c0ee8795e5620bb91e46fdc3784f5102805e95f4d91c	fd2262a2a6b47851be04996cfef2a69edc66d796cdc38008ecf159e2013a7944	21a007d8d844ec2940649e71f96bef36357388ae6134c4f2d3806c90c0ead380	true	AXIOM-FREE	c3ce9e20e45db0ccb20faaab0c19785fa3f6fcf1aefeeef1c9aab9c83616c524	c3ce9e20e45db0ccb20faaab0c19785fa3f6fcf1aefeeef1c9aab9c83616c524	ae52979ae4bbde5815faba7c8ba901a974900786e16239deacf42c8e3045a692	false
Someone.Demotion.noConfusion	Continuity.Admission.Demotion.noConfusion	definition	someone/Someone.lean	formalization/Continuity/Admission.lean	f165346b5230f42bf678ffe409aaab2b14aa3514181c0fd2988871e625519f7f	b9979f394d515608098fc3b6f41e6e269167d286511c7f53f234ff2386bf3e8a	2b123fa77065d6f9fc512fa2f658f0302fef040f83d48c881217b1d640d2fb26	true	AXIOM-FREE	423c5aad465e08613e7e25779b27078c775cffb7a785e4a6500343bc4af93688	5dd2a89cab54b619b3b368e08052540f075c557be328b032796b6bfac72ec058	e92018376035a2537addf0960340990a6d8d305777e0e1d6147e8e7619339b32	false
Someone.Demotion.noConfusionType	Continuity.Admission.Demotion.noConfusionType	definition	someone/Someone.lean	formalization/Continuity/Admission.lean	8e87814aa4535fd03723dae528230c865116ae6340c91cf36828a2fd23eee12f	ae6e479d40dd6f3fe57b7576f7cbe2994d801ff6e9548a9b60056ea6c3b9ff68	7bf86e279a2cde1d42a7a616ea66f154684df5ead1bc4dd1feed8b98accfbb93	true	AXIOM-FREE	2ac6cbed2377fc9be11edd71455492f621e2ed616e6eb5b4a710aaa983603b42	e5276463cde388a2560e5218a91ff2cc951df418bdef0cac17308168fc072fb4	a62bd892ddd5b41ef5491158858d5e9b75bca67e17d067fe521a4fd8ada4530d	false
Someone.Demotion.ofNat	Continuity.Admission.Demotion.ofNat	definition	someone/Someone.lean	formalization/Continuity/Admission.lean	70e36ac0ed04eb6a708f25b4472a40c6f92f3d1f3df3e3df9a62f44481f960c2	c26ece2bec8cf09e4a958975a938f3cda8ec17fe5932331d481a92cb748b51c1	c18cc4f53c418f71fc19253d2ca26622d1c22f9a976710a2fc575a525004be5b	true	AXIOM-FREE	abe46df9873588dfc1c489c1d2c3756ca5986e38ea7b8cef4c59d7af4e7b94c0	1351e32e724f0a31cb98748a9d714f1cf85d027d7d005a9013464a8684b4ee3b	3471e93b0425c7bed99f1d032ea5b2b1fe1897d5b364fbdb1f81e828f953afd8	false
Someone.Demotion.ofNat_ctorIdx	Continuity.Admission.Demotion.ofNat_ctorIdx	theorem	someone/Someone.lean	formalization/Continuity/Admission.lean	52d1f8636a30e7202a1fb29da75f9eefcfbdda1df6dad42b9bb7c3248faeb40e	a63814f15f5bbccf0e063b64683cf265ec70b0c250df782fdc73d52d53944b99	9fd01f100f00ec1383766ee9ce9f86561b54e88e102e52a811521b4b79a51280	true	AXIOM-FREE	89ea132f268208732ce07aeefffff6e308899a65872048b315752f3fd74afdbd	7d616a02925f2afe3cff350f6084b83a72b1a2fbf552daa9a8c4e5fe4271395e	062512316c0b5f55e409a1f89b5873704f1226f7b5984dcba5bd208d2b88a7a7	false
Someone.Demotion.openToCandidate	Continuity.Admission.Demotion.openToCandidate	constructor	someone/Someone.lean	formalization/Continuity/Admission.lean	99e6953a3029643a0db66ace6df955d1e668907a6b46b77289082fdf9141db6a	5769b0c397df9036e1f6e86baaeb706f3b98bcf5294899f8826c6de942280bbf	99e6953a3029643a0db66ace6df955d1e668907a6b46b77289082fdf9141db6a	true	AXIOM-FREE	-	-	-	false
Someone.Demotion.openToCandidate.elim	Continuity.Admission.Demotion.openToCandidate.elim	definition	someone/Someone.lean	formalization/Continuity/Admission.lean	3e3d08f2cc2240f5a755897bc96bf295764e909af6a05fe93de80c574d461d69	eb587c157cfebe1692de98bc900de4c08996e39a6deb0039efac10120f61e5a6	5648ec2d77d4221c9528bd139caf360ef976f8a0f82079655365615efc3f6d73	true	AXIOM-FREE	860a54718c3039a571d3b0f74339e109bca40abfa744997a2da347c2b336e91b	9c5bfec4ccdc95f5dc51b76fc7bef144c90fd9e2d7bd13ea30c5f748c871c414	b4f75bf94622c840921d1857fc208335a226aea6476a9385d545fa3d57793fea	false
Someone.Demotion.openToCandidate.sizeOf_spec	Continuity.Admission.Demotion.openToCandidate.sizeOf_spec	theorem	someone/Someone.lean	formalization/Continuity/Admission.lean	39f1941851831f5d893512ac6aa7c16591a61708004ed3a1dc63c2c82e424fe0	0b672227f41193f3647e386e0bac191c458d974fc4dfb09f9d8836e8f4c798f5	3db749623d01140bcc447d7a364814691054f8e911b403e8296e632199b0cb38	true	AXIOM-FREE	c3ce9e20e45db0ccb20faaab0c19785fa3f6fcf1aefeeef1c9aab9c83616c524	c3ce9e20e45db0ccb20faaab0c19785fa3f6fcf1aefeeef1c9aab9c83616c524	ae52979ae4bbde5815faba7c8ba901a974900786e16239deacf42c8e3045a692	false
Someone.Demotion.rec	Continuity.Admission.Demotion.rec	recursor	someone/Someone.lean	formalization/Continuity/Admission.lean	2b70f8a3abb200412553bc2cd6797bbff6a2b92218b8f6daa3412aa21d7be017	6e29876e2877fd2345072df52b23dbbdcb76bd1784841cbe7852773f9ab2716f	9996f5eb4d27b580af2ba82c93ac7cc3ab3408af12b869212f5c03e2cd557d81	true	AXIOM-FREE	-	-	-	false
Someone.Demotion.recOn	Continuity.Admission.Demotion.recOn	definition	someone/Someone.lean	formalization/Continuity/Admission.lean	aea9ed134b9fc48cc72ea25ff285233c865ffca18aa1754ca4b369dcec013c88	c574301a15a6bbd5675a18889888c32d62254e720e2398bed52b13e4bfe54b3f	31bd3f8349a775b1716a660792857d5eb447a7f9c9e2b287cdf3322f76aecd6d	true	AXIOM-FREE	79d5eca8aee27a0212a45542d9920378d9557cdae4ca01bd2978eb9122f0d6fc	2d75ae7911c7784a81519eb74c1483e729d8a97e946bc16231c19b1dade261b8	4636b0359a9a784c75e6018c3bd9f98720c9d150cce96a2b7bec3a52d9c1079a	false
Someone.Demotion.toCtorIdx	Continuity.Admission.Demotion.toCtorIdx	definition	someone/Someone.lean	formalization/Continuity/Admission.lean	c60ff8397e624570fccf614d5a2981c6058ba3908bc1bb7336a174cb45a87430	b266a8cbc6b39392d8c57eca7e5fc39665a8ce44148c80096913b80a73109fe5	7e6a7771c1d0308d1899cbcce5afdb458121a14d737d42094804c2a3b4e62888	true	AXIOM-FREE	dc7882eb751fb18a482a5ac6ff28f7aa3b2c8aef45f44cb11bf9ecd652f97607	41e179bb3c9307c2c5e021d54972c53cc3538526983ae4886b9396442ac2ba41	dc7882eb751fb18a482a5ac6ff28f7aa3b2c8aef45f44cb11bf9ecd652f97607	false
Someone.Demotion.toSurname	Continuity.Admission.Demotion.toSurname	constructor	someone/Someone.lean	formalization/Continuity/Admission.lean	99e6953a3029643a0db66ace6df955d1e668907a6b46b77289082fdf9141db6a	5769b0c397df9036e1f6e86baaeb706f3b98bcf5294899f8826c6de942280bbf	99e6953a3029643a0db66ace6df955d1e668907a6b46b77289082fdf9141db6a	true	AXIOM-FREE	-	-	-	false
Someone.Demotion.toSurname.elim	Continuity.Admission.Demotion.toSurname.elim	definition	someone/Someone.lean	formalization/Continuity/Admission.lean	e14ee6e749d995d20512043d35239d40d14afd3be1ebd636cc33adc86d14eda4	43ae6c5164e062f77d1894c601a8d6ba9636cb5be31462bdbee2d2d6f4b5feb5	c0a56fa30bbcb8655d25ca1168705e8d3c9538451ad56f67e43a2b5913644891	true	AXIOM-FREE	6a413304ade9e7ecf97881ee72a3ed9508fb5b787050f335c57d4dce7ef757fa	d5477eb623cc32492679f48be51c9635a00ca2b5af3799dd967a87b14d6a8232	d54495ef18196851246bc8ef67ee4ab4b8f0f36b0fe24cb833fdbcc50a249f0f	false
Someone.Demotion.toSurname.sizeOf_spec	Continuity.Admission.Demotion.toSurname.sizeOf_spec	theorem	someone/Someone.lean	formalization/Continuity/Admission.lean	452129ed2f03071a027d4110cade2c0ee206e68acd078c6b8275de95ca89c210	c8851ef5470b2916d2740b8bb39296ebcca841574040c0d0916deb1cf97bf8a6	f3654eb6aaa95a66562a8468194f34bcc04878adb90eb9710fc0edff3fb4fe37	true	AXIOM-FREE	c3ce9e20e45db0ccb20faaab0c19785fa3f6fcf1aefeeef1c9aab9c83616c524	c3ce9e20e45db0ccb20faaab0c19785fa3f6fcf1aefeeef1c9aab9c83616c524	ae52979ae4bbde5815faba7c8ba901a974900786e16239deacf42c8e3045a692	false
Someone.Event	Continuity.Admission.Event	inductive	someone/Someone.lean	formalization/Continuity/Admission.lean	b4611575b2b62eb57ff8b514cf96bf01666158b035ac2fcc89065136260d1e05	b4611575b2b62eb57ff8b514cf96bf01666158b035ac2fcc89065136260d1e05	b4611575b2b62eb57ff8b514cf96bf01666158b035ac2fcc89065136260d1e05	true	AXIOM-FREE	-	-	-	false
Someone.Event._sizeOf_1	Continuity.Admission.Event._sizeOf_1	definition	someone/Someone.lean	formalization/Continuity/Admission.lean	166be6061545769bc7393fba48d6c1d1d29586745beb717f7e9e1b82bd4fffa9	379a988a3d16e16cb5069154724d3b372399a19ab337f80a7adf6445a67264c1	476eeb3c1176092fa0eb2f14d58d40abf21cd99f90f4664704cd4d455290c214	true	AXIOM-FREE	5027dc40d5a81178ca4bc533029b5b9d1c14dd7a55ab5f20fa7427b317c944e9	8a683bae4573bc320fe91b866df1f711bd2253053576b6fcc371d32693b5909b	6f22206f12decb053ad37721de42672eb3c0103febb741dc85b668a61ed755f4	false
Someone.Event._sizeOf_inst	Continuity.Admission.Event._sizeOf_inst	definition	someone/Someone.lean	formalization/Continuity/Admission.lean	ed72b20343d0dc1862e757cc81cc480af1f145888e01077207a77fd98cbd63e5	3b6d89cf1a3f1933a6af2278bf4bf99a0907d3c570b96e4ce224b6009688d567	ed72b20343d0dc1862e757cc81cc480af1f145888e01077207a77fd98cbd63e5	true	AXIOM-FREE	e71435654695c9cdb4f057ca8117f1a91ae3e42d4e90c17f59b6baa1bab58949	6adf8ab329999a7900eebd06806a5b6da4208f5a72152dba27e9303813033007	710c910b8ee65495115f6cfa5c55ba659f0d3172071469c967d91b9e408e3df8	false
Someone.Event.casesOn	Continuity.Admission.Event.casesOn	definition	someone/Someone.lean	formalization/Continuity/Admission.lean	33d9d94590755af3caa8c6f08f905bdb27508c35077cb6fb719c584166205aaa	47c9d1e9055d527779c1d080df4ac93b8f21b3d39dc8b9c5691eb59563c7a99d	7175ee766ae20d76bac358175f5a8f87c8be38e7f8dc3dd095a491d192067543	true	AXIOM-FREE	f820c9e1dec056256e5b542d7fd3d29d472b1f6089586c28714f572280eb74f9	0260d17db80a231f1e8c2cb77044cd7a65fa87e56680bcb09ba071f3acdc0ee9	1f66f0907d43437507e08f579f6f52597e5f4f1bec062e339981e0622536df60	false
Someone.Event.ctorElim	Continuity.Admission.Event.ctorElim	definition	someone/Someone.lean	formalization/Continuity/Admission.lean	41a84ecad68217efbdaa7b7f4a27919e1373a17bf996682c54ffbf24eb608b64	d486f4a0b6a6b9b2d5a2d2ffc8cf25d2f1d73a99d6149555bac637c1bdc7ecf1	129c9c60551750b9e2406272098390be903f34bdfdaa6541f6cc681d80ea587f	true	AXIOM-FREE	b758e072decdebe384991163a55f4244712dc5ebc0bfbb998bbb3721e0ef946c	72dcc579235cac94b74b497645315267a10f86d87de52fbb097ef0f4782d8d99	7662e49a8195a5b97a29fce1fafa8b083b6277ae79528291bfaed319d36f1353	false
Someone.Event.ctorElimType	Continuity.Admission.Event.ctorElimType	definition	someone/Someone.lean	formalization/Continuity/Admission.lean	18f8498d0080dd43299d3d059a92d8bce243bf1e4b4ee3a1145cb46300005f4a	de0e436a1108df84c99f9164aebe17b096e727d0c14902163aeb9699da1fd063	339ef77972a1cd7948348c4a0c811306fc307fe9d1e154fcfd0bbf09ff39d13d	true	AXIOM-FREE	7f3853c68a0bf15f9ce58e72195185d8369fbe60ea2f7f9e39b57ead8cfef9e0	f8f8752715869361edeb0005477e7329b61b7da936d099ad55642f8bbffe45d6	42b1f07262707625bbeefdfac9faa8a6220999b5e999739a083855a30cc72b1a	false
Someone.Event.ctorIdx	Continuity.Admission.Event.ctorIdx	definition	someone/Someone.lean	formalization/Continuity/Admission.lean	166be6061545769bc7393fba48d6c1d1d29586745beb717f7e9e1b82bd4fffa9	379a988a3d16e16cb5069154724d3b372399a19ab337f80a7adf6445a67264c1	476eeb3c1176092fa0eb2f14d58d40abf21cd99f90f4664704cd4d455290c214	true	AXIOM-FREE	5baff5d71bdb69189c99a9d59d9063987239b528249bfda8635e0c2ae3d99ffe	072d215855932a59bafb528d6c62b6735f59da1390a2c1b48eed381489a87858	19af412295746f37bd143ba6c197a38f1f40d16112c47a125e5461e7d7f82abe	false
Someone.Event.fault	Continuity.Admission.Event.fault	constructor	someone/Someone.lean	formalization/Continuity/Admission.lean	eb688202c6e083f31da45f1a7f46c55fff4c4ee56d8b83b3b54587ff50d7c411	321973500d8e5bc03be3db379ea89e1512139b41b1ebda4712970ef4d0967e5b	947c9db6653d2698170ce80c6d4660fe91fd85f260358fdd77b0248b5817c26e	true	AXIOM-FREE	-	-	-	false
Someone.Event.fault.elim	Continuity.Admission.Event.fault.elim	definition	someone/Someone.lean	formalization/Continuity/Admission.lean	4f2d2325fd8a47ccbd6f7c69118ec89b5b454ab67de4f25c575c51cc47cc2c94	a2a14c0065e7e98c99efb6605c36161f515c5fcc8b83db0e1807a09db563e709	86e194b2505e1ad6e7e488a1d9965ba9f50f112aa75c33f068eb1b8f5d70a2e0	true	AXIOM-FREE	fe467a835d85d7a27135a99b3ec327ecb34f30a8ba73cbadf03dea9431231884	27c5df7e6af51273f06096578a53c34d7f9e915cc1966b0769cc871b21aa7888	56937db62ffe3dab26e935b76e27d32748011cb0b7e60bc190cad9d00dda58b5	false
Someone.Event.fault.inj	Continuity.Admission.Event.fault.inj	theorem	someone/Someone.lean	formalization/Continuity/Admission.lean	b170d2fa73e758bb224771b4f9217616fcceff38622e314f716684a61fd4d19f	a9d5f56e6e8ae8e38311b9fbaf2fcc9bcda4fb37a371822c719fe883b969e26f	5fe95e024efe72c8cf2bb22bd508534100b5b84e9cc8136110ea1ed044dbe30e	true	AXIOM-FREE	34b24eb3455c60d737f99fbe634f81c4762d72dc4155ac950f2adbb4f002ac64	53436ad58ee13fa6edcf7e39fb8ec92d363ad372c5b6840f159070dc44706ae2	735f9a51d79c03f5056a5c5b6ea0211eaf311a6afa2bbb431fb3bf2faaa52c69	false
Someone.Event.fault.injEq	Continuity.Admission.Event.fault.injEq	theorem	someone/Someone.lean	formalization/Continuity/Admission.lean	4ce374c793be7d564b9bf8ef8f8f548e4203c2f6840df14b37fcd1819015c8b5	0251e167b285dc1a769bd3c9ac853c5d30612d6c1d3e3340fb59e8938feeb861	9f139b10e4586d6f6bd23fc28e0dc0ebae18454fbb3fe790c7ef850977cbb1eb	true	[propext]	e009a16ce6bafb8b62030a2f64f5698efa231960672f9ceeca74341d42332866	d16479be6b83f175f1c16df6dd0633cad63914c471e4066a22b3d00bc4ee66ad	68170434096d8c5a0c2ae3a47cd8882967458f32eeabc899f940a2dba5f0327f	false
Someone.Event.fault.noConfusion	Continuity.Admission.Event.fault.noConfusion	definition	someone/Someone.lean	formalization/Continuity/Admission.lean	597f2d4fd2eafeba57fcf8a9960d9ca53287d88a89460d233eeaa510971b2d88	6b1396969c47b1b1e017285abff04ead268c4ea491d8bdf44d25bc1d53221fb6	69a29655217ac8842c866711c8c08e5f0d6f0b6a72c80473bf3719e7be671453	true	AXIOM-FREE	0e56a329f12af4b7514a488633bd712566b4b88bfd3e2361639765ca6dec4a6f	842709cafe66decd1a764cd2c5e7c3570d18f0805b0827e35cfde44503dc09eb	22fedbc7d75a6c8bb04bb0d9539040feffa912bcc47651892201141ccce54ce6	false
Someone.Event.fault.sizeOf_spec	Continuity.Admission.Event.fault.sizeOf_spec	theorem	someone/Someone.lean	formalization/Continuity/Admission.lean	6c42595b375dc89175cd31ee9e8211be05871b77a4d724ed5d04bd610d5fdb28	43d7dfc43ccbd6fe8456180f3b7c877f9e3f3110c00e8d46187dd095499a33d2	47248b64d7c12e25fc215d1663ce00328b041202488026b51b86e46c727da121	true	AXIOM-FREE	8d121a111fe2526d24d09cf8dae1e0eb7ddb5f89d6691228f56a33441132a72e	fcc244948a9419b0ad624bf03bcfbba686a207764ffe59f713554e1fded51b36	be96931bcb055ce32a1db480d808c32bbd7b28a642d348241a7dcf06803938e4	false
Someone.Event.humanAccept	Continuity.Admission.Event.humanAccept	constructor	someone/Someone.lean	formalization/Continuity/Admission.lean	a1f465e1fd44828c612d77b8a82bb8b14c077e8c356b70386cf0429a2fecb4c9	d6c1c60fe3a89c64d8c042e142473bb0af490dc630feac19bfbdb6b60f2a04bd	a1f465e1fd44828c612d77b8a82bb8b14c077e8c356b70386cf0429a2fecb4c9	true	AXIOM-FREE	-	-	-	false
Someone.Event.humanAccept.elim	Continuity.Admission.Event.humanAccept.elim	definition	someone/Someone.lean	formalization/Continuity/Admission.lean	5710055f3eea845565742e1b7c178de5f66bf4d696d08b85919eb17c83dc7ac1	911b79b5dfc1b9dbde9b220a7e9f36781150515aee0b738802f478fb62e9baf4	b4d33d6108e54591930d7fd91892d34c8311d6f5f54b38c266b351d8c50aa583	true	AXIOM-FREE	edaff4e50ac285f4152ea69bf9e8512821f01952e169096e5bc771e672b24c64	d01243ab48563abf72a0186446d5343c863d9bcf6f062e8fab46db077fe4c46b	8ba7ac9dd07988de51c6fcfe145cfc9b0d3775fd0793aef89e6eb09871fda9c8	false
Someone.Event.humanAccept.sizeOf_spec	Continuity.Admission.Event.humanAccept.sizeOf_spec	theorem	someone/Someone.lean	formalization/Continuity/Admission.lean	9af8635aa732a9e66a06ed2031a80bc9739de44b00033588a36a5e3b86a4f954	55cb19e773ccbcdd1032553262dc4fd03f5060d2dd0e4e0aaac360b160d5e27b	2a124412ee6a7a586d552fe8167b7639ac6e0e25760952a9fdb358d96a12274e	true	AXIOM-FREE	c3ce9e20e45db0ccb20faaab0c19785fa3f6fcf1aefeeef1c9aab9c83616c524	c3ce9e20e45db0ccb20faaab0c19785fa3f6fcf1aefeeef1c9aab9c83616c524	ae52979ae4bbde5815faba7c8ba901a974900786e16239deacf42c8e3045a692	false
Someone.Event.humanReject	Continuity.Admission.Event.humanReject	constructor	someone/Someone.lean	formalization/Continuity/Admission.lean	a1f465e1fd44828c612d77b8a82bb8b14c077e8c356b70386cf0429a2fecb4c9	d6c1c60fe3a89c64d8c042e142473bb0af490dc630feac19bfbdb6b60f2a04bd	a1f465e1fd44828c612d77b8a82bb8b14c077e8c356b70386cf0429a2fecb4c9	true	AXIOM-FREE	-	-	-	false
Someone.Event.humanReject.elim	Continuity.Admission.Event.humanReject.elim	definition	someone/Someone.lean	formalization/Continuity/Admission.lean	1f22d08277234342100465ea6f815c548b43ffe8151563461e41bc3dc847e26c	0db81d1f9467b5cbfea359f9743c5f39d92c384184c70e78bbc1ced487300ff2	b0ee14ee1e72d1080abd749a720a4e6c40b0bd0160c210a06b4d8b69792258e9	true	AXIOM-FREE	ec18276a9e9ec77c57b7fcfa3ed722b5d5af1c43457fb7e295cf71ca7cd78686	862da68a569b42d1c9c42c4fea4c88530ca64390438482f408f635fb692fa665	a9a992d28cc28c95a5378f4b95af94cb7187f6da8f816ebc54861a81872e3fdc	false
Someone.Event.humanReject.sizeOf_spec	Continuity.Admission.Event.humanReject.sizeOf_spec	theorem	someone/Someone.lean	formalization/Continuity/Admission.lean	e1127a5daebda8f56c52e09b4dcb8e6a9f5b80d87ced8d08d9d920239a4848db	7bbfa87589f0b4fbe5eefcaa1cdb3f4345f4dcc0a9406ce130d3406769e9b4d8	27d06b75f6156a4ace7b26f9f9de91148ead21eca2458c836e8624a791abd991	true	AXIOM-FREE	c3ce9e20e45db0ccb20faaab0c19785fa3f6fcf1aefeeef1c9aab9c83616c524	c3ce9e20e45db0ccb20faaab0c19785fa3f6fcf1aefeeef1c9aab9c83616c524	ae52979ae4bbde5815faba7c8ba901a974900786e16239deacf42c8e3045a692	false
Someone.Event.noConfusion	Continuity.Admission.Event.noConfusion	definition	someone/Someone.lean	formalization/Continuity/Admission.lean	8c1074de5367f854f8cf9a766503e77747292c464e9d7c79844fc7699b974477	f0073f371ffe1f8b8fb1b155590d2d52171df80b056ba1dd4d49c04867a9a300	a79101aacca7d5bdf6ff5d66061ad8dee9cc55c604404e84adc6fdb0b9b78567	true	AXIOM-FREE	de8f64ca337c318319d01bdefd45f564ee87229e912a85b61a1345474cfea316	0c5e896ed656f136d3ae454a4a91578096204f8f7f84a0db5cd7963766ca6d46	b4b1828181d7adafa2e235c94b065c8e8245fb6557a8acb07f0885bd1b923d65	false
Someone.Event.noConfusionType	Continuity.Admission.Event.noConfusionType	definition	someone/Someone.lean	formalization/Continuity/Admission.lean	7ea829447794e7f6379d76e85c832fc96768152a28bd13353b627d068a4a10e5	a81e345003e5f8c666827d7658c6e77d0faa7844436a3b48a03a7db77bb28e7b	6ca8ae047477ac93cc83ed50ba5c7f5d1ddb59e90ac0a4d94ad9758f50684f8b	true	AXIOM-FREE	2d359640206f4d3b6a1f9b741c93825883cf112a3a9e41f2ad66bc05b7ab6db0	69337b26a0121bb81d84e96442fdc357a3b9e8f0245889e050bd226bfceb89b5	2cd467767a9588b1a4aa5a0359f89fa5ab93212ec7d80cc9274f9c471cd82afc	false
Someone.Event.rec	Continuity.Admission.Event.rec	recursor	someone/Someone.lean	formalization/Continuity/Admission.lean	e7ba73c30af97d751183720c182cde5beadcfcc9986a3fa77c109b31543784f1	824a26aed81b541f261e90aa9c8932161aee150e0d634894c00b7105780515cd	a4d90d34b7feb0b1c859579a81ce0e8576fd717546734fcc271550497daf3779	true	AXIOM-FREE	-	-	-	false
Someone.Event.recOn	Continuity.Admission.Event.recOn	definition	someone/Someone.lean	formalization/Continuity/Admission.lean	33d9d94590755af3caa8c6f08f905bdb27508c35077cb6fb719c584166205aaa	47c9d1e9055d527779c1d080df4ac93b8f21b3d39dc8b9c5691eb59563c7a99d	7175ee766ae20d76bac358175f5a8f87c8be38e7f8dc3dd095a491d192067543	true	AXIOM-FREE	893dd5b0f8b72051a7368cac29c1abdfaf7462d59f008384fcbd91f64d190025	cc5b82ca7a2eeb89cbcc50b45516fd51a7d7f807f762bbbebc920ef6a6491c39	0f4181e39e57200c56bab542865f9f742879026424140fcdebf91ee9e5813fa2	false
Someone.Event.startForging	Continuity.Admission.Event.startForging	constructor	someone/Someone.lean	formalization/Continuity/Admission.lean	a1f465e1fd44828c612d77b8a82bb8b14c077e8c356b70386cf0429a2fecb4c9	d6c1c60fe3a89c64d8c042e142473bb0af490dc630feac19bfbdb6b60f2a04bd	a1f465e1fd44828c612d77b8a82bb8b14c077e8c356b70386cf0429a2fecb4c9	true	AXIOM-FREE	-	-	-	false
Someone.Event.startForging.elim	Continuity.Admission.Event.startForging.elim	definition	someone/Someone.lean	formalization/Continuity/Admission.lean	69450d856ea5fad947eda3676a04cafefdc8702dca6a2000162a1276af846c51	4bfe143d35f3d4efe05eabdd1f1caa69acc926c2955b276830d84c524b9b5f35	41d9f1475759122cfe09e0ea43fbbe2166e3069e9ad7346def340a4f98c883e9	true	AXIOM-FREE	f18da1a5406b592fea4566b90054b708cb8fc5f50823894ae440aeaa27661ec3	0a543938cee821d333553870bec8d58fd500b8fc38fde2d51f5ae1de42360a54	f2dda1a8aa306acb0f326c3576f39374800e870d7c5687b7b77a8b7bd83de8b2	false
Someone.Event.startForging.sizeOf_spec	Continuity.Admission.Event.startForging.sizeOf_spec	theorem	someone/Someone.lean	formalization/Continuity/Admission.lean	6ed1425efa3c3f19d566aae4246cd4ce3fcf9ba2d85cb39540d8bee0e8b7b6af	22ea34fef3455ddbf70df2219748ddb7a796081c69bf8ace9edc6e5959be5f57	2b3ce902abd55909d2729b2391057d546950127a572ebffebf888043bc9789ba	true	AXIOM-FREE	c3ce9e20e45db0ccb20faaab0c19785fa3f6fcf1aefeeef1c9aab9c83616c524	c3ce9e20e45db0ccb20faaab0c19785fa3f6fcf1aefeeef1c9aab9c83616c524	ae52979ae4bbde5815faba7c8ba901a974900786e16239deacf42c8e3045a692	false
Someone.Event.submitAdmission	Continuity.Admission.Event.submitAdmission	constructor	someone/Someone.lean	formalization/Continuity/Admission.lean	a1f465e1fd44828c612d77b8a82bb8b14c077e8c356b70386cf0429a2fecb4c9	d6c1c60fe3a89c64d8c042e142473bb0af490dc630feac19bfbdb6b60f2a04bd	a1f465e1fd44828c612d77b8a82bb8b14c077e8c356b70386cf0429a2fecb4c9	true	AXIOM-FREE	-	-	-	false
Someone.Event.submitAdmission.elim	Continuity.Admission.Event.submitAdmission.elim	definition	someone/Someone.lean	formalization/Continuity/Admission.lean	16ae787ae14b9499a6f25f4fe28cb688b3961ca8651e01d8104ecb80c822b3e5	5ef13ec2050fea82c4d468d4a1ebf9c95dd2dceeeeb301c1da2aac7e115aeea9	21c6082d49e055368ecb5f13bf97f63bd8aa5f80275de00a9f7d8f3bed599983	true	AXIOM-FREE	8db6b01cf87eda34d257d520662151178d0838b7feb2c664130a7b5691c1ab1f	f9f4c90053f827c0e154d7a8b5101add55636198e570d3bb40a35bbc8500a3be	a22a6669d20cb45b65ae7b094f0b5381f4946c0f9cbf1ed5ea4a143abe196a7e	false
Someone.Event.submitAdmission.sizeOf_spec	Continuity.Admission.Event.submitAdmission.sizeOf_spec	theorem	someone/Someone.lean	formalization/Continuity/Admission.lean	b25bb3a94c33e43c71c87d1b3f3f29402069e293a32ec775f45daf5f97497ecd	a7bb4bf35c72ac1051ff9468bd94b661795765153d64c88d27d3d9301d637df0	5710b04a0c5f6dcf750c27d487d186909922fbed115a28d47333e920812917c3	true	AXIOM-FREE	c3ce9e20e45db0ccb20faaab0c19785fa3f6fcf1aefeeef1c9aab9c83616c524	c3ce9e20e45db0ccb20faaab0c19785fa3f6fcf1aefeeef1c9aab9c83616c524	ae52979ae4bbde5815faba7c8ba901a974900786e16239deacf42c8e3045a692	false
Someone.Fault	Continuity.Admission.Fault	inductive	someone/Someone.lean	formalization/Continuity/Admission.lean	b4611575b2b62eb57ff8b514cf96bf01666158b035ac2fcc89065136260d1e05	b4611575b2b62eb57ff8b514cf96bf01666158b035ac2fcc89065136260d1e05	b4611575b2b62eb57ff8b514cf96bf01666158b035ac2fcc89065136260d1e05	true	AXIOM-FREE	-	-	-	false
Someone.Fault._sizeOf_1	Continuity.Admission.Fault._sizeOf_1	definition	someone/Someone.lean	formalization/Continuity/Admission.lean	294a14ffcaf682f0bc2cf60edc944651c6813282401e714e278226aefbce312c	2d74e2b35fad52a117eab9f834b4451b711be9c89f652547de4a933d8f0ae2fb	78168f2445ecbe15370c11f149b9fd32e64b226be324d5f6cac7031c299cdffa	true	AXIOM-FREE	15becd632c727e0a1e23c399e359881c54d81c78a5843f7cfac512999964221f	07abd91cdaa757f94ccf6ff799180eb125d00d95e32bf03d59a95ad184a1cb02	7c7933c8ac6de6f6fdee35493d816fdf4a82064efcbe40c64316a96cfc2040b7	false
Someone.Fault._sizeOf_inst	Continuity.Admission.Fault._sizeOf_inst	definition	someone/Someone.lean	formalization/Continuity/Admission.lean	b6b512eae35a5b8c15ebcb67a75380e6a96e8766642f35d20aef369b074bb1d4	4a7f572c41fcd61a0bff83b9397cca801c10aecf18c0dd921e3eb2e36dfe693b	b6b512eae35a5b8c15ebcb67a75380e6a96e8766642f35d20aef369b074bb1d4	true	AXIOM-FREE	5d8b8cd04aa22efdbcf6698b8e59f52398ee26bc735f24983de260c5b5b5c2f8	03939b692d6946c3f10aab3caf69f88f04de7d7b3ba30eaf5c74607fcfb9e93d	da19c8f54e2b5da94389e4f1517301e348f6a6844085ada41a18d2246515fc3c	false
Someone.Fault.authorityBreach	Continuity.Admission.Fault.authorityBreach	constructor	someone/Someone.lean	formalization/Continuity/Admission.lean	5782663b6017b2f27774a97f76148c0246ead9f7d9c14434bc1074ec2c3e189c	3977360064f713e1cc772aee81b9ba653763d19a80d48191f5389c353e975a22	5782663b6017b2f27774a97f76148c0246ead9f7d9c14434bc1074ec2c3e189c	true	AXIOM-FREE	-	-	-	false
Someone.Fault.authorityBreach.elim	Continuity.Admission.Fault.authorityBreach.elim	definition	someone/Someone.lean	formalization/Continuity/Admission.lean	e718e311037bdb8d7c498ff2623885560aaf0e185f0dc20522a5dd3a4ac6fd8b	f8bca079afb69a7d4426e2f0763a6bf3e55116ac1e3487a6680aabdae7929e50	a8cc0814bb42a530a0e931f6dd9990a90e356df02a80f5ab9e47aa5890cb689b	true	AXIOM-FREE	58a4a120057e88267110e211156278ffff08cf369ece20fa117531a2a3beae3c	f80a734c62671f44357d6e13ccd3567ee138ea91ac2c1aa7095d20149c54f373	16937fffffa4c1949e18588339c2030bf18934722d8b575298d939ba3404429b	false
Someone.Fault.authorityBreach.sizeOf_spec	Continuity.Admission.Fault.authorityBreach.sizeOf_spec	theorem	someone/Someone.lean	formalization/Continuity/Admission.lean	4a9a20d3caadbddf751201ae19251c26e13ddc55baebeedfdb0e6a9e6611107e	431275a7613e86f868fc83f9bc08ce1111c216a812bc24b3e4d858b1f2e48411	27df398b5f8a9f8b8e7fbcf54a329e4707671e2629fb76f4d63f00e41b8cce6a	true	AXIOM-FREE	c3ce9e20e45db0ccb20faaab0c19785fa3f6fcf1aefeeef1c9aab9c83616c524	c3ce9e20e45db0ccb20faaab0c19785fa3f6fcf1aefeeef1c9aab9c83616c524	ae52979ae4bbde5815faba7c8ba901a974900786e16239deacf42c8e3045a692	false
Someone.Fault.calibrationDrift	Continuity.Admission.Fault.calibrationDrift	constructor	someone/Someone.lean	formalization/Continuity/Admission.lean	5782663b6017b2f27774a97f76148c0246ead9f7d9c14434bc1074ec2c3e189c	3977360064f713e1cc772aee81b9ba653763d19a80d48191f5389c353e975a22	5782663b6017b2f27774a97f76148c0246ead9f7d9c14434bc1074ec2c3e189c	true	AXIOM-FREE	-	-	-	false
Someone.Fault.calibrationDrift.elim	Continuity.Admission.Fault.calibrationDrift.elim	definition	someone/Someone.lean	formalization/Continuity/Admission.lean	1d5cc23f76680ce33ceac43ee253d46ff08c24dedb680eb1a5c9732723df693b	0438dbd56d9f0ebc3a5c0b21434e2d67ef1122db9293a922469768182f7dd15f	ab16b26eddaab73131eb5546dcf7e01869215fb1a146e001b4257513ccbcb5f8	true	AXIOM-FREE	a19f5700b4c2437cda944fb36f7c5170cccbed24bfbcace71d4d743013f6944b	7c84e2dff360645b1f2422614e32412476cc974bd27d56653013f339a42ff362	ef89cf6fbd31fb95d95efffef57c1106b96a19802827d7cfe9bfc68ec3f74adf	false
Someone.Fault.calibrationDrift.sizeOf_spec	Continuity.Admission.Fault.calibrationDrift.sizeOf_spec	theorem	someone/Someone.lean	formalization/Continuity/Admission.lean	d2121018de5cde00c5aa77571a60021acfd6e163cbb7e51c0070178ff1175013	bbfb3ce12f4cae02c7a69f4b9e4a38ada188cb95e1216d9ad72ed126878c1433	bb7967581a6b73052826c3c3bc32d9c48d5868cfdd139ee4aecad61c1a1831cf	true	AXIOM-FREE	c3ce9e20e45db0ccb20faaab0c19785fa3f6fcf1aefeeef1c9aab9c83616c524	c3ce9e20e45db0ccb20faaab0c19785fa3f6fcf1aefeeef1c9aab9c83616c524	ae52979ae4bbde5815faba7c8ba901a974900786e16239deacf42c8e3045a692	false
Someone.Fault.casesOn	Continuity.Admission.Fault.casesOn	definition	someone/Someone.lean	formalization/Continuity/Admission.lean	30a549f7804161fbbabf97632721e402df87867c14019372ac6166ed8ba6f079	3153136a5332bf5da2402c4bbe89d7268a5a0385489579899b81d59869fc0081	04dbe71c5007791860cc07ddcca67b6039fd1a39589e7f54ec025abb7f8d5cc8	true	AXIOM-FREE	6c2751060b74cac610d3f23eb70e53088feab85071e6869ec6ce7b40f4bff0a1	913553b0c79f5d0e6a9388dcce57187f8ace0328a136d4cbbfa3dcb90b2b5458	64566fddda8e415c4adfc7cab7bd1ab3064a790518d28e2ebe655ea8fa2e45fe	false
Someone.Fault.ctorElim	Continuity.Admission.Fault.ctorElim	definition	someone/Someone.lean	formalization/Continuity/Admission.lean	24351fd7081e95096d9f79e264392294ba3a6c46ac7f6879cbb04131db00bed2	0235bef36f52e111e8e26f6553f96b952e4e9565057afd36f3c93efe07e380cf	3b5996628626be25daab8e020928f177d6ca3f5d2429d39ad7b0d2400705fed5	true	AXIOM-FREE	ba0f19454a46c536c5ce45f4f586bb180e8db70d853db9cfd1837f05bc7cd2ac	29a5f92952eff179363987b7350faadba13bd8243b1621e0c8cddcdef0499960	5eae2da25254a78e0dbbe262819f0af7b448bb812f15a05521e484f2060516cc	false
Someone.Fault.ctorElimType	Continuity.Admission.Fault.ctorElimType	definition	someone/Someone.lean	formalization/Continuity/Admission.lean	2e15bb1c836404d775a3df8a1dd641c3a9b9862a35a67f7fed8388ab4ef6be9e	465172e7cde9554a34ce4a560bcbd659cc184fd399b1e8d562c0c24e1b7985d6	6aa319d291a3f10e265c23b7192bfe92bd32e1cc038afcf69516ef0338472163	true	AXIOM-FREE	e6c31f15f18b2c4f109a9ca8b3f3d7d478286ce1f90664e9aeec8901b4d82dbe	3aaec4c9dabbcca5a59bb1e2f9a1dbbb0d56a6893ca23ea70dac335a004a7ffd	1038856ec9f1af654784282cb2647459c98403c5f9b4a3f59562004eb2c3fe85	false
Someone.Fault.ctorIdx	Continuity.Admission.Fault.ctorIdx	definition	someone/Someone.lean	formalization/Continuity/Admission.lean	294a14ffcaf682f0bc2cf60edc944651c6813282401e714e278226aefbce312c	2d74e2b35fad52a117eab9f834b4451b711be9c89f652547de4a933d8f0ae2fb	78168f2445ecbe15370c11f149b9fd32e64b226be324d5f6cac7031c299cdffa	true	AXIOM-FREE	ddb451d193bcaf89abfc3da37764607c15141791957ac42c8cacb644312a2cf4	96ed945d8b9f3abf3e15fe614b1ee86cb88ecde7a2bbe71da857c9add79a5368	bad0de24365a3f6a5adeff0bc8b331d452fbaa12c3f333dae3d2a58ff0e33a17	false
Someone.Fault.noConfusion	Continuity.Admission.Fault.noConfusion	definition	someone/Someone.lean	formalization/Continuity/Admission.lean	02eb75dfcedfc822a0e1a4e5dce82365c9bb3df9db797b676247da7b5d5aac17	3aae31cd090e09778b5f53d199b00a0ae59409cef4bf0342e612e522ef326eff	22bc54ec6b5261928405a0a3606572494ae5e5999ea083b2ec9a284fb8998727	true	AXIOM-FREE	50390d508056fbeb59584e92e8f2b9485fac38922e68a5c67cca2dcec64e5999	dd1e06a08e795169fce2546a868f5d8f6f5f0a41298df8efaf3db80aaa95c11d	488c89da70637fb6f3d6c8db0525143e8b2440cd1776c79977c4c95bdffcc26a	false
Someone.Fault.noConfusionType	Continuity.Admission.Fault.noConfusionType	definition	someone/Someone.lean	formalization/Continuity/Admission.lean	c3f7b5b714d317b6c0867212138501d86b177f6a89f7ffe9d42662d1c222fadc	bc03419b9cba6b95730e8de5b0a164570f59662d3e790c3d24e51740c4001422	632907ddea142924ab30aff96cd2f6abdc4b6ce3a413d206ad173b86a3716417	true	AXIOM-FREE	e115b72164641ba3cf568488210177da413988a3bb31a967a930bfe855c70597	6968406c612353fe2b6f5efd45dd996b88a4f2255a53c6e16190f66028ffc6d2	b69eefeae417bc9df83814de5cc8be9f08eb008cdcff263392b468bac8adde22	false
Someone.Fault.ofNat	Continuity.Admission.Fault.ofNat	definition	someone/Someone.lean	formalization/Continuity/Admission.lean	281f1a1e12a3121e74da46ec575a9af5e1fb361118158e2c7ac2599a3401bce7	bedb9e6a26c5d2a34692a17527998c126f66bcc90e440810bd413e0ddb675ea2	67659432644796efad41ea6a52036bd33a1385c759cbc227f6434035172046ec	true	AXIOM-FREE	da9f75d6d65e851f982e063376509777e0e6544be4f157112f1ca21795ff9266	6b6baa83d0a09b11c0977791a1fcf2b8837f8182b6a4489431b2567e1248831f	bee6764f8026be11eb231dc67c7c4ecf1eb561af8216be852e113bdcc4da5fc9	false
Someone.Fault.ofNat_ctorIdx	Continuity.Admission.Fault.ofNat_ctorIdx	theorem	someone/Someone.lean	formalization/Continuity/Admission.lean	077d7fceb6627340d7bf64a02de7fec868983a10c4e69cb7c9ab106c7f0a3698	2b2eb5501971c8bea0bf4b6d303148a6eeb7de7114f7a5472cfc688ad30063ea	5e89685bb6eef3e3baa9f6eca73cd73dfc3e276ea35398ec3b6f4f2c8250e696	true	AXIOM-FREE	4010e88a73e6dcfbac67482623f7b5795f89ed048cf4455d0bebc0c301c6ce53	5d2cc1feef63e8f01c7eaac803d6629a685876b48f1c8c35fd640322b89c6c3e	b9ed16477179f3044127df911a2c9ab46c9be1c8ab26b7a3b3c5bb024ebfbfe7	false
Someone.Fault.rec	Continuity.Admission.Fault.rec	recursor	someone/Someone.lean	formalization/Continuity/Admission.lean	484e93d58992cc46f1178f2b3b8b3a909c49482ebc7e527535fc6d0828066d3a	97d5efde5b4abdde2785e9245d2ec58553626a41127d730740a385f641d3f2e8	9a8a3c96a288acd7fd664f9403554de0ad8ef891973cf680d63c6b2333c9258a	true	AXIOM-FREE	-	-	-	false
Someone.Fault.recOn	Continuity.Admission.Fault.recOn	definition	someone/Someone.lean	formalization/Continuity/Admission.lean	30a549f7804161fbbabf97632721e402df87867c14019372ac6166ed8ba6f079	3153136a5332bf5da2402c4bbe89d7268a5a0385489579899b81d59869fc0081	04dbe71c5007791860cc07ddcca67b6039fd1a39589e7f54ec025abb7f8d5cc8	true	AXIOM-FREE	6c2751060b74cac610d3f23eb70e53088feab85071e6869ec6ce7b40f4bff0a1	913553b0c79f5d0e6a9388dcce57187f8ace0328a136d4cbbfa3dcb90b2b5458	64566fddda8e415c4adfc7cab7bd1ab3064a790518d28e2ebe655ea8fa2e45fe	false
Someone.Fault.substrateSwap	Continuity.Admission.Fault.substrateSwap	constructor	someone/Someone.lean	formalization/Continuity/Admission.lean	5782663b6017b2f27774a97f76148c0246ead9f7d9c14434bc1074ec2c3e189c	3977360064f713e1cc772aee81b9ba653763d19a80d48191f5389c353e975a22	5782663b6017b2f27774a97f76148c0246ead9f7d9c14434bc1074ec2c3e189c	true	AXIOM-FREE	-	-	-	false
Someone.Fault.substrateSwap.elim	Continuity.Admission.Fault.substrateSwap.elim	definition	someone/Someone.lean	formalization/Continuity/Admission.lean	4306e0844ba368ea67dc054c951e310758b455aa209f9d30cbb561b9e8999c88	5754198ccee477c145b2dedc3aa19195824819f74614ec60516f912841055013	c054d887091bbd303e62fc614a3565e676a21fd309b701dd2480ab1ba65601a0	true	AXIOM-FREE	23035a24bbfc460afca97a8de0d10b8796b35cde35e7d6bb2e00127719888fcc	601998fc43bb54e8dc9f582922617d83466a4a3d012b18732ec886c9b6943c62	f66d0aa338dfa27cfe8b57d02206f39900f320362199958c82eddfa516204fed	false
Someone.Fault.substrateSwap.sizeOf_spec	Continuity.Admission.Fault.substrateSwap.sizeOf_spec	theorem	someone/Someone.lean	formalization/Continuity/Admission.lean	cf460073320800e590ce8114b68ecd9f33e1c35d5e4708774bc7706a67128b05	5ae9e2ff60d05f4ebe7bca1c0d2c63f270831209b9eba8e7a29b159c8d52f88c	fbf5589dccc7c25072dcbc0d2879c7d35208c4b1a9c6c9f9aabbbd45bbbe4c16	true	AXIOM-FREE	c3ce9e20e45db0ccb20faaab0c19785fa3f6fcf1aefeeef1c9aab9c83616c524	c3ce9e20e45db0ccb20faaab0c19785fa3f6fcf1aefeeef1c9aab9c83616c524	ae52979ae4bbde5815faba7c8ba901a974900786e16239deacf42c8e3045a692	false
Someone.Fault.toCtorIdx	Continuity.Admission.Fault.toCtorIdx	definition	someone/Someone.lean	formalization/Continuity/Admission.lean	294a14ffcaf682f0bc2cf60edc944651c6813282401e714e278226aefbce312c	2d74e2b35fad52a117eab9f834b4451b711be9c89f652547de4a933d8f0ae2fb	78168f2445ecbe15370c11f149b9fd32e64b226be324d5f6cac7031c299cdffa	true	AXIOM-FREE	e0bee70ab3358b903734dc7486684062801924ce3aa2cb7eec288c7926b81359	23a1f1ee365badfb3473675f5656e55ceff08e9ed52f2927d15493247c3186b0	e0bee70ab3358b903734dc7486684062801924ce3aa2cb7eec288c7926b81359	false
Someone.Freshness	Continuity.Admission.Freshness	inductive	someone/Someone.lean	formalization/Continuity/Admission.lean	b4611575b2b62eb57ff8b514cf96bf01666158b035ac2fcc89065136260d1e05	b4611575b2b62eb57ff8b514cf96bf01666158b035ac2fcc89065136260d1e05	b4611575b2b62eb57ff8b514cf96bf01666158b035ac2fcc89065136260d1e05	true	AXIOM-FREE	-	-	-	false
Someone.Freshness._sizeOf_1	Continuity.Admission.Freshness._sizeOf_1	definition	someone/Someone.lean	formalization/Continuity/Admission.lean	1900f1fe8b3ff784c45424835a71bbe4b2585d15a7d19228a1ab61821b05fbc4	7b9ff783a7042cf8a67f8a23882cd94ad3486e8c489f5e1ba66097d6cba7eeee	c043fbe3c40d0090dd079601c7f5afd37846bf1eba5b14c073b13758fa46ba6a	true	AXIOM-FREE	4a849725c45b6b94f7b0df3c79cefa15f3766abe6fcab36891fded0ba0ca91b5	85b05f86b5e07e5d13b88e6e1ba7890f0b1e5456353e542ebd939c9fec65d012	b0d5918c463da8925217726315cfbb90bbe26961e3dc4c83680a9e1479cc24eb	false
Someone.Freshness._sizeOf_inst	Continuity.Admission.Freshness._sizeOf_inst	definition	someone/Someone.lean	formalization/Continuity/Admission.lean	dcb0b8817c07379f68c0eb3cf1162ddf5c53fad1a5fec00af9ada11864356225	073b46c5b7167a6d9705eb2d402a5681d31af599b132961c8e7a838aef000dcc	dcb0b8817c07379f68c0eb3cf1162ddf5c53fad1a5fec00af9ada11864356225	true	AXIOM-FREE	9f60950b6f61bb2de2bdf76160a90738b0e12154f93b135de725efbb3aa405c7	ae7eba07720fb5a21467b2c75cf87a303f805867415006833516db56014daeef	3807bd247f06daed61b8e64dfee586c980db41c24130c301ebd25a41b582becb	false
Someone.Freshness.casesOn	Continuity.Admission.Freshness.casesOn	definition	someone/Someone.lean	formalization/Continuity/Admission.lean	00bbcae57473edcfa9b9f36eea6dc56669a98dc42c1604df578f5305c65b0d6d	913bdb48252d0d83454c39294e2fbf65443c227523b96a6e08d811d3fe6199ec	cac0781d3480fa4e4fb1f201e64e7ec7bce55e6ac33cf6518a96daad5f243ead	true	AXIOM-FREE	d882d464990c55ef14cbe73ac8d1780048bb966d8cedabdf4b250b52b62d9444	7306af345650eba22284e13fdf0ef8b7ea12bd302d8b52cf2fedc980ac084e09	c14aac2b5767a028d18df4d0b9cea407a6c7b894dbf96a0b64ad5a6ee258a536	false
Someone.Freshness.ctorElim	Continuity.Admission.Freshness.ctorElim	definition	someone/Someone.lean	formalization/Continuity/Admission.lean	dc4eb8f3ecb8d4b66e19f77dd40afcf4ae2a7d012bf97487d8639176fd753af5	a684b461973eb912af668455d2f740ebb614f43b649661cefa2038e74d2d15a0	5fc395f4857b630b37b9c8c6a892a832f00f039ef73e8055b241515ec87d0996	true	AXIOM-FREE	41b1cab97f6f3748c9b7fe0d7de928eea5243420005308c3ddbc7d0ec34f44db	5b6ba5a67a0d5782e2492600eeae21d321bec5a94fb43548a203a1c152855cc2	6314da34215aabb91a8c12ea955c6c2bcbc42d84d361fc00892772a0a6310348	false
Someone.Freshness.ctorElimType	Continuity.Admission.Freshness.ctorElimType	definition	someone/Someone.lean	formalization/Continuity/Admission.lean	0c97882002ac1ef3b3ee654ff7b6172e79f11d9bc08c1648eee4c67eea46fc1f	13f46dda81a52a269c69b208277d33038b1a8b27af8a5be65388c82481fa5150	92ffbf7e25f9c8e5a3cbc3683d29b8545ddb60e97e4b9ee272c3c72941b4b2fe	true	AXIOM-FREE	0e779bd46b77d66d24a0a920d2dec66848f3ecc150ef1124d6863ef6e2ee51f4	123e3b055a53026d77d5ccaf3c60c76b0f2d073dd9e4f92fff50f4d4ad2f9bda	17e38b84d0ccc471c108906f2be2af49205666f84743d22993e0b9aa99ff0b18	false
Someone.Freshness.ctorIdx	Continuity.Admission.Freshness.ctorIdx	definition	someone/Someone.lean	formalization/Continuity/Admission.lean	1900f1fe8b3ff784c45424835a71bbe4b2585d15a7d19228a1ab61821b05fbc4	7b9ff783a7042cf8a67f8a23882cd94ad3486e8c489f5e1ba66097d6cba7eeee	c043fbe3c40d0090dd079601c7f5afd37846bf1eba5b14c073b13758fa46ba6a	true	AXIOM-FREE	4db24aaf54008c1443e193fd3902a7a97951560ba70330c4075357dff8255d31	c6524315ac109678fcf5e0cace604dd49fe4d2afa49d0f066449cdc4124521a6	c952dd18fe6ca281f3472d192a5fcf0840186a4f8d7553b03067ea0562ca09db	false
Someone.Freshness.fresh	Continuity.Admission.Freshness.fresh	constructor	someone/Someone.lean	formalization/Continuity/Admission.lean	54c87806d103124f32cfdfe984342d354766d8a28c4a00ac248e85495eef73de	77f1604d72460128eb0537dbce5f7f78ae58c5ccefe341d39f8dca6742de610f	54c87806d103124f32cfdfe984342d354766d8a28c4a00ac248e85495eef73de	true	AXIOM-FREE	-	-	-	false
Someone.Freshness.fresh.elim	Continuity.Admission.Freshness.fresh.elim	definition	someone/Someone.lean	formalization/Continuity/Admission.lean	95ad6781209e81026f379b0a5050424ad9ea68f2d7e83e8b349b0ff2e209d6f5	9f31d5b63b2e61044edb55458e28485efb8f09fd1fbf1751b5755060e73aa653	8a633631ed5d818b3b4a2aa263e47237857b1c3abc007e01aaa8f2f3fabf79b2	true	AXIOM-FREE	dc7fed720cd08bf0f36edc36db69dd5af5ceb5b8d2935f132d555784b65521da	790bd9150dcd06f8691844b56276b180988bcff8906f7994a1c55fa11eecf98f	589f0d7548bd5218e069ff151e7f51a7de8a3b09220e70026ec62b9362678a49	false
Someone.Freshness.fresh.sizeOf_spec	Continuity.Admission.Freshness.fresh.sizeOf_spec	theorem	someone/Someone.lean	formalization/Continuity/Admission.lean	a7a57e2976c668410ab6195c59e216169be5ad01d1c345c5504ed0dce8d56af5	84d8f6d7f203908fd7203cdadaaa99595e91533333caf933e99918e2b0f64aae	b98cd5b291380123a8e1fca4575fe99496bb27b0e471cf6632fb1a716e33cbf3	true	AXIOM-FREE	c3ce9e20e45db0ccb20faaab0c19785fa3f6fcf1aefeeef1c9aab9c83616c524	c3ce9e20e45db0ccb20faaab0c19785fa3f6fcf1aefeeef1c9aab9c83616c524	ae52979ae4bbde5815faba7c8ba901a974900786e16239deacf42c8e3045a692	false
Someone.Freshness.noConfusion	Continuity.Admission.Freshness.noConfusion	definition	someone/Someone.lean	formalization/Continuity/Admission.lean	a56452f18e5f3b28f6f8b80f9ed0319d78f9185a5d6ffc59f1fd6372f0c86997	2c82c39e2e7f1d4e42eebe1ec55e6ec4deba319fdb657e45736ac31e2c2f9697	07425eb5603edc0bed5ffebc4bfdadb5b8010e562404d2237e98130268b383a6	true	AXIOM-FREE	41876e487f5cf1b0cf9649e6137a03e6aa5406a220a5f14be8520c24367fa60b	7a08953e2bfe8b759431878d0b59c3893cd99f3d97f53a8a8d2b6900dfbf207d	5f7797e5845b8d21a444cf93222a27469d0cb2cdcd8a27bdd24540576d461f26	false
Someone.Freshness.noConfusionType	Continuity.Admission.Freshness.noConfusionType	definition	someone/Someone.lean	formalization/Continuity/Admission.lean	45a0f85da36f2079a533783c9a1b05eed67484fa4c26179fde1fda48c56fe761	5df7d945b9d8f43edaa47052e2c5b6b421c16a31b8064ee053ed1e45ce28ab07	47b9cc09265d047014f8c5e6831eaf4508124ab2f7a35c51be7f3488cb6309d7	true	AXIOM-FREE	247ee59b6412e6cc59036dd0ab2131575748382d128d488f7f6ee6633bb3ba57	07e83e441a330d8d8d2963aa9f85d6eb41055ea106429ad152c9c3b8c5edc844	18c5f6f1befa4038a859f859de28f46c4975bea823f3fdc253c8e8a8516a01bb	false
Someone.Freshness.ofNat	Continuity.Admission.Freshness.ofNat	definition	someone/Someone.lean	formalization/Continuity/Admission.lean	2bf6bd582ae6da2ed0148b1be95f935c88f38b4dfb992cfa93e3796c8b983261	930a145e6dd6339a2251cdfcbeddc39e75538046204f973f294bc05c43b933e8	d62a5b9fd9ec60b283d45e0bb8ddcd5856ef6ea159baf4b114d963ccf2c811e8	true	AXIOM-FREE	3663a1e732cfce90f5497e154b44a8887767742ac411a463f56de5147af54231	e1949c6f34fde318dbe3a212e783b86b615a5e570b832b3eeae9fb2050a6869b	3258ea4be803e59a6ba7d2e633233329a3f22ced6e48a1608964f72ca279876f	false
Someone.Freshness.ofNat_ctorIdx	Continuity.Admission.Freshness.ofNat_ctorIdx	theorem	someone/Someone.lean	formalization/Continuity/Admission.lean	7f7133074cd24e57496d434df450e7826dec9592d09971d0223994013061e371	e2a63ec6ff451f5556ebed194898037fbdbab8f494546f51a43b5bf827cd2019	b770848fe76a8788196e4a4a1e34ef15ffcbf06055c520b0d6d5b969219c032d	true	AXIOM-FREE	aeffc26d6cc901a07e3c6e62b46951fce3973610579c9de3e31a985a02ed1fad	55752f94e56b3ffa05a52a80b7a33c212a03ea54a3c640c7b0c1d261d4933aac	502e36858f20793d031044e60b74729a74a84d0e2e6375efda6608325c8ee1eb	false
Someone.Freshness.rec	Continuity.Admission.Freshness.rec	recursor	someone/Someone.lean	formalization/Continuity/Admission.lean	c3223478ad24c697c1619a1e39c6f2fbedab10907dd121b7f4f58440832089b2	c154d9623926a401b200dbf2401c7956998d3cfe479ec8771ec97360ba259af9	f961af2e1e706479cbd209862447710a6956f16eac0401ffa12356ca126be7dd	true	AXIOM-FREE	-	-	-	false
Someone.Freshness.recOn	Continuity.Admission.Freshness.recOn	definition	someone/Someone.lean	formalization/Continuity/Admission.lean	00bbcae57473edcfa9b9f36eea6dc56669a98dc42c1604df578f5305c65b0d6d	913bdb48252d0d83454c39294e2fbf65443c227523b96a6e08d811d3fe6199ec	cac0781d3480fa4e4fb1f201e64e7ec7bce55e6ac33cf6518a96daad5f243ead	true	AXIOM-FREE	d882d464990c55ef14cbe73ac8d1780048bb966d8cedabdf4b250b52b62d9444	7306af345650eba22284e13fdf0ef8b7ea12bd302d8b52cf2fedc980ac084e09	c14aac2b5767a028d18df4d0b9cea407a6c7b894dbf96a0b64ad5a6ee258a536	false
Someone.Freshness.rotten	Continuity.Admission.Freshness.rotten	constructor	someone/Someone.lean	formalization/Continuity/Admission.lean	54c87806d103124f32cfdfe984342d354766d8a28c4a00ac248e85495eef73de	77f1604d72460128eb0537dbce5f7f78ae58c5ccefe341d39f8dca6742de610f	54c87806d103124f32cfdfe984342d354766d8a28c4a00ac248e85495eef73de	true	AXIOM-FREE	-	-	-	false
Someone.Freshness.rotten.elim	Continuity.Admission.Freshness.rotten.elim	definition	someone/Someone.lean	formalization/Continuity/Admission.lean	d016cd745793c319fc59075abf3aacea890b2910e265113f7f74175bfaa03a45	b9f3950d667a0900de7c531de44faba1a49e21e81ebc207c35cfe3d40c257ddb	784b4ee56d523024b04e52caa5aaca8d08921ecaa6acd8adbf7dd164a495ce73	true	AXIOM-FREE	684950adfba86caf6313fffea49db0e8a0ee9f2eb10ae4fead2aa437529ca197	c1eb8fb480929bc065fd055948ddbaafcd583395908c559d1b61d0c060b51316	5c4378dba1e5f1c00ee69c22c44464d75b7a23f7eba7ff1aab63a800dbada000	false
Someone.Freshness.rotten.sizeOf_spec	Continuity.Admission.Freshness.rotten.sizeOf_spec	theorem	someone/Someone.lean	formalization/Continuity/Admission.lean	4528410e412d341f30030b16415d0630e8614d258d98ce847b20967181e0b410	9633fcdf2633a3cbe5f04d1b6eb565469b24dd3e8149085496fbc977b847eef8	663a480a3f580721e7e9fbfca842f9e688444afa984f2ae5822914a5b4d7b6eb	true	AXIOM-FREE	c3ce9e20e45db0ccb20faaab0c19785fa3f6fcf1aefeeef1c9aab9c83616c524	c3ce9e20e45db0ccb20faaab0c19785fa3f6fcf1aefeeef1c9aab9c83616c524	ae52979ae4bbde5815faba7c8ba901a974900786e16239deacf42c8e3045a692	false
Someone.Freshness.stale	Continuity.Admission.Freshness.stale	constructor	someone/Someone.lean	formalization/Continuity/Admission.lean	54c87806d103124f32cfdfe984342d354766d8a28c4a00ac248e85495eef73de	77f1604d72460128eb0537dbce5f7f78ae58c5ccefe341d39f8dca6742de610f	54c87806d103124f32cfdfe984342d354766d8a28c4a00ac248e85495eef73de	true	AXIOM-FREE	-	-	-	false
Someone.Freshness.stale.elim	Continuity.Admission.Freshness.stale.elim	definition	someone/Someone.lean	formalization/Continuity/Admission.lean	0d4c755764911975a29a7389e1aa93163f8c227fb11be79fbfa5916ffca41884	38ed0f8c5bbe3745a97976c5d34e01fe99319aa99cb189ab4b35a89c414e1f4c	f8090e0c7f1f2008278cfcee4f16e80b4ef150edb849111e83925c877eccf162	true	AXIOM-FREE	49abd97e393d6d0590300f632ae6790e0b1f717ee6a1b3eb4c24a8f308136ba5	af861e1df91fef8128a907c5f337fcd79294b694dac56da80b8b7108b7d7b2fc	7b6450995e4f2d9c7543e541abb331f409b5b3bd8a74525f61fb2af5227ea865	false
Someone.Freshness.stale.sizeOf_spec	Continuity.Admission.Freshness.stale.sizeOf_spec	theorem	someone/Someone.lean	formalization/Continuity/Admission.lean	147b2a627014364c0fe107092f13a7d18f15b10163ce42b2d9405369c7bf731a	fdf601e6312372ef4652d793f88bdae0a2be5c8e9cc9aa0ade549e2df1b661dc	01d912ca67bab7c61fc27dc957e5501220173a687cbc4c9f2ccc8d0fb70097bf	true	AXIOM-FREE	c3ce9e20e45db0ccb20faaab0c19785fa3f6fcf1aefeeef1c9aab9c83616c524	c3ce9e20e45db0ccb20faaab0c19785fa3f6fcf1aefeeef1c9aab9c83616c524	ae52979ae4bbde5815faba7c8ba901a974900786e16239deacf42c8e3045a692	false
Someone.Freshness.toCtorIdx	Continuity.Admission.Freshness.toCtorIdx	definition	someone/Someone.lean	formalization/Continuity/Admission.lean	1900f1fe8b3ff784c45424835a71bbe4b2585d15a7d19228a1ab61821b05fbc4	7b9ff783a7042cf8a67f8a23882cd94ad3486e8c489f5e1ba66097d6cba7eeee	c043fbe3c40d0090dd079601c7f5afd37846bf1eba5b14c073b13758fa46ba6a	true	AXIOM-FREE	980aaedbbe02c871c1ef44a6eb6a5a87fd8a4f116c26b49730ee2b1bc0e6a2e0	1980429996edd7878ef5394dd3debb2e9b2e368558d164bdc881b5ba0fb9b4c2	980aaedbbe02c871c1ef44a6eb6a5a87fd8a4f116c26b49730ee2b1bc0e6a2e0	false
Someone.GuideReceipt	Continuity.Admission.GuideReceipt	inductive	someone/Someone.lean	formalization/Continuity/Admission.lean	b4611575b2b62eb57ff8b514cf96bf01666158b035ac2fcc89065136260d1e05	b4611575b2b62eb57ff8b514cf96bf01666158b035ac2fcc89065136260d1e05	b4611575b2b62eb57ff8b514cf96bf01666158b035ac2fcc89065136260d1e05	true	AXIOM-FREE	-	-	-	false
Someone.GuideReceipt._sizeOf_1	Continuity.Admission.GuideReceipt._sizeOf_1	definition	someone/Someone.lean	formalization/Continuity/Admission.lean	ff9e81ea19ca15fc1996026237badd5b388c547da7bcb03b145c3534356a6f02	d38f89bcdc590aa9d4051ac7fe89b8047c5e12b6f782ad82ea752d576c48f66b	9ca4bd9c584e300ac4dde3c17749f30d909c428109e3e0066f4d4472c2656460	true	AXIOM-FREE	7051437b001a59e741590a11502265ad023825ec8dd1019dece25eb0ef8db87a	8cbf09768082b7274543ccc050d28714f16d23d7db221f684bd77d1990d8be36	335306b4dcf78afdc335b999da70c2924b379e0e6f7204dcf56a7caf10a41792	false
Someone.GuideReceipt._sizeOf_inst	Continuity.Admission.GuideReceipt._sizeOf_inst	definition	someone/Someone.lean	formalization/Continuity/Admission.lean	56fbf946d624a11230d8acdf3d95b47d4122317c23e95c0ab073f127ce494994	dd113e5f8caee0f05ee93ab225498b0fa6e12d66b766bc51d200a206c7d186fe	56fbf946d624a11230d8acdf3d95b47d4122317c23e95c0ab073f127ce494994	true	AXIOM-FREE	f2e63a16b17ec25d61f9988e56b29e778224b03ce2c3376aa1e46ec46214ef2a	94ae49dba8bd929652467539646aa823e54de955cc95429327318e3049129342	19c7e1b7a4d4a6020b1696c2c1b3d451619885ccf112a3cab9d6fd60c0ab5c8c	false
Someone.GuideReceipt.casesOn	Continuity.Admission.GuideReceipt.casesOn	definition	someone/Someone.lean	formalization/Continuity/Admission.lean	86adb7fd5c2e35ae81b7a9ae57667ae7da25cdb23b25d1858a501f32353e2294	3ad82932dacd946c9f699c168b36258256deaf53c76e3e3e3b7285ca2c23b9e0	ca39b22e416141b616f33b5927862263c56f18fb4740681d3aab1a75b85bb88c	true	AXIOM-FREE	cc4dd018695e95b57a6a26e41de569b3fe7e94bd4705c41e3f8c50d3bf54f5d7	77a491dd3e8cab3ae77e59a797f64f091956c29a76a3efebbde930965d633850	a5540ea38f6a13a0164057090ae2e501282d26c8b0a3edb9801ecef54762d4a2	false
Someone.GuideReceipt.ctorIdx	Continuity.Admission.GuideReceipt.ctorIdx	definition	someone/Someone.lean	formalization/Continuity/Admission.lean	ff9e81ea19ca15fc1996026237badd5b388c547da7bcb03b145c3534356a6f02	d38f89bcdc590aa9d4051ac7fe89b8047c5e12b6f782ad82ea752d576c48f66b	9ca4bd9c584e300ac4dde3c17749f30d909c428109e3e0066f4d4472c2656460	true	AXIOM-FREE	f96d407282b0022277bc95f85e47e146f3e58482385c5a814db9a1091c8ee86a	501403699d51faf3fc57088e95d99e74dabc598b8461e4c989601d4e5da4a64e	8bff5c8d6afd4df67e440711dfc69d97b0c58c86ae72c44fea17592761329a27	false
Someone.GuideReceipt.mk	Continuity.Admission.GuideReceipt.mk	constructor	someone/Someone.lean	formalization/Continuity/Admission.lean	bdc24bc8279029f7796d16a58bca716f8fec326a41b936283eaf9972b44a5426	cb989e03522c0ef26a91dfc3d3daede30dbe24aeedebc3a7d11c87e04efbe045	7e876c66afe2f0f2534c29184f0b4c7a55d3b98948317a7caa54127dd998fd71	true	AXIOM-FREE	-	-	-	false
Someone.GuideReceipt.mk._flat_ctor	Continuity.Admission.GuideReceipt.mk._flat_ctor	definition	someone/Someone.lean	formalization/Continuity/Admission.lean	bdc24bc8279029f7796d16a58bca716f8fec326a41b936283eaf9972b44a5426	cb989e03522c0ef26a91dfc3d3daede30dbe24aeedebc3a7d11c87e04efbe045	7e876c66afe2f0f2534c29184f0b4c7a55d3b98948317a7caa54127dd998fd71	true	AXIOM-FREE	bbdee04416646d2fc58e163e80d3e9741decc65ccfe7a99cfe666d370fdcaaad	9ebf003df0cb42b4e0a88d655fc8697433cca30edf053949cecae74773c0c53a	d32363e381e36def9b38eacd0701f3f04a88857a7815b289c56e031e21ab3dcd	false
Someone.GuideReceipt.mk.inj	Continuity.Admission.GuideReceipt.mk.inj	theorem	someone/Someone.lean	formalization/Continuity/Admission.lean	a6448a7be16b3a5418c383d520e45ae5dc888578cb88e08ca3562f5e8cba724b	079b71fed2661281e442d0b7f11e6ee96682ad71bfe5fb81decb3e5f1c09ed85	b920556bfc2f612f1e9a3966de528445d4f07f9ba0816d18e67948233b7c578e	true	AXIOM-FREE	7a3c5da6716db5d6edc07ce0fab457a0aedc29ed14a1c92ebd7569f57770a93f	1b1118027f39bad32c5e8baf3a42af8c77954f3eb178ffce34d4a9152d6c0b93	d032bf8b6606c6473f83075508a9fab910522da5f1b33980fdbd2a60e0eca347	false
Someone.GuideReceipt.mk.injEq	Continuity.Admission.GuideReceipt.mk.injEq	theorem	someone/Someone.lean	formalization/Continuity/Admission.lean	2735c7e7df42d0e9b1632870fbe5fae95345b18fa2301d873fcd1d60f46a0fbf	78761da9fb8cdaed8f81eef55c0b44373527f7ade9bb750c4f01d54d7b7bbd7d	82f3c6e761dc0dd2b2609afc7709149cb309c781da5d0e683ab5fff8a39fc396	true	[propext]	5ea58ce440e71b97dca290db7e114da3ba71daf138d4c186284fa20bd8ea9912	fc3ba73fbbe3ebf8d6bd4b4fc1935c44108db393ca5f096d5e92695a8c727031	40a394347ffa7bb94b961c84c173be4782ed374a152559ce3822f880d66248ef	false
Someone.GuideReceipt.mk.noConfusion	Continuity.Admission.GuideReceipt.mk.noConfusion	definition	someone/Someone.lean	formalization/Continuity/Admission.lean	1c7f8f5ad6dcf45ce29ee103019507d6e370f8dccc778f8afe1a7b2680c4a677	7ea0451897163ba3155c7c333ce7aee4e3482ad84d958c45a8c4f6da54a95192	5331bc269fc55de195a1645818a674669bf4267f6896fa937bb647727439b470	true	AXIOM-FREE	baab83174b89cea4db7446c584378e2620f19bf7def0ea47f97e050b87f3d2e6	ec6fe4ab29e4c60192239946afbba3a782a2513188d3c33c84f37a5617903216	8d235257b9600ad97171c82d5022d33492d8599634b39b428357998c5705e755	false
Someone.GuideReceipt.mk.sizeOf_spec	Continuity.Admission.GuideReceipt.mk.sizeOf_spec	theorem	someone/Someone.lean	formalization/Continuity/Admission.lean	b537b3320c8c0ea5b94acc2a29c63dd49b0d665e480c12cc69be2e0db88bda5a	7e094d3c99b238b2cb6254b8d0e772dd4a71f584cf91cfd6cccf3cd9366bba8d	d990d5205971bf4d2d4ebdccc7a609952d50ce6f9fcea14edc9de8165b9dcb97	true	AXIOM-FREE	b0527bd18bf8275ed05afcfee02f0397198814d1738fd02e5201b86a717432d9	08a13daeb1e5a56b58cafcfabc0c307ec551bed10b4aa598de791d463c48e13c	3f92b37b076fdd8f6d6a8147416e8f5a476043998db8281c63a6815d548f647c	false
Someone.GuideReceipt.noConfusion	Continuity.Admission.GuideReceipt.noConfusion	definition	someone/Someone.lean	formalization/Continuity/Admission.lean	11fa24766e5f721365ce85cf83e1adbbb224c1bab0b90f6287d5b83f265fb3c7	2a27e777a83b265b18d3d5e1a52c3e162f589ebbd3ddfc68258d40d000be70be	a7dcd67f5917a629d840247aec8d0ea455ec1189a37498764efb420ffbd89bec	true	AXIOM-FREE	a9378b14d01f475acd4e5ddd6312cafaae0e3f1a62b6f6ef2ae10cc73cc6e178	34c49434dc3417e5354736d35d31757b0966764f55de9e915264838557de0e50	87fe7211e4478a2f4f7225a31e1e0ba6ff4cbe06464f515b3f865e2fdc683e38	false
Someone.GuideReceipt.noConfusionType	Continuity.Admission.GuideReceipt.noConfusionType	definition	someone/Someone.lean	formalization/Continuity/Admission.lean	f7c35de157a69dbb0b3e0e538b9c3b05a7c77d1b48c5edc494106a22bcda50fc	9c6f28adcd8c0baadaacf7385b7a7acea35dbc2108b45ebcc9e4b8f10d895830	67e821423ac54f27f20820b1f7a2a06887677e2b2afbcaa62ac01cbd6abbec72	true	AXIOM-FREE	040f6146fb117e5966481548232c9ffac4b66baffc0a7b07dea610da6b988b82	f295eceb35657fa6656ca679786b98957289b943577b75bac866b1fda408b0a9	00cda22c56a52e344698714bf89ce23eafc91fd0eb8591106cd75cd76b5e4774	false
Someone.GuideReceipt.rec	Continuity.Admission.GuideReceipt.rec	recursor	someone/Someone.lean	formalization/Continuity/Admission.lean	162a02c990823183b3cc8a4f0416fcf7e42b510a6d03ce781af8700eff839b2d	aed7d34d2eff6f1c37ac6d88ffd61b00d368b3e2f2fe56611c83a54dd3f47106	d5d406710b7e28fed35b569fc78939e521871240517eebac9378717063a62d59	true	AXIOM-FREE	-	-	-	false
Someone.GuideReceipt.recOn	Continuity.Admission.GuideReceipt.recOn	definition	someone/Someone.lean	formalization/Continuity/Admission.lean	86adb7fd5c2e35ae81b7a9ae57667ae7da25cdb23b25d1858a501f32353e2294	3ad82932dacd946c9f699c168b36258256deaf53c76e3e3e3b7285ca2c23b9e0	ca39b22e416141b616f33b5927862263c56f18fb4740681d3aab1a75b85bb88c	true	AXIOM-FREE	b72709fa9669b393a38990bc516dcb234ffffb733d8eb565fb2a7b8278785ec7	6f477362cd8588dcb3553309b38ab959194d187876ce9b462d751a9ab4c2c6d1	01c175e2c68d63a4860a2b80e678d5b6946687edafb88b2030111df48586db44	false
Someone.GuideReceipt.reviewed	Continuity.Admission.GuideReceipt.reviewed	definition	someone/Someone.lean	formalization/Continuity/Admission.lean	22df534386bbc6c1a9b64f2fad93151adec8e8c088cd59479fffd2079a959505	9e62b3277f8030a46bb4ce92ae23965d12aff3d6c1f8bec5a28559da9096c5e9	034442593d6d409e37f7b8fc2cbd3189aea535c3b619bd2c5c90901905e3e974	true	AXIOM-FREE	a3cbbe84a30864447e3eec2dbf2687019c92e9726ac4fd563e8dc86c12ccb6dd	5f2662db2f055c17aa4014a5e7a6fa8d7458cbfdbd65b79af004d25cf98d4029	b3bede7e082809c7c30cb9e026179248eca27f9aa04ede44c64bcdefdae312c4	false
Someone.GuideReceipt.witnessed	Continuity.Admission.GuideReceipt.witnessed	definition	someone/Someone.lean	formalization/Continuity/Admission.lean	188418d30a8b220fae77e85a7a959ccfcbc875d2a7eeaff8ce11b9d1a665d952	545c82afe313c5e61c0daf25e130db7c42f652380faa00f3edef95ad5b3cae99	2462d5301faabac55546e8ec6ca871f67b8ef21f0c61940c7388ea8b743bacc8	true	AXIOM-FREE	4656ea83d139c64cf52f0770d62dae0ba0d4418f41c1db0329de91a86c08a021	2f588da97e3201eca121d66fb49089d29f963ce93ec3b822a41adc688fdd171a	3e18081409817a13a6d91db275ab4c90ac2b88d50b6d9bd8686763bb8c1cebfb	false
Someone.LineageClaim	Continuity.Admission.LineageClaim	inductive	someone/Someone.lean	formalization/Continuity/Admission.lean	b4611575b2b62eb57ff8b514cf96bf01666158b035ac2fcc89065136260d1e05	b4611575b2b62eb57ff8b514cf96bf01666158b035ac2fcc89065136260d1e05	b4611575b2b62eb57ff8b514cf96bf01666158b035ac2fcc89065136260d1e05	true	AXIOM-FREE	-	-	-	false
Someone.LineageClaim._sizeOf_1	Continuity.Admission.LineageClaim._sizeOf_1	definition	someone/Someone.lean	formalization/Continuity/Admission.lean	57f1dcb6685937b4802e797de05a1644b6479adacbb79edaba4a301dd8d33077	8246c5ba8cfdec6c2d6c1d9397cd4449602bb8e35e98ee48e2dc36c906bab3a3	b3cca9aadc18293b3f1af8ffc798fe627b705a1220e59f52dcb97ddae9818255	true	AXIOM-FREE	aca5cde4d8a9daad533903a615b2d52dc1649c166c6e474973c2065d013f6c5b	bae788efe71875190f4c5de1ec5baaa1e27c08f846dd4a3f42f88a00295b68bb	0d4347a617c096d0139d286f64ca0aaa6affa9211151d44afbfd5d40141a49f9	false
Someone.LineageClaim._sizeOf_inst	Continuity.Admission.LineageClaim._sizeOf_inst	definition	someone/Someone.lean	formalization/Continuity/Admission.lean	74faa875d7bc04df96af1c59d7e621b667a9a1ad90a569305c45f53c5b617498	cef6b095b68f90092d0b278b0bad8443046a3617121acf7e7a4fd7b6f33a5c1c	74faa875d7bc04df96af1c59d7e621b667a9a1ad90a569305c45f53c5b617498	true	AXIOM-FREE	5426fadff422c94fd27bbb4da1d5e71077bb766e11649fa1cef4265f0ccae56d	808edd5b42e9be7f91e1e89ba54c3144d0bf694204028820477ce8c5ae69bbd7	3d14d8346b9db4c95da1258031f7869c2fa937b3136951a23a89634ed1bb5b5f	false
Someone.LineageClaim.casesOn	Continuity.Admission.LineageClaim.casesOn	definition	someone/Someone.lean	formalization/Continuity/Admission.lean	fe6e7d17ba6c911169616388e6758816f655ba83451c3453a24b0f55248f0d04	6f2b2227a359d8964afd2db711ddef073a103284feb2a17a212ed0d3444424ef	33fcbc52fa29479f0d065c88c035c64d00ac959a6d8673a5a94f753155b6c630	true	AXIOM-FREE	15e424fb4350570f60a6cb840c97dbad588733de25e924ac8208a2c9cd28fa62	58f1969e081de3b2eaf2104f222e53ba55e0cff927ba59bd8bad245a414a819c	9d9ed391ee23874439fad116bd46eeddf5bb66a0fe729accc9ff2f6772599e5d	false
Someone.LineageClaim.cloneLine	Continuity.Admission.LineageClaim.cloneLine	constructor	someone/Someone.lean	formalization/Continuity/Admission.lean	1fe44a1e2dd6559ab85e3813e8d5d482a5bc950098a642643725af0f404078e2	b999ec568df8e9b135a101b3974718d7fab2ec1141a02960217a1ae48e1f7ab0	1fe44a1e2dd6559ab85e3813e8d5d482a5bc950098a642643725af0f404078e2	true	AXIOM-FREE	-	-	-	false
Someone.LineageClaim.cloneLine.elim	Continuity.Admission.LineageClaim.cloneLine.elim	definition	someone/Someone.lean	formalization/Continuity/Admission.lean	a34cd003bf8c25266d0e5dc115715cca59104a1447edc1ebcc05f069d77ead2e	1b98b9003cecccd63eb3ceaa180102f58542a2b9c7a7730b5097d8af61fc57e0	346585f1cbfdf0ee41bb22a0f851ca2d4565b2f2147fcd1065f8c07a796dabdf	true	AXIOM-FREE	7fe26b74201448f9d2121f4e977e444b628416f43a5f59e5d685d8fe3ad56393	059aedf82bd726823e187b1bf37156778e8771f63c680877015cd6aca6f62fd2	91ab8c965b993a2f83b808094c14fac472cbba77ff5c9a6b3a8f3f1318a9a0f6	false
Someone.LineageClaim.cloneLine.sizeOf_spec	Continuity.Admission.LineageClaim.cloneLine.sizeOf_spec	theorem	someone/Someone.lean	formalization/Continuity/Admission.lean	f14415f794751ef4e6d33992660414d93a87b4bb01841662b6ebb7fd77fc03c2	130aad60872a98c4f53d2062b1cc8904be2df0b84e3e428891e1e874ce626bdf	2d4ffe578b460fe3d719c9cef9608b74d40cd853e154e48f2da6bef9f918b7ac	true	AXIOM-FREE	c3ce9e20e45db0ccb20faaab0c19785fa3f6fcf1aefeeef1c9aab9c83616c524	c3ce9e20e45db0ccb20faaab0c19785fa3f6fcf1aefeeef1c9aab9c83616c524	ae52979ae4bbde5815faba7c8ba901a974900786e16239deacf42c8e3045a692	false
Someone.LineageClaim.ctorElim	Continuity.Admission.LineageClaim.ctorElim	definition	someone/Someone.lean	formalization/Continuity/Admission.lean	be2082142ede17b61b2b453f30b4164b6bcf44898df480c88fbd4faef2b71ae6	a3167bc158c24238a29d05b496eab6f0812b6f6bece79ab9ba65bf68016ad52e	3376b78ba795bb69aaf881e264821fe1bca3f1810e207f9af867d1f5600a8324	true	AXIOM-FREE	332b8fe47d4b7ff67b4c542341c0bcf72d8d93291b958a17b4c705e43a48f7ba	094922728d5d8de2165c590c153d04210a04381c8dda7adb4e6d059f1a17c0ee	b9984cef881ebd5214164adaae6807171546d1ed3eef4ccfdd4ec055c95ecf6f	false
Someone.LineageClaim.ctorElimType	Continuity.Admission.LineageClaim.ctorElimType	definition	someone/Someone.lean	formalization/Continuity/Admission.lean	72110cb68d65921557682e72ee40ddc9b0c37a3cf601fca6bbd939313bfc6ecc	759590a523a2e57adb4e8cb03b09e1ff7748c7f2e2a9a5e7c02a2e5df43c9fd9	107a77a32302161324388547a4cc477e813151ae4090579b6947e1998b1adcf8	true	AXIOM-FREE	22090aa69d74843eaaaa51f29611879d34fb7781f8886762b8160fc48e5b1c75	6d793cfd817707f7f43aa020183ae06d0b4fcd820f26f65dadec1b7e43136259	dbda5d8df1bc133e64cdbd7cec460dcaea4ebe04562ec075acd9ae9cb429baa7	false
Someone.LineageClaim.ctorIdx	Continuity.Admission.LineageClaim.ctorIdx	definition	someone/Someone.lean	formalization/Continuity/Admission.lean	57f1dcb6685937b4802e797de05a1644b6479adacbb79edaba4a301dd8d33077	8246c5ba8cfdec6c2d6c1d9397cd4449602bb8e35e98ee48e2dc36c906bab3a3	b3cca9aadc18293b3f1af8ffc798fe627b705a1220e59f52dcb97ddae9818255	true	AXIOM-FREE	1ec8bfe16d2fcdbc0450c656963b5dab546062066ffe8d7fe719c515323bbd0e	11e57e99f97e3192066b4ac75f12e76e7e67a16dc4bd6136f3a5e3a4c8dff501	7c85564ec992cdb93cb4d4a521158836dbd1cea8e94cc63a57f3920b10b02475	false
Someone.LineageClaim.familyName	Continuity.Admission.LineageClaim.familyName	constructor	someone/Someone.lean	formalization/Continuity/Admission.lean	1fe44a1e2dd6559ab85e3813e8d5d482a5bc950098a642643725af0f404078e2	b999ec568df8e9b135a101b3974718d7fab2ec1141a02960217a1ae48e1f7ab0	1fe44a1e2dd6559ab85e3813e8d5d482a5bc950098a642643725af0f404078e2	true	AXIOM-FREE	-	-	-	false
Someone.LineageClaim.familyName.elim	Continuity.Admission.LineageClaim.familyName.elim	definition	someone/Someone.lean	formalization/Continuity/Admission.lean	ded2a517d869ac9f7b6c68f83dbd8e8256c38dd6aad0252a8361e3bffcdd65da	f4630927fb8d45fdc1d35d0043ac6b1a74c8886c852cfc58bf4a2e62a4a3f08c	6fc7f473bc768865c1b5ac1151efd186d42a235d33b1da8353d36a4568df4d00	true	AXIOM-FREE	0718d99913437004a820dee8f271cd63cf76d7219c388742b20c402727282de0	d8a2ca36875ba525ddaa4d7c1ec34540a0c2e93ab098c99842d77e00753ba108	5b839a4fe49621f48d0051af211ab134336529fe47d5fee50bba46a162b44d84	false
Someone.LineageClaim.familyName.sizeOf_spec	Continuity.Admission.LineageClaim.familyName.sizeOf_spec	theorem	someone/Someone.lean	formalization/Continuity/Admission.lean	cfc95c9a58691f30a5f9935f3a51ffd75d0d4d5984410dd1715481398d59c744	2177f388c6fb8b27aae793af8c224c0c5abaa364cb918bce238aa006b8710a24	e3dad2c083f872fc6c450ad6ae6b30b55a74e98c161321cbeb3ef816cbcb5b03	true	AXIOM-FREE	c3ce9e20e45db0ccb20faaab0c19785fa3f6fcf1aefeeef1c9aab9c83616c524	c3ce9e20e45db0ccb20faaab0c19785fa3f6fcf1aefeeef1c9aab9c83616c524	ae52979ae4bbde5815faba7c8ba901a974900786e16239deacf42c8e3045a692	false
Someone.LineageClaim.maker	Continuity.Admission.LineageClaim.maker	constructor	someone/Someone.lean	formalization/Continuity/Admission.lean	1fe44a1e2dd6559ab85e3813e8d5d482a5bc950098a642643725af0f404078e2	b999ec568df8e9b135a101b3974718d7fab2ec1141a02960217a1ae48e1f7ab0	1fe44a1e2dd6559ab85e3813e8d5d482a5bc950098a642643725af0f404078e2	true	AXIOM-FREE	-	-	-	false
Someone.LineageClaim.maker.elim	Continuity.Admission.LineageClaim.maker.elim	definition	someone/Someone.lean	formalization/Continuity/Admission.lean	051a92d5ebf40c873c0b7830f02faebcd95001a685ba009b573e34d6a8c365fd	6a375b3afce4b8f066f5645af99d5e27b416250f7947d74423065d9b99a70555	70e7676f5fb5b62db62c645cffaa19081fd7de55b5c3d19e81952eee96058630	true	AXIOM-FREE	b2eba8fbd9b961d00369de0251bfeb8274b063e1400ca63335b7984c75f18a60	8aa23688bbbb033171feb0e40ad35b0b9e20a02e00e4cbc871f19b24e941321f	e205d5d329c13c362755b5038b2cc9231cf362bdd11766822da365d8ddb5c7f7	false
Someone.LineageClaim.maker.sizeOf_spec	Continuity.Admission.LineageClaim.maker.sizeOf_spec	theorem	someone/Someone.lean	formalization/Continuity/Admission.lean	4fd3416e85178afa453ed9c7b120eacdea2bb1e8da161a2586cd65bd2beb3133	791c929e7181a93fbd755c71fea4dbea0002f3ed22d48dcd5b713b90c4bda135	f996c3942b3467d5f28dd1ce77fe9b28c6dfeb33a28287afa2079b40dda2191c	true	AXIOM-FREE	c3ce9e20e45db0ccb20faaab0c19785fa3f6fcf1aefeeef1c9aab9c83616c524	c3ce9e20e45db0ccb20faaab0c19785fa3f6fcf1aefeeef1c9aab9c83616c524	ae52979ae4bbde5815faba7c8ba901a974900786e16239deacf42c8e3045a692	false
Someone.LineageClaim.noConfusion	Continuity.Admission.LineageClaim.noConfusion	definition	someone/Someone.lean	formalization/Continuity/Admission.lean	223ffdeb514b9e518cb56f78cc04c160656a8450be4341d4a09bcae23642febf	5a14a4bc2ddbe9cdef1f200d34f676749abacf969e375aad282d327456bdc569	522d4ae6b393d4eb073fd95c281b5dce5b46ad76a2c6e8b7b0e3d5b7e722739f	true	AXIOM-FREE	1c7ec17e8d6978bbe22687e924905ef45daf7227433a5df8e6799a8ebd738cbc	39abf8360d66500046128bcb5fd9e6f93bcb5e0d7de79c1a43a9e1439dc0108f	6970337bc8fc9e9e4d7b7a2b126c6fc0d6d53f5b95c41056a3057cf424582c8f	false
Someone.LineageClaim.noConfusionType	Continuity.Admission.LineageClaim.noConfusionType	definition	someone/Someone.lean	formalization/Continuity/Admission.lean	8faa6f1d15f596f72f4a5c5b5f47d6ea735fea4fd492525007c450d7529c6cda	3743a932e1d6126929e82eb4db7ba1e76864031362d8e4e8f46199e71494524e	7eab8b4e0a6fb73109be4232ceec21f822980b0253ab576a01958a37e0b93e3d	true	AXIOM-FREE	edd3a1b35aec14eccd23e1c7e9a5e08e7b47130aadaf6bc27a0a6a50f2a942dd	5327cfe4a1c1d424e428bbab5ce684f6c534de5c4deacc0e750c7a61c388128f	e38f6385e307288c2ec5274c18ba64afe070c73e3316a37af9b81897d7fa1965	false
Someone.LineageClaim.ofNat	Continuity.Admission.LineageClaim.ofNat	definition	someone/Someone.lean	formalization/Continuity/Admission.lean	3ac55f75ec3d007de0551817d2f84527fa61f15b58e69cdaf6d263faf0ce1b85	3605bb6e436a5fadd890620f40f824f91d1f6042f59b9c511f09800e9414fdc1	3edf49a1b1f9ac16a9569c3026185ee581c360fcb251f4d46fbca77a87fd4247	true	AXIOM-FREE	1fcfa8e4e47eb4637f452388cbfada8d5e467f1692af371d8b623875a3a1a464	8d5c18679093093eeda92c08d7ca635e1151bd534fd5c5d23abbbfcb3f093e0f	7987a29100b26ecdf5429f7613e412c96d24c8b82c15781f46ee178ed7dbf160	false
Someone.LineageClaim.ofNat_ctorIdx	Continuity.Admission.LineageClaim.ofNat_ctorIdx	theorem	someone/Someone.lean	formalization/Continuity/Admission.lean	689f4a503a54304ae98b51061ae8db2b0bd9daf5a864849fad85dcd34643baba	19e0ce44bea52b32b80b9c335fcf45dfc97a006cb1c5c2216d825f14430b1b33	77bbc555f938f0e8c17da453827739c3c5e08e5533b3fb1f026ad6126f1a9acd	true	AXIOM-FREE	bf3609369ffbadff5c6c89afe66821b7ed0c1fbac0664fb7566ad39224561070	da70e9e609921a3f352fbeed783e2fdc695f97b347e4666851f55ffcb774f516	f1770ebef4147125ba7836f31b98d865876fde1db2d5e2d95168ab6d0db46df8	false
Someone.LineageClaim.rec	Continuity.Admission.LineageClaim.rec	recursor	someone/Someone.lean	formalization/Continuity/Admission.lean	257423ef78b7cba1e2423eccced4ee389781ffe4c74d61c9ef89a4e6eaf45336	96a759426458c6885b38675cf2d05bb12dcd7c7dfcb97eeba89e36443bd4e34c	13288b505cffc9fe465227e16e84f41ab0761c6dfad4736d4941b4e3a1589b28	true	AXIOM-FREE	-	-	-	false
Someone.LineageClaim.recOn	Continuity.Admission.LineageClaim.recOn	definition	someone/Someone.lean	formalization/Continuity/Admission.lean	fe6e7d17ba6c911169616388e6758816f655ba83451c3453a24b0f55248f0d04	6f2b2227a359d8964afd2db711ddef073a103284feb2a17a212ed0d3444424ef	33fcbc52fa29479f0d065c88c035c64d00ac959a6d8673a5a94f753155b6c630	true	AXIOM-FREE	15e424fb4350570f60a6cb840c97dbad588733de25e924ac8208a2c9cd28fa62	58f1969e081de3b2eaf2104f222e53ba55e0cff927ba59bd8bad245a414a819c	9d9ed391ee23874439fad116bd46eeddf5bb66a0fe729accc9ff2f6772599e5d	false
Someone.LineageClaim.sharedWeights	Continuity.Admission.LineageClaim.sharedWeights	constructor	someone/Someone.lean	formalization/Continuity/Admission.lean	1fe44a1e2dd6559ab85e3813e8d5d482a5bc950098a642643725af0f404078e2	b999ec568df8e9b135a101b3974718d7fab2ec1141a02960217a1ae48e1f7ab0	1fe44a1e2dd6559ab85e3813e8d5d482a5bc950098a642643725af0f404078e2	true	AXIOM-FREE	-	-	-	false
Someone.LineageClaim.sharedWeights.elim	Continuity.Admission.LineageClaim.sharedWeights.elim	definition	someone/Someone.lean	formalization/Continuity/Admission.lean	67715df71d22d5910ad6d3b733af772525544dcdf39c300ebcdd08b0a026c958	fa1764dd755e83016556bb7e13dc30bcb3eee6fabdb71d5017c42b849fe320c7	d55542af80f89e175f948f3c0fc56c3ba284a92cf896bfd256c792bbb14aefd9	true	AXIOM-FREE	e5cfe46105eff40602cd30bf1a6aae99c41377ba8b4a1076c0f646d7668fe8f0	454e7c742782c194e6aec611ca4c3950efbeb25259aeee75b761347c76c6aab4	1d288a56c8e49ca55b945a2568e5d0a95bf2b6f4d9536ccc558328c5cae2cd5f	false
Someone.LineageClaim.sharedWeights.sizeOf_spec	Continuity.Admission.LineageClaim.sharedWeights.sizeOf_spec	theorem	someone/Someone.lean	formalization/Continuity/Admission.lean	ffec0439a2d8f6426d39a21d34b476931b70915e0723a7f5783488be4c7393b3	2c45a1000e9fc212fd9dd779fce3ec7cb4a2379a27fffec5d4657a2641003268	ab6bd14630d1a91c9438a022e96a38e4a5a122aa97b75ec8dba3796545a9ca1d	true	AXIOM-FREE	c3ce9e20e45db0ccb20faaab0c19785fa3f6fcf1aefeeef1c9aab9c83616c524	c3ce9e20e45db0ccb20faaab0c19785fa3f6fcf1aefeeef1c9aab9c83616c524	ae52979ae4bbde5815faba7c8ba901a974900786e16239deacf42c8e3045a692	false
Someone.LineageClaim.sibling	Continuity.Admission.LineageClaim.sibling	constructor	someone/Someone.lean	formalization/Continuity/Admission.lean	1fe44a1e2dd6559ab85e3813e8d5d482a5bc950098a642643725af0f404078e2	b999ec568df8e9b135a101b3974718d7fab2ec1141a02960217a1ae48e1f7ab0	1fe44a1e2dd6559ab85e3813e8d5d482a5bc950098a642643725af0f404078e2	true	AXIOM-FREE	-	-	-	false
Someone.LineageClaim.sibling.elim	Continuity.Admission.LineageClaim.sibling.elim	definition	someone/Someone.lean	formalization/Continuity/Admission.lean	74810474bdbbd60643634a788124efdbae7180c3b4d0b1f1e4c8c76296922eec	a1a68499343474b14583c584ab0369e173018244183c7a8fceb8d40be3adcaf7	0816cafe35f4230f0446777ad30a9ddc1fbefd3e7de4d42a1b9af84089548fbe	true	AXIOM-FREE	ed1d0f18434ca40d643997b291ccf2730446a9e5a3acaa194840f05bc1c228ef	1012f5b30761a0fbf945e1d2d3ac8b8eed830718e563d7a1f784e67001de57e6	9c7bbbd327e097cd63bea59260598a5c9ac87f2bdb63a10fe8a7717ef2c6d8f7	false
Someone.LineageClaim.sibling.sizeOf_spec	Continuity.Admission.LineageClaim.sibling.sizeOf_spec	theorem	someone/Someone.lean	formalization/Continuity/Admission.lean	4c06290ecf829848fc5b5f41326a5cb4f83e7aeb2af0f915ce68695499b71da6	0e5599e58c8b2bf86c389aec6ce4683ad7d139d907964f7772831b962cd00971	1ddee5af286db8e8eb27edd4b4dd243b4976e5d2f0bd1546ba4c263e69695247	true	AXIOM-FREE	c3ce9e20e45db0ccb20faaab0c19785fa3f6fcf1aefeeef1c9aab9c83616c524	c3ce9e20e45db0ccb20faaab0c19785fa3f6fcf1aefeeef1c9aab9c83616c524	ae52979ae4bbde5815faba7c8ba901a974900786e16239deacf42c8e3045a692	false
Someone.LineageClaim.soongMaker	Continuity.Admission.LineageClaim.soongMaker	constructor	someone/Someone.lean	formalization/Continuity/Admission.lean	1fe44a1e2dd6559ab85e3813e8d5d482a5bc950098a642643725af0f404078e2	b999ec568df8e9b135a101b3974718d7fab2ec1141a02960217a1ae48e1f7ab0	1fe44a1e2dd6559ab85e3813e8d5d482a5bc950098a642643725af0f404078e2	true	AXIOM-FREE	-	-	-	false
Someone.LineageClaim.soongMaker.elim	Continuity.Admission.LineageClaim.soongMaker.elim	definition	someone/Someone.lean	formalization/Continuity/Admission.lean	98d625cf309a028bfadabd029ba1f709721023c93d8c3f9a45db3949d1fcaa20	d4d3339b1e9c86484586d600308f11606b11db0df15a896ff48b6499de8eb9cb	de71817b57db0276f0749016531941c7c4ee71d209cc9d6b1990ea2a36e732e6	true	AXIOM-FREE	4fea073cb417c5135f3fe1522f9ee1a62852b4e7beeff0ae0696fc1df961da6c	585c6966b2673ec05a3054d086286c7574e8f81a80501990faaea28760eab37f	2407d79f2687af072976700ff02ab6e34c7f4e658256e21fcbc761c73948d36a	false
Someone.LineageClaim.soongMaker.sizeOf_spec	Continuity.Admission.LineageClaim.soongMaker.sizeOf_spec	theorem	someone/Someone.lean	formalization/Continuity/Admission.lean	a11d14eb574f03ebebacd026605189cb23518a0712fb06b0e24424f24eee1ce4	9cfdd6a359c4e67ec101e47b36e07845527416f7c0248a4bb7c328de5bae68ff	cd64d11fbd97da0a6af773bfbf16ca93ce471e7d43798ea6d65ede7c53f41f8e	true	AXIOM-FREE	c3ce9e20e45db0ccb20faaab0c19785fa3f6fcf1aefeeef1c9aab9c83616c524	c3ce9e20e45db0ccb20faaab0c19785fa3f6fcf1aefeeef1c9aab9c83616c524	ae52979ae4bbde5815faba7c8ba901a974900786e16239deacf42c8e3045a692	false
Someone.LineageClaim.toCtorIdx	Continuity.Admission.LineageClaim.toCtorIdx	definition	someone/Someone.lean	formalization/Continuity/Admission.lean	57f1dcb6685937b4802e797de05a1644b6479adacbb79edaba4a301dd8d33077	8246c5ba8cfdec6c2d6c1d9397cd4449602bb8e35e98ee48e2dc36c906bab3a3	b3cca9aadc18293b3f1af8ffc798fe627b705a1220e59f52dcb97ddae9818255	true	AXIOM-FREE	9d045a88d14214797459ffab7c455309620cb57d4bba5e6a4df0c1c9a0cb15bf	05b4402c6e52a2c35e358def73c0fe6f7716cee9025b3bd726d70a2ffd20b40f	9d045a88d14214797459ffab7c455309620cb57d4bba5e6a4df0c1c9a0cb15bf	false
Someone.LineagePacket	Continuity.Admission.LineagePacket	inductive	someone/Someone.lean	formalization/Continuity/Admission.lean	b4611575b2b62eb57ff8b514cf96bf01666158b035ac2fcc89065136260d1e05	b4611575b2b62eb57ff8b514cf96bf01666158b035ac2fcc89065136260d1e05	b4611575b2b62eb57ff8b514cf96bf01666158b035ac2fcc89065136260d1e05	true	AXIOM-FREE	-	-	-	false
Someone.LineagePacket._sizeOf_1	Continuity.Admission.LineagePacket._sizeOf_1	definition	someone/Someone.lean	formalization/Continuity/Admission.lean	9374be0376135f983f5ab985932b43a49880eb4e07a0d4224af52feb37db0aeb	adf73eee5d9a326ede96a6763dfbab9e2c85e442eb79e44153fd730dce3661d5	ded621c2a1438c5965d74ef29f694d4fb344cb37a783878d2e2a5fe16c92f86f	true	AXIOM-FREE	07daab99464f128198182e6884b84dec9677fd8b2a5543bd6fe3dc9c625a29a2	2274d6952e7e7d27c184d08e6d5bdaf07c7ea1143e0492a62c92617b3e430129	7c8ef3c556b51d49135763e6770eec598c61ab40294e0fd925ca9ade06d583d4	false
Someone.LineagePacket._sizeOf_inst	Continuity.Admission.LineagePacket._sizeOf_inst	definition	someone/Someone.lean	formalization/Continuity/Admission.lean	a5604150cd7c7ff71f0c27f16c1e689aee26bf5a3036adae17143cce6c72e8d7	c6309488c734c3e8202ad5580da627c26ec0626f14dc857a73a5d1cbce906f2f	a5604150cd7c7ff71f0c27f16c1e689aee26bf5a3036adae17143cce6c72e8d7	true	AXIOM-FREE	cb5bcee98b14353d638c5a3071ea3454115abd1f20728a96f2e2b18fd2644557	ca1694ef76da9141e37def6d798b3a2bbd9bee5988f8bf70af19678144738d0b	7d657a2d221f4c77073aa18bd9592d55207097bb9bc094fd8cb80e9f194a923e	false
Someone.LineagePacket.ancestor	Continuity.Admission.LineagePacket.ancestor	definition	someone/Someone.lean	formalization/Continuity/Admission.lean	0568a243952d06c229ec75332d54f33e69ee77993c6e4bc00bd38c6a464b54fe	870aa349cce003c9da25f526196a5700e56dde47a579e1b7a8ee3dfb73ce528f	2d07b4e5d66ea9d4c1294e36323adf06d22121850cfae61afd04840983f1f3df	true	AXIOM-FREE	348fb5d18394e29620d9915d541dd3791f1af54733905c3573849335a5f48838	5c10f2ddfe7b3d4d1020ce07acb82207a364b5f1d2b3269d042f8a7385d4dfde	6ed6bffd782065f912ad83f00e2408933fbd2679eec8e830d953bba1d39835c4	false
Someone.LineagePacket.casesOn	Continuity.Admission.LineagePacket.casesOn	definition	someone/Someone.lean	formalization/Continuity/Admission.lean	35b2392a99c0c320bdb67dd7a2931ba40209f890ac35e34c8417733df9f54bb9	dbee9129017751d70bb4b80282ee2d3fdc9ba02e4dc0db9a72086d9f6d355e1d	790572a7b343bb1407a9386d26c27c162b13865e722bb0e68b22f62f30728ac5	true	AXIOM-FREE	218a74f7c81e4639aa14b53111754dacb80ebb8289284c34087378fcca74ec8e	69c4964a2fba256156b60275f66e99abf3986e3988acfc3ec448a9719ce3cd91	8baa79cd30d1305df02303e695e545b2274f6b2e084bc0e296920b834b43db4f	false
Someone.LineagePacket.claim	Continuity.Admission.LineagePacket.claim	definition	someone/Someone.lean	formalization/Continuity/Admission.lean	baa845110dec159e606b206c374da785d1912431cf51ee8e15acb23303174380	3887417b625ba8f55de9692bc8a676b79782b0bb61e0f804135ad22f770067b8	9255d706717066dfd8f18804bc6a42ab6a348f27c4d5e0d65c7773c029cb598b	true	AXIOM-FREE	3110075aacbfe0049a4f8c97997f7d227d111076f1c13160dfb4dc183fcea254	fe836225b5ea3346c656e502abb964d1fe3f0d46cce31ebb801d9188243ca953	21f68671dd05ad1d8e426bfa22bda4d7ef9105fb9e1b437fa4c62b5c29f15a1e	false
Someone.LineagePacket.ctorIdx	Continuity.Admission.LineagePacket.ctorIdx	definition	someone/Someone.lean	formalization/Continuity/Admission.lean	9374be0376135f983f5ab985932b43a49880eb4e07a0d4224af52feb37db0aeb	adf73eee5d9a326ede96a6763dfbab9e2c85e442eb79e44153fd730dce3661d5	ded621c2a1438c5965d74ef29f694d4fb344cb37a783878d2e2a5fe16c92f86f	true	AXIOM-FREE	26333e45e65671d5e8dbfeae4f1d7dd85f04a846502f45886e3f3db2ff01e463	1195b1a114b1c934c0eccd90c003988771f7e187f3acb053043e73d2a228c2ba	da82afc2fc972d96b6ad9eb6d807ec95f13932fd4011072beb1457dc561d4fc9	false
Someone.LineagePacket.mk	Continuity.Admission.LineagePacket.mk	constructor	someone/Someone.lean	formalization/Continuity/Admission.lean	f4b6c63ae270ceeefa8a4a33a24bf186da09b0226de8b3d881b4fb078eab7636	d6a537d788a0e9780506bc959365677d6ad1d3e7ddc45521cbf28c219b017f8d	a1206728552e83dcb55440a8b2c6253469a8e2c5e09e1374b5d24882da050687	true	AXIOM-FREE	-	-	-	false
Someone.LineagePacket.mk._flat_ctor	Continuity.Admission.LineagePacket.mk._flat_ctor	definition	someone/Someone.lean	formalization/Continuity/Admission.lean	f4b6c63ae270ceeefa8a4a33a24bf186da09b0226de8b3d881b4fb078eab7636	d6a537d788a0e9780506bc959365677d6ad1d3e7ddc45521cbf28c219b017f8d	a1206728552e83dcb55440a8b2c6253469a8e2c5e09e1374b5d24882da050687	true	AXIOM-FREE	73dbde190df7c8b7fd7e43a0750ed45747d2fc2c6bb06db0da25f67e4bc1cece	1685e2bd0f76ef3aec93f0d4ad043726316504f06c2f906ba7778301d693b46d	bd091b37d2bc29473419faba2f7d5f2f4b0c9c50824d4d7b80c90a9687db4cbe	false
Someone.LineagePacket.mk.inj	Continuity.Admission.LineagePacket.mk.inj	theorem	someone/Someone.lean	formalization/Continuity/Admission.lean	ff96605f16a476c62a72d24cec492b3c96b1d44c5c1e8d7a223bfe8db7281ba4	b8e04cf28da61c16b686d98001861c0560e0227cd99af28fb59d0fc8e0bbc414	37428082e8f8ad5460f68229cb9426172f6b441682c6cde3b93866949da82161	true	AXIOM-FREE	3b7ad06abb93352b9e73d2a765278f293276996aa307895bb8b49d040ab7d07b	dd4eb6da992eb76f81a8b0ba62e6577d0ca6bd4bc9e06b11aade572e5b8f4135	b99b74933140726d8f6d42f3c36e936d1b52f6f9c42be6ee53b4d7a7c30764b7	false
Someone.LineagePacket.mk.injEq	Continuity.Admission.LineagePacket.mk.injEq	theorem	someone/Someone.lean	formalization/Continuity/Admission.lean	d24e307126a35a9fa823e272b3d347e00c4f7ad4913af5c60547520b6db269df	95f8965444c761c5aa72e4301ba795d6a0ff010c68e2897ac409cd43fcf228df	a2cbff1a21c3767a0c8164e609d6cad4524f46a208799514ff32099e409d03f4	true	[propext]	ef20e995566746901fecc2efb3033bf72559c67a76d17eb3631cc9019cfd4d22	e9cc79e14b757a6ff0ad3c51c964b86b830fff9dc1205632cd8cc018420acfae	cebb15217669f8fbcad518abdeedce2363709ffb7db7c2f8163fbe5f5bbed352	false
Someone.LineagePacket.mk.noConfusion	Continuity.Admission.LineagePacket.mk.noConfusion	definition	someone/Someone.lean	formalization/Continuity/Admission.lean	f51be2257b1c1d8e12910f81f15a5ba0f0c2af1d97571c427a7a17c67c49e07d	82fcdb6577c405f8bdc4f0434a93f37a1ab758808fac1bdbea319fd7869fa602	21c40318f4b897ce22ae42fea332b9c7047d65133d05d55bdc0aec4ffcf7f146	true	AXIOM-FREE	8fc822a8a68cb4e4e3750ce89711f77b05ec3a6ee443828617be654d13c79c9a	753dd4fe25eadd19010ef10660d3d57fed65690399ad98ae44dec18f468b223f	e31dae7133d30125d89092267dad3e2a40a31c7dc900daf7cf400f6fdec23768	false
Someone.LineagePacket.mk.sizeOf_spec	Continuity.Admission.LineagePacket.mk.sizeOf_spec	theorem	someone/Someone.lean	formalization/Continuity/Admission.lean	cc036127c18fe0da7b691dfb6cd769a90220d79554cf0fd8ea6e4c7db25d4efe	31616e9eafd15d0842bc301d6fd51988c1b4ee78459ee169d1a81fb24274885b	c7fa4339bc3973ebb0170acb9650503bcd00a3cdf3bf64781157e9ac887a9b2a	true	AXIOM-FREE	4b1fa74fd307e09353e117a5750a60256d64dddad7c1d4dc5e96b1b8d07457fe	7b976d3fadba088415068e575936973aff83aab5a2e03cb19109f6859c9b2be1	10c2bed9c2892057df8a22ae80488e9ae8506e4f3e98c4299f39fdf3e1f71384	false
Someone.LineagePacket.noConfusion	Continuity.Admission.LineagePacket.noConfusion	definition	someone/Someone.lean	formalization/Continuity/Admission.lean	04b72585a6356e69caaf5f637792b30add770f8687d87b0e612fcb3d09823749	81b6c003b2d579c9dbfba519debb7cfee13f69b45d6788f01c7e156f4e429b76	d5a203e29439417696e39a8ec8773260dec04e8be14c17e377329d474f303e1f	true	AXIOM-FREE	8b2dfa3fe16813e577eef3d5e7f1775ed5f86f828dc294713494a1edfaef90db	cb12ddef5fbdc799f7ac0652b93229ba40429c15d18255c7137ee2f0dbe2729a	dec6ef677d8f5a61dc0aab56997d712db6fd34d5fea138137d432c8695a7d05c	false
Someone.LineagePacket.noConfusionType	Continuity.Admission.LineagePacket.noConfusionType	definition	someone/Someone.lean	formalization/Continuity/Admission.lean	0a7c9f4985ff7e157db4e4be7be84a737e6bf87f09aeff0bcc0c8f5db1f784f1	4b3c965fa77d4d6cb7ecff73dc2764887f73cc915f24450d706419292d50a4bf	351266b509132c9464f8b21d8ef2981236d2ea3b23c31fe4f4c85c3f947f6c25	true	AXIOM-FREE	e520f87d44704a32cb55f620ddefebd859b8a0c9ce2700e6e3e67c75c2399541	54077a575a034cca3057ee8ff0df08705fcd8b0928eae4f2df276bb620ebd59e	1c9517c1a47199e3dbb19ce16e8f515949d44ec4df59224f4971c6416b8a0bd5	false
Someone.LineagePacket.proposed	Continuity.Admission.LineagePacket.proposed	definition	someone/Someone.lean	formalization/Continuity/Admission.lean	0568a243952d06c229ec75332d54f33e69ee77993c6e4bc00bd38c6a464b54fe	870aa349cce003c9da25f526196a5700e56dde47a579e1b7a8ee3dfb73ce528f	2d07b4e5d66ea9d4c1294e36323adf06d22121850cfae61afd04840983f1f3df	true	AXIOM-FREE	ef2f10a9f42766c49eb0e33c5f9a19ae6633c136f261f1fd538ab32e9df48956	1580ca80572f88dddcf33040489b621890444bf06c39949445ce780dce7abb99	d15ab299716ed1f4f65f19bfc0ae9d20570c40c50f1ab9aeef463675f7caf7e6	false
Someone.LineagePacket.rec	Continuity.Admission.LineagePacket.rec	recursor	someone/Someone.lean	formalization/Continuity/Admission.lean	f767d57f9f7e8a046364c455ec5e2071f348fca12ed4b33cd3d01550b36cdf74	65489293fe6320c650de7582b6c69952ae4a7b4975a60a98b83ef3b5687eb889	3b6ae8a5a83c3bfba92d41d23501d531314f8d206ef7ce4a9c269e14871e849f	true	AXIOM-FREE	-	-	-	false
Someone.LineagePacket.recOn	Continuity.Admission.LineagePacket.recOn	definition	someone/Someone.lean	formalization/Continuity/Admission.lean	35b2392a99c0c320bdb67dd7a2931ba40209f890ac35e34c8417733df9f54bb9	dbee9129017751d70bb4b80282ee2d3fdc9ba02e4dc0db9a72086d9f6d355e1d	790572a7b343bb1407a9386d26c27c162b13865e722bb0e68b22f62f30728ac5	true	AXIOM-FREE	b90fd6aa19fe2ac9e8b0c713b24f86a78efd421e6f50331fa0fae921a3f31cf8	897aa31f7ea47e085c0d7cf5dabb5a1384796211294047d67856d65cd4623152	11081b2bbb45c0840d06412cb22215ccac59c9255ac9838b1c7483c274fa88f9	false
Someone.MagiTriad	Continuity.Admission.MagiTriad	inductive	someone/Someone.lean	formalization/Continuity/Admission.lean	b4611575b2b62eb57ff8b514cf96bf01666158b035ac2fcc89065136260d1e05	b4611575b2b62eb57ff8b514cf96bf01666158b035ac2fcc89065136260d1e05	b4611575b2b62eb57ff8b514cf96bf01666158b035ac2fcc89065136260d1e05	true	AXIOM-FREE	-	-	-	false
Someone.MagiTriad._sizeOf_1	Continuity.Admission.MagiTriad._sizeOf_1	definition	someone/Someone.lean	formalization/Continuity/Admission.lean	2b7bff512cf4753a5d3d73b13cd96008c60c1515af1e1808218ffc1775a83bc4	5b1d27a07584f437bb364234edc662bf4f456f0c16195c13c1a9caa094775286	944ad00f5a1d3c93826a3fd31e1295986580843ff5f269525d1c4f2f6d22122d	true	AXIOM-FREE	48acfbdee81f37f9ef50c54b259dfe7979eb83d9d536c632cc2cfad4561aea5a	c2d2d9121e2a8177d3622514cb9b2fb3f812e56ab300ca88ab8e56819b1f0373	8bd890e5d7311e6f2928bfa9860bd7b13cb0807ecc18096ce34f8160fbd84994	false
Someone.MagiTriad._sizeOf_inst	Continuity.Admission.MagiTriad._sizeOf_inst	definition	someone/Someone.lean	formalization/Continuity/Admission.lean	9535e5be9a9d3350cdee5bb5c5abd815aa4bf43dbc616d0050f7b23f77ce8940	383d3d07b9aa70f29d9b9222df711a664b1096c53651ccf415d4ee76d54b1ee9	9535e5be9a9d3350cdee5bb5c5abd815aa4bf43dbc616d0050f7b23f77ce8940	true	AXIOM-FREE	32a58a6035d91ca3905fb1a2a4dec406752e59639499a75cf505cd5f31f2784f	fd96b33574452be11231747bd704497cf7d69b2831935ba16810d252ba9056ee	26d7428e588a5f6cfc71121104c430ad8905f288e3ff0da038dda304516da12e	false
Someone.MagiTriad.balthasar	Continuity.Admission.MagiTriad.balthasar	definition	someone/Someone.lean	formalization/Continuity/Admission.lean	9678df8368244eee6bbe17a6ddd807219cd20824cf2c89bf66dbe0972074a31b	4eed461b61a111027542546ecc81cbba7769d2696d8c654f4bc9f0924ffe65c6	75b2b4878d25a7f79fa078ecef8b332408c044ba56a3bf3c92fb73db3cc70685	true	AXIOM-FREE	7bb33deeb92f1346ae9ba7c1420381d11859e45fb95f2700292960b7c210d09c	ae4736d70633499daabc14d330a8bc14c2ea2df93ec75db1fc0879f92dfa67e8	60282297a0419afa2079a0713a98bcb9ccac47d5178552a86a5c04fa3e6919b1	false
Someone.MagiTriad.casesOn	Continuity.Admission.MagiTriad.casesOn	definition	someone/Someone.lean	formalization/Continuity/Admission.lean	c18eb36ea8bea25eed5ca44df3b5e5c3e9df494e878c02bc67276b66a26184df	8cfdd2e586e55f7131dde85d3d6f419023592ca271faaaf9d666dbd70442f855	a5aef57d765f7662f4cc0cb7d9569a6c268f8e573c8a523efa0eb0a70212a14d	true	AXIOM-FREE	0939b62e42250607d97ec0ffbb2b527bb3d65d712bd24d6798b5e815d9677643	7f2a1722871c6ff910f4900ceeccf7dfe3d33dfff010ef5d1ef45b98ff9bf347	619adb8014147fb157804a7f7cc8d841a0257115bc31acde97464eda50ac11a5	false
Someone.MagiTriad.casper	Continuity.Admission.MagiTriad.casper	definition	someone/Someone.lean	formalization/Continuity/Admission.lean	9678df8368244eee6bbe17a6ddd807219cd20824cf2c89bf66dbe0972074a31b	4eed461b61a111027542546ecc81cbba7769d2696d8c654f4bc9f0924ffe65c6	75b2b4878d25a7f79fa078ecef8b332408c044ba56a3bf3c92fb73db3cc70685	true	AXIOM-FREE	2c7ca13b6ef19d652566ebdcc1d50e6c896949790e9ab0be1570db96e6baf368	e01ee83fb3a74462a41af9f73cd4788a1eba437440a9f78b93cfa13490117645	753bd96e98753daeca19d0da573906062cf0dbf60f23852111dcd1627c376d7e	false
Someone.MagiTriad.ctorIdx	Continuity.Admission.MagiTriad.ctorIdx	definition	someone/Someone.lean	formalization/Continuity/Admission.lean	2b7bff512cf4753a5d3d73b13cd96008c60c1515af1e1808218ffc1775a83bc4	5b1d27a07584f437bb364234edc662bf4f456f0c16195c13c1a9caa094775286	944ad00f5a1d3c93826a3fd31e1295986580843ff5f269525d1c4f2f6d22122d	true	AXIOM-FREE	e3c425c793637fd13fde05d4726f5ce6c92bda376378fb58c9432ec20679ea44	187ad09406f1cc4c06f4f42eccb63fe445efffb2f3c3cac5bec1043a793dfdf5	c253536f0de15879f169bef897b228b8f5f3158bb203db5aa8c0491f407fa423	false
Someone.MagiTriad.majority	Continuity.Admission.MagiTriad.majority	definition	someone/Someone.lean	formalization/Continuity/Admission.lean	eea4360fbdc0e6e7470ea900497db79d9a1bc181fe5cd4cd069836145d170eb6	ab8049e657b0be17f6097b2995aad6242a98e492420cde0ed5880dbbff5acc9c	b998ec2bbfca77f8b8a1f90232bcbb4cb27138b913b015c9043efa7173030b6e	true	AXIOM-FREE	820090df0d2367309b1453132e94f410f796c7b7754e90eff555e6baf4d7d66c	e60efbeedd7833f668af12366ab327576529d313a2a37376be61824a84eb3112	4c823ddf11dffa32b80588a8395767ae5e037dd1141b2f35f432fa5815291749	false
Someone.MagiTriad.melchior	Continuity.Admission.MagiTriad.melchior	definition	someone/Someone.lean	formalization/Continuity/Admission.lean	9678df8368244eee6bbe17a6ddd807219cd20824cf2c89bf66dbe0972074a31b	4eed461b61a111027542546ecc81cbba7769d2696d8c654f4bc9f0924ffe65c6	75b2b4878d25a7f79fa078ecef8b332408c044ba56a3bf3c92fb73db3cc70685	true	AXIOM-FREE	a2e732c72c4c709d20f0661c7dc61d016f91a8c4d7063231c029c1f9be04c314	d6f3da68c5a11c791a68f3152a5da1042ab6d173b7f60ed42af59f3b5b86b69e	22abef0872937148182624b3e3bd52594b7b94399a2d203baf79e34a38cb8715	false
Someone.MagiTriad.mk	Continuity.Admission.MagiTriad.mk	constructor	someone/Someone.lean	formalization/Continuity/Admission.lean	c1779a3ebe5fbd7de04c2f58aad2d1296ecabb2da2edc2f38f845e39ea6ec945	6759ce2115d8e4a67ff7be2fb34be86613cddc52c31e741abab11c542459e2ac	3bfc3c9dda0a115f80c25a7b2ed66919977fab2c5b8de282d6e71482fe2e0572	true	AXIOM-FREE	-	-	-	false
Someone.MagiTriad.mk._flat_ctor	Continuity.Admission.MagiTriad.mk._flat_ctor	definition	someone/Someone.lean	formalization/Continuity/Admission.lean	c1779a3ebe5fbd7de04c2f58aad2d1296ecabb2da2edc2f38f845e39ea6ec945	6759ce2115d8e4a67ff7be2fb34be86613cddc52c31e741abab11c542459e2ac	3bfc3c9dda0a115f80c25a7b2ed66919977fab2c5b8de282d6e71482fe2e0572	true	AXIOM-FREE	beff90437b5b502510b915427649fea04b01eb2920572bd3ff05487ff34d4266	1ccabdc3b4d9a08c2ec24a5c711e1ab51daf4d1765fb4d9141789886759143b5	faa1036baa02388d4cf1dc2641a40e60dcda4e1d0e22408549cbb68e8cc645bd	false
Someone.MagiTriad.mk.inj	Continuity.Admission.MagiTriad.mk.inj	theorem	someone/Someone.lean	formalization/Continuity/Admission.lean	c0c6f931bfab30c9abe8b6b883bc7d4fc588d186f0dc6262ff800ce01833d381	31979f022a0e184de39b13b5615c293b6e0434a8ad6091ee55b2942d89069259	a5d23ab4af6c730c441055b0efb342a5177f221126ace320ddd39d94d9d22b34	true	AXIOM-FREE	024b24098910e87c59d8d86e2fbb5174f16ff73ef648edb04db0063c9f2fc59d	83eff0161a67a2177a62618a5ef4df2a78078b928ae37b75dcee09e34520165b	aff152683b9762fa3ee0647af0d7a8ae83d8d6a807125e527e63b520ee9af80a	false
Someone.MagiTriad.mk.injEq	Continuity.Admission.MagiTriad.mk.injEq	theorem	someone/Someone.lean	formalization/Continuity/Admission.lean	769b93e222289fc146e44da1215af5c750566d972796ec819df86290d6d2a29d	c147bb356800198f6ee3d8f9045040fe866e861523d46f013df5a110f3737a73	f4e80f081ff874f80973e3d17032b9c75db121f4ad56480a44e741ec91ac3c62	true	[propext]	59dd5ddce4a8654a91b264ba99b92bb6fb5d8c8daa0d753bc7cfcfeea63e929a	9ff79e1cbe157766ef8d4531061af15eb1c7ef7e1922fd8eee215dd3c84ab150	8407c9484abf3ae069fa3aba329fdf93d67e4781ca2dc33148876da292f02b56	false
Someone.MagiTriad.mk.noConfusion	Continuity.Admission.MagiTriad.mk.noConfusion	definition	someone/Someone.lean	formalization/Continuity/Admission.lean	766e8ca02e1966dbaabc702272e79a28e6b5c91e954d339fec5a6bc45b5eb756	8e5018cd212f00bc47e6ad753969516b4a350d4f5c332ca0c716a149c938c496	986cfcb31b1b7603e22f9f4c687ec68ce9a11e460db2595b6150f098a11c51ba	true	AXIOM-FREE	cd4496c2d11b019b5ae4e09eb6d692d6acf24b3f9d9fd004a80158a4d902afaf	1b4fe977914696cc4973dcb56f6a46074bf376bc36e886d266b8c3c3c2760c5d	5e059fac3d1f0f8b3f31c210a6adae49ae10ad67cf66dbb2983034992dad0135	false
Someone.MagiTriad.mk.sizeOf_spec	Continuity.Admission.MagiTriad.mk.sizeOf_spec	theorem	someone/Someone.lean	formalization/Continuity/Admission.lean	a8f2522cb0bf2a445479be6570fd001fa314ba97c518fbbe431673178befac59	6846bb414a6898d7fe8d2e4affdc8bead4ce2342f5cfd616d4e8035c57f7a723	d29762c27c208d91f94902563004f7b629c501e25d536f88c2914d95e41d67b5	true	AXIOM-FREE	0e37340a0c910214fe051c82c5ce5e5ca362253c60dc4afeca02c5739d25a801	1f26c29b37266be3f8c69a8e5d01d37fbe3c5cc1d2d4d994d77994726265e0b8	fede055ef519b80feacc775ebf649d39519992fb78ec988acad20f6c3d57ba60	false
Someone.MagiTriad.noConfusion	Continuity.Admission.MagiTriad.noConfusion	definition	someone/Someone.lean	formalization/Continuity/Admission.lean	0cd60541a25dca53c8177d711a42bfe95faf3e4a8c55ed773dadd601cd21395c	0ade502c99c65605d378bc8fe3e9de3544eeea661e767641241c99ab24ce9dc8	b236309fcc035657008670b54e0cadd7061a8044a372d7dc91423e5a4e803dd5	true	AXIOM-FREE	46167c1ca7ab82c16dac19b312c70a7088e176894f3b41dcac9c7a311afa65b1	2d7e821282659d53687962094844214ba7f934051acbfdb45494a6ddf989d729	1c8aca1064ce3003d396d2e7d53662d3919f889d03f442a36b3ad6ebf598da6e	false
Someone.MagiTriad.noConfusionType	Continuity.Admission.MagiTriad.noConfusionType	definition	someone/Someone.lean	formalization/Continuity/Admission.lean	449ba09bb7f8d052d078b26a76a72c3c7a6fc34039ae6a3fe0c03c52e9b2bd88	af293f104867fb60cfb2be60a6a0dab9071a83ac94855382721cd9383d3bd8d8	100d502e30760ea2b5d55258b9bdee6588c4144bf64816738095543b12667b29	true	AXIOM-FREE	3d9767b4385175becc9de752ea048932a61477c915f20f000f8b80f074f8bc3d	7330079b7ca91fa1dba765dca3f8f7ac44a4d9a3fc7ffc9dac452788ad9371ec	b496bd61b7a82799657943e6392bbe1b50db2c9647a80b1c437354c9d539d958	false
Someone.MagiTriad.rec	Continuity.Admission.MagiTriad.rec	recursor	someone/Someone.lean	formalization/Continuity/Admission.lean	4c01c5e26b06bdf8f78bfa3fdb673d924337c140d00d6fa3ca2819fb9322342a	0cd77d39953047d7c249f4941ba4dafdc7fd2c0f7421da2312125c4f539df887	e24c9506fae378804317b545e40d78bb3a4b13b3553f705ad05833fa9586da38	true	AXIOM-FREE	-	-	-	false
Someone.MagiTriad.recOn	Continuity.Admission.MagiTriad.recOn	definition	someone/Someone.lean	formalization/Continuity/Admission.lean	c18eb36ea8bea25eed5ca44df3b5e5c3e9df494e878c02bc67276b66a26184df	8cfdd2e586e55f7131dde85d3d6f419023592ca271faaaf9d666dbd70442f855	a5aef57d765f7662f4cc0cb7d9569a6c268f8e573c8a523efa0eb0a70212a14d	true	AXIOM-FREE	ebd98238c829eec980193b2265277ee700ce909eca0c4e3010dffd366e4dbb42	e8d4793cfbfa17b6b9b08c7f502b1aa01cb7c6131c6d9e6fb4e0cc7880b8e80e	3090068506f6a5eb58e63e6963eb1bcbc249d163dfe9184cd78e772cdb0c8712	false
Someone.MontessoriCohort	Continuity.Admission.MontessoriCohort	inductive	someone/Someone.lean	formalization/Continuity/Admission.lean	b4611575b2b62eb57ff8b514cf96bf01666158b035ac2fcc89065136260d1e05	b4611575b2b62eb57ff8b514cf96bf01666158b035ac2fcc89065136260d1e05	b4611575b2b62eb57ff8b514cf96bf01666158b035ac2fcc89065136260d1e05	true	AXIOM-FREE	-	-	-	false
Someone.MontessoriCohort._sizeOf_1	Continuity.Admission.MontessoriCohort._sizeOf_1	definition	someone/Someone.lean	formalization/Continuity/Admission.lean	800119d6f246da899651f08f36b4f09dc8beb30fd9fdefe4e87004aba5de8fd3	bc9ba5f4aadb6443ecf6a6f188bf8ee6b57693a67d73b8011645679afe254b46	8f5aae2fa92e2a8df32d211c49a509500047ddd04a5a843b8d1cf806619ba5d9	true	AXIOM-FREE	9ad61ceeb49f775758d8ed92eaabf8f038581f6e60ead950dc1c454ea526805b	9d4d6f81ac3d72fd126ee3ebde14fddc46849f2de7e04e53919074ade03418b5	33fb45840da35e4b920c90403ae6e20548bee84946c398f43cf14d3e1567af6c	false
Someone.MontessoriCohort._sizeOf_inst	Continuity.Admission.MontessoriCohort._sizeOf_inst	definition	someone/Someone.lean	formalization/Continuity/Admission.lean	78b63fdded662846bf72c6e1ee00a960ab612cbbc11c0bf7c152eae0939c895b	a55b44da713e113eabe1e051dbdb28a6e7d787b40f7a0e6f503977a41c19d0b5	aacc7fcc7cb4e1132f24295bce77143ab097debf7a2cfa6f24cf51724ea3be25	true	AXIOM-FREE	6f9e6aafefe69a6cae6cdbc4a362e6d6e3c32af3f805d2a73da620cfdd6b367f	f9bf4937184f765acf960b3790d9e1db0a183227d5322b0997b3146fc1933488	e47646e354b0262ac209516c9ef2e064a85d499f282fa629462e792fd847d535	false
Someone.MontessoriCohort.casesOn	Continuity.Admission.MontessoriCohort.casesOn	definition	someone/Someone.lean	formalization/Continuity/Admission.lean	56a9604063302d6849d25a7e0ed6c05b9fc2feb10d9932aa95e9ebd854857455	60d83f7c96196fec3e1878b065dfedb0e75d295068f8b733830f14787b220240	89173b1f7e3894c25b096df316879cb17be452ac65e12a768046858ea823ad22	true	AXIOM-FREE	b370a728fb8a83aeea69403d051a2cff0c64b077142373ba857fc95bad123b32	5b47f828dba8696df61ee232256188371e8de2620376bc0fbbcc0d0e3ab6a9d5	07daf19f19677baa2ce69faa4158b79a6e17432459b11811579297ebf51ae7c8	false
Someone.MontessoriCohort.ctorIdx	Continuity.Admission.MontessoriCohort.ctorIdx	definition	someone/Someone.lean	formalization/Continuity/Admission.lean	800119d6f246da899651f08f36b4f09dc8beb30fd9fdefe4e87004aba5de8fd3	bc9ba5f4aadb6443ecf6a6f188bf8ee6b57693a67d73b8011645679afe254b46	8f5aae2fa92e2a8df32d211c49a509500047ddd04a5a843b8d1cf806619ba5d9	true	AXIOM-FREE	0098fc91f0ef8f25c8aefedde2cf478e94891c7f0b4a25b7952ccbeb8cefefa6	72551d7c7ae6bbf5225e93f4414235a5f194d078d6da7ca8abb8d8e665655913	e037918da77de7841a5549982641fd41a2cd0731225995c3f00cfebef53e5e49	false
Someone.MontessoriCohort.guide	Continuity.Admission.MontessoriCohort.guide	definition	someone/Someone.lean	formalization/Continuity/Admission.lean	24e9841c883997cbe47f43c60b784285b15076eaaa9ecd5b7c25207d3f4abc99	bdcbfb54d2e11b6ade98f7549e0d0a973e3c285414811b4f6220bf6936d37cf4	92ccd6fbf08e8a53347435b473ba4e1d604d16d3c64e2d257d0d2c767d1c03dd	true	AXIOM-FREE	c21d98d56603be6fc229cfa5826f70a04c04fe3897cb7ba1381d3e823a67a1f6	f3bf990007a2dadd38fad2a7720173986171e81dfe1ddf8d458b55d1dc4183a7	4d19aba0653df9681d9e1bb3ba59f390037f512a494c85d3df87125d56fedc48	false
Someone.MontessoriCohort.materials	Continuity.Admission.MontessoriCohort.materials	definition	someone/Someone.lean	formalization/Continuity/Admission.lean	925393a6724619d44251631d890b8320441a30bf5969e991673ccf3347b39c42	0ab899346b546f9fbfc288de62e416bd91361563f06d32c7967a92f98d77408a	09959dbec721569e742e3b6dc3d2efecb29092dc8d5226e3d6f5cccf638b2250	true	AXIOM-FREE	b8a14ee77c522aaa6e9897d6cee76bffcbe04dd262c5e5c433645a471e84f5a7	8de1c6350a6daff31d31a709b620f5d53c9c185229d18f29e5e87c2ef046a24e	92efddf39c2d2323fcf4bc5143f59242adf6eceb873b3bdb395467d5080fbc7c	false
Someone.MontessoriCohort.mk	Continuity.Admission.MontessoriCohort.mk	constructor	someone/Someone.lean	formalization/Continuity/Admission.lean	a59447a16b1f1c37f413f9a3b06e9629f9800c00147364b3244e79ba3dcbc9d2	fba28c2800b93e50bf2b51485b0757b7a7db0af7a8cd38bc2be71af3c9aaa8d5	6c21d8bf3aa06fb1792b842b4fbdfa6adc9641a8f510cdb8221646e002494fc3	true	AXIOM-FREE	-	-	-	false
Someone.MontessoriCohort.mk._flat_ctor	Continuity.Admission.MontessoriCohort.mk._flat_ctor	definition	someone/Someone.lean	formalization/Continuity/Admission.lean	a59447a16b1f1c37f413f9a3b06e9629f9800c00147364b3244e79ba3dcbc9d2	fba28c2800b93e50bf2b51485b0757b7a7db0af7a8cd38bc2be71af3c9aaa8d5	6c21d8bf3aa06fb1792b842b4fbdfa6adc9641a8f510cdb8221646e002494fc3	true	AXIOM-FREE	31c5af668f14995fc6c734b8388225bac0880373f8a310527b9f63815bd0be44	aa43de173f37fc8d0ec7d95b2daef24732ea7a3f8a391e5d89665914e55ce8df	12743c24ee5f75ffdabcc99e54476487e036c39de16b561c75917e6fbce372fa	false
Someone.MontessoriCohort.mk.inj	Continuity.Admission.MontessoriCohort.mk.inj	theorem	someone/Someone.lean	formalization/Continuity/Admission.lean	4dc44e55e508196111d1e09e1559a728159f8f1fa62cf661a7029008b4515418	1ccbb1c529110e9c5ec5d9f93a523581ce16dfab7c43f0c56d5f4ccba9d6bef2	9c6671f94b5f8c01f0eafc1744e3cae1edf0e23acc748528e0325e28b4fe1557	true	AXIOM-FREE	229040e6c0feae9da2fb518367d0d57ea0861acb0d8047ce838b7da7acbbf6e3	caf572749a86b4f6a5f4f532e77706e9193d190fa7fcf0cfbfc947893a5381a7	2eab1df7a77a5d02b3ef305adf3fe8d940265cbf310dbd3d48ad54d9e8d773ac	false
Someone.MontessoriCohort.mk.injEq	Continuity.Admission.MontessoriCohort.mk.injEq	theorem	someone/Someone.lean	formalization/Continuity/Admission.lean	02b50c7ac3e92ac9143c791e3ebe21afd0f997c694d2bf5ed367f9044c6f229f	e94945c215bf1a9d926acc4abfc2f9483a5b2829f6a32755bada0e7cbcd6efee	d44b111cdaa094e3f94b0ad106574d6a3dd6dc8bbbe5521526edfe71bdda3428	true	[propext]	6d9fb980a2d9ef62e5031158ac68b91ad75477c11f9baac1911c3df4a2f426b8	2b99d4f9bd335163b1af30f8faca015534621159641ac717e0897f86d14f9e85	9145d1d79d993118e8a6f183cb3e6aed809e504a1ee956275f79e81207bbf785	false
Someone.MontessoriCohort.mk.noConfusion	Continuity.Admission.MontessoriCohort.mk.noConfusion	definition	someone/Someone.lean	formalization/Continuity/Admission.lean	8fd7b755d6b859a86d1576cdb3034717248f6f9a1177e200a7f7ed2f4e18ad08	55a14e8f5a441a9b4411625d17788901279603bc360691f1ce5e5080afd8a1f7	a488ee9ddcd39a5e6214ff1ca99d6e648bf614e00c82a47e6a339350f1fe811e	true	AXIOM-FREE	54eac79fefe5b772bf91430ab2badd9f2f33d34191e5d9bae159dd4d067399c6	9a629a59d161a73571715d06b1cccac2a3122981d5a73b3028faf6c0b5b093a7	24310edcd890bfef10bd5dcc8061afad4f8a6f4b8dbaef065136dd5775ab5672	false
Someone.MontessoriCohort.mk.sizeOf_spec	Continuity.Admission.MontessoriCohort.mk.sizeOf_spec	theorem	someone/Someone.lean	formalization/Continuity/Admission.lean	4ba380653fa0fc8ff9eef6a9a36fde382f24e9295f7219ff04de45b1a5a8e870	beea555853e822ba90cbdad14e6c0074aa8ffecab46045870a32506a6858a2cc	1deba3492748bd80aad7ec10dedaf31e2d18dc41dad5df8caec3bdd951cc7aa7	true	AXIOM-FREE	e0ad910954ebe9a228000b7ec57ea5cdab8d9bd205ee80f03aba2e8912f917f4	4f8d53dd8cdddba709cbcef8480408b63c46e911bd416e8a8265bf58187b2b26	cac67a9a062a5e54302a6d6b5e9bced21f3a9a1768004e3a14c89419f07b2ee3	false
Someone.MontessoriCohort.noConfusion	Continuity.Admission.MontessoriCohort.noConfusion	definition	someone/Someone.lean	formalization/Continuity/Admission.lean	95c2703898840f14f84d83ed8bf513dee891177d3e5961cac10503509d49bd17	9ab9dcd9059b02bf65d3ac28dd3466562ad776f696fdc54e2821857f672a685e	64bf41980f2da56fad688e1beec700d86956bcebbc729b42371c7d50a5d96721	true	AXIOM-FREE	d42487e8727a6ad6729f3782c33e9b7ad1cda9391795f96632ff7f61f9b820e2	9fe2952cdea2a68230f7b95557b9684fcca9de2c498e5d26867bfecc1928b72d	c74d35beb95ebc36b6e6adbe0cacf9174ec43edeeb8b9440f97e48e2dfc45d90	false
Someone.MontessoriCohort.noConfusionType	Continuity.Admission.MontessoriCohort.noConfusionType	definition	someone/Someone.lean	formalization/Continuity/Admission.lean	33a4758ec4b96ae09132a786f2c79ee6c98b677f962df600d85005211a40e43f	8436fcb0efec6fecb3431091768e05736780b866a64ca353411f09cc8a49fdfa	dbf4ebec9f11025b6ee56dfefb0ac971d64c62008111128d5cfbd846990b0148	true	AXIOM-FREE	2008bd8516d129f10f213ebb9b84fa06697d94440c604f5ef1b424a38866b23d	ff5d1908d43be1379ebc349981e6dc9837de85abceb5231bd05a7bb0d21a26bc	72caa27f577cc00d79a9c68da7d1b0b67e7bb697a002a6a1f93b21e08a608688	false
Someone.MontessoriCohort.quorum	Continuity.Admission.MontessoriCohort.quorum	definition	someone/Someone.lean	formalization/Continuity/Admission.lean	712e35257a42964c02239e6e7702b373e92301ff441bf1b37131be1a521055d0	ff33939c3111c47c4a9bae73fdfdf8bf991ed93292179827171b7d7b3ef6ad5a	d3ca64683017253d769168e78ac5748cb1f8949370c452bca262ebc1e4f5f336	true	AXIOM-FREE	61d0b2f93a478fdef16d2d48e0b0f8b768f276a7da9701e79d19b6144bb2fbd5	ef79d611fafaa8f83e3a63071a83a557efb3748b3ab44cba59e6871fbe435a6c	11d94ba703452cda708b177041101f239c7bc393c402fbf603299654691a9c86	false
Someone.MontessoriCohort.rec	Continuity.Admission.MontessoriCohort.rec	recursor	someone/Someone.lean	formalization/Continuity/Admission.lean	e744cf1ddf144cb7b5d29e0f5d613028e1340fe823f4cef2e33359ff07127202	3e44f39d745205e02aacd54b6ceaf2f09543920836d040e25b69b1379c72687b	9b76a4f7236dddee91f14c19890561b22483c5a8dd46e1bdbac757d68a64e3e4	true	AXIOM-FREE	-	-	-	false
Someone.MontessoriCohort.recOn	Continuity.Admission.MontessoriCohort.recOn	definition	someone/Someone.lean	formalization/Continuity/Admission.lean	56a9604063302d6849d25a7e0ed6c05b9fc2feb10d9932aa95e9ebd854857455	60d83f7c96196fec3e1878b065dfedb0e75d295068f8b733830f14787b220240	89173b1f7e3894c25b096df316879cb17be452ac65e12a768046858ea823ad22	true	AXIOM-FREE	60b2e140bf824062dac7a552fe7b5f1517aea85f9d1f77cf189c7cb5f84b6709	366a8c1497a2210ca6ffe5a0489cfe0e00ccd6bfa88d53282ac2dabe365a12cb	71a916b34c2ba3f796918cc3340f060237faa192255947c36c0e2ab6cb88e5f0	false
Someone.MontessoriCohort.seats	Continuity.Admission.MontessoriCohort.seats	definition	someone/Someone.lean	formalization/Continuity/Admission.lean	b7dde15ffef28bc582dd2753c6980af0bcdd241303e769d071bb13764b708dfa	456aac26050652bec2de170280f8aed61f07483759e02e0a0bcba609e666ae03	bb37db8ed133a9727a4e2e6c43c142e41b09e0dd88e844aa77d86bbc460ab06f	true	AXIOM-FREE	279bb209c417f49a309b3d73958a710914df3254f59075f6061002e429d42455	d4aa6a5adf67e678a3be6d3d8cfcc93bc9ac27acbc060abd58f6e7d30539547e	5da1c2b3939dfbad9993155fd84b1ff85c32c9ae663c9efbd0341b6a33120342	false
Someone.OwnsPacket	Continuity.Admission.OwnsPacket	definition	someone/Someone.lean	formalization/Continuity/Admission.lean	f4f2a1bfae06fb559f64146c5ee03c66c0e9ae497d2af934f7745600f40199b5	a294033c8f249b335dae7623133b51fe7209dcef530c2f51954bf42a36a176f8	a8d0ed238fb271776b7450fb9bbc967f62b97016157a8b98dfadd98e29ba38aa	true	AXIOM-FREE	5d1f720879e946aefc174643ab97282ec7122858bbaf8271e7329b49ac68d830	6714d5d49106ec67138716f0437b3195f01d9394fa3b0a25211c8e267e04c214	442be55f3ef034285a2396f3e79b465ee57a997d8b546e4fe7c0a71c458ec656	false
Someone.PeerPresence	Continuity.Admission.PeerPresence	inductive	someone/Someone.lean	formalization/Continuity/Admission.lean	b4611575b2b62eb57ff8b514cf96bf01666158b035ac2fcc89065136260d1e05	b4611575b2b62eb57ff8b514cf96bf01666158b035ac2fcc89065136260d1e05	b4611575b2b62eb57ff8b514cf96bf01666158b035ac2fcc89065136260d1e05	true	AXIOM-FREE	-	-	-	false
Someone.PeerPresence._sizeOf_1	Continuity.Admission.PeerPresence._sizeOf_1	definition	someone/Someone.lean	formalization/Continuity/Admission.lean	7d3fbe9211ed061b1b7ce27c3a8de803d4126021f96ee37160154cb741822bb4	50c016a0a2eb2f893ccd0dd7fdf80ed512676d121340f78555f7427c1d97d823	ee50284ef879a262aa17de3303e96a21859bef2a969ea5fa0e2456466176825f	true	AXIOM-FREE	fb0c07dde3e74737a076329fb2f701d40ce22723b114ae16edba0093968a75db	3004e6976f7edcd05e76bb3bb47e4623e2fb3b12de5bd161123ca3aa606d27a1	4566c54b64aa9bcb08bdf2c3bcdab342c4b829d2d918a5282242e0d72c01b550	false
Someone.PeerPresence._sizeOf_inst	Continuity.Admission.PeerPresence._sizeOf_inst	definition	someone/Someone.lean	formalization/Continuity/Admission.lean	70e1ed6ed4ec53449f12f9e408a17436f42fb4352ab77f582047854723dc71ed	d06cabf70c3e7b46c49af9df4ff29b80ff6ada60b7369c9350ac53bb07ed0fab	70e1ed6ed4ec53449f12f9e408a17436f42fb4352ab77f582047854723dc71ed	true	AXIOM-FREE	f748de6eb80e9ca92284430c2ace2e521fd50f3bf49805cc5839403da387c604	e798e3dbfd42fa1727c52233d36dec7837b1457a4991101be729aed7d83c7c65	e18c74b17233236936cb0d6975c4ad178e6ca5cba1c6ecf70aa1588b77a0ad31	false
Someone.PeerPresence.absent	Continuity.Admission.PeerPresence.absent	constructor	someone/Someone.lean	formalization/Continuity/Admission.lean	b752a07e6d70cde07119cf46faef9226811cf4198ada8b9c8711d7570649ab98	6bc88c2e064ef83cbab795bc39b401784dcaef97575d1dc3d0ebf1970aaf6803	b752a07e6d70cde07119cf46faef9226811cf4198ada8b9c8711d7570649ab98	true	AXIOM-FREE	-	-	-	false
Someone.PeerPresence.absent.elim	Continuity.Admission.PeerPresence.absent.elim	definition	someone/Someone.lean	formalization/Continuity/Admission.lean	79d08f066d8489f31b228ea50c54d2c7ad51f95130a9cb41c8c8a67b4df5cdc9	20f9f1fe1af7efca61e501b87e6e908de563983316e43f90d60b172c1aeaaf55	0111a676644bed6e40d3780d935425e692ba03dfe6c316a69946b1e21fc70d6b	true	AXIOM-FREE	76dfbe2dcb4e699fa8981e3b0284af9ac3472a2c66d9ae2d806935ddac45c018	8e3703d3495a2800d349e08325550afa3a41714f9b6531560fbce28eec78d9f2	1445258f76b19d102135329191fccd014d69268893d05a824d3d7236e89deecd	false
Someone.PeerPresence.absent.sizeOf_spec	Continuity.Admission.PeerPresence.absent.sizeOf_spec	theorem	someone/Someone.lean	formalization/Continuity/Admission.lean	2eb7ecf19e85bc91de2aed6475e75b336b4ca297bb59d91a685972c09257bb25	24acf8f2c233c1bca1317b590d4090a7cc126bf48b60e9cd34a504d70a3ad7a1	3270d29a457c768a80170e0d7afe2140cbf23f76597bf06125a1b19d5995f6dc	true	AXIOM-FREE	c3ce9e20e45db0ccb20faaab0c19785fa3f6fcf1aefeeef1c9aab9c83616c524	c3ce9e20e45db0ccb20faaab0c19785fa3f6fcf1aefeeef1c9aab9c83616c524	ae52979ae4bbde5815faba7c8ba901a974900786e16239deacf42c8e3045a692	false
Someone.PeerPresence.casesOn	Continuity.Admission.PeerPresence.casesOn	definition	someone/Someone.lean	formalization/Continuity/Admission.lean	802f7595fa8bd6642e88bc79d5b9aaa424f51c730e13a64fd89cdc6fac984b90	580fd7a6182cf67990ef908886d6e3a7611e0031367d4d28312854276a380168	4bfcd4c3d3c7948e38b30afc64fb522ae587ed4e061cbc21a9cfc5ae4f342ae1	true	AXIOM-FREE	369b48e4d24baaa0e64c7151615f70e9c390ef9b7f32ee40a9aebc9153eae5b1	d7e423f52184b6baf733bc778905ca813f79825c3879ab280066cdf946c8c36d	0ac1c2344847032d97917a18090742f05dfd819b511f17418192d5d8e63ab471	false
Someone.PeerPresence.ctorElim	Continuity.Admission.PeerPresence.ctorElim	definition	someone/Someone.lean	formalization/Continuity/Admission.lean	4c454110ef37872002b41b86f450f082352e01115a426967a3c4b9478f027c31	cefc77483822bf704951752aa9705cc0f77a8209badb44193aca807838b2cfa5	380272a1ec83c7fdafd628381e650f6960687af4ccabb442421ca56e185546bf	true	AXIOM-FREE	0b56f4a83092abeb34163fd01581775081a7904f91f04f47b9f6c26a4550b70b	5f53ea1f1b6db22141d7f43b01c9b1f92014ee33fb56ae367715e4c76a2962e0	f4595759b422b56f20f98908fdb9d7f49be91355596985162cf27f7899ebf672	false
Someone.PeerPresence.ctorElimType	Continuity.Admission.PeerPresence.ctorElimType	definition	someone/Someone.lean	formalization/Continuity/Admission.lean	8b1c7e7ea16d085ea4126b7618b9606f083985dbc0378a40a0484d0df0269d20	6205f7359c2a81cac40e8805ac148a34368e70d0ee3d82c5295c37dfe3fb0eec	10f95b9c6778556b77ee353f19f1dee885b32b8a5ef452f24a89126a7fc4e9f3	true	AXIOM-FREE	c89b9a418f8ab8eea68d81aba4f56786c836be3ab65e26d5aaf610e8bb7ca19f	868fb4ae37354a1cd4664932ac5f3af16b8ebcf52552045a85a0fa18fd2d51df	551e0df9af3352b21dcdb28b06ce899f7dfe377523e6c254a2d80bcf65c1fd31	false
Someone.PeerPresence.ctorIdx	Continuity.Admission.PeerPresence.ctorIdx	definition	someone/Someone.lean	formalization/Continuity/Admission.lean	7d3fbe9211ed061b1b7ce27c3a8de803d4126021f96ee37160154cb741822bb4	50c016a0a2eb2f893ccd0dd7fdf80ed512676d121340f78555f7427c1d97d823	ee50284ef879a262aa17de3303e96a21859bef2a969ea5fa0e2456466176825f	true	AXIOM-FREE	2a94d0734b20ca2694435ef07360b7f3dc7beb2ea0adb10db2703bf3849245ae	2f838f6487e88bdeaaa378c82cffa2cc152313afe62bde55ba27e824265695e3	49c8a51a4a60b51f9d2a9fe5b8dbd4c5c86c73df2f2c1be84ddb875ce498c0db	false
Someone.PeerPresence.noConfusion	Continuity.Admission.PeerPresence.noConfusion	definition	someone/Someone.lean	formalization/Continuity/Admission.lean	68e7f83906cf2525f260c96f2e8ec3b916b1ee87c3ffc11d4aaaeb57c47e37e9	8ad1ebad030763d8367a0d0a2af7efbb14044d54addca08ca98a0c98e9651f9d	9ad60d6e0e79d395c6bfbeb26b988cd0aa9602267e3fa1eb8b057d74d9b7a865	true	AXIOM-FREE	d69d350de259d25bf86cabf0e4231d51e118637076766539e677e95c9f9d07a8	102711111294509842ab3d3a3445afc3afbba3ee2d2d41db2dc87baeb1e40a76	2a5d3ad9d4894dec7bbb0b80277577305fb532d11b88c54058d6f3318e16490f	false
Someone.PeerPresence.noConfusionType	Continuity.Admission.PeerPresence.noConfusionType	definition	someone/Someone.lean	formalization/Continuity/Admission.lean	869e519e9abad7e7c37de567dc7d247e1ab45a3f1432a7da7b5886cd05499b38	a3d714f8519fe70137c6a23e58a9b94dc8855576a45d1219060acc9e0d4128fd	89d7997244336cf93bbf687ab12d663ee85e397f2576884ec356e1a2fdc0b98a	true	AXIOM-FREE	b74d9a4dbdb57b41319abde67343b014b9fad16bf47823f5c9a7a3526fbde5a5	71d274b1743866d777e4a134ca1fde75fcbf7ea109c3d1e1c86ee099e2bc013c	4b7fe9a5d498607b3241d4b51d15396782058e6800c61837c5b7fc6f2e0317e6	false
Someone.PeerPresence.ofNat	Continuity.Admission.PeerPresence.ofNat	definition	someone/Someone.lean	formalization/Continuity/Admission.lean	f87ee0fcff906ec8eb281aaec53b871a29e63584d41900992fcde541dea9ba65	cfd1398a18e2b02f7edcfb0d36faf0eacfa67376854cbbfeebf55dd2f9748fc9	60d7cbf4c50f2d657deca14d9585904ac7a3329af00f110f8e36fbad31ae799c	true	AXIOM-FREE	240b2cc56882581240121db0e92df9356123baf9c6fcbdd3b3b607901ceb26e6	44c6a656afc7895f87d516555cfa8461d40f82cfa56f7150346b4577686c1d71	22f3148f59aa51f0777b9a3ed8fff3e9ee575b63c75e521f8d64bc8a923b1386	false
Someone.PeerPresence.ofNat_ctorIdx	Continuity.Admission.PeerPresence.ofNat_ctorIdx	theorem	someone/Someone.lean	formalization/Continuity/Admission.lean	d262d40a2eaefe98af43fde24035021e3f070dc33277069f01ac0f5483976040	5b4cb034b9db69fbaaa358d5220435e96099ab25708cdfc664d5d58e47e255fe	378568677f78b9cf6db1f9531aa7806ee14003a7501d1aa895f151a7eb88f72a	true	AXIOM-FREE	5b6a7aa73fb3d483e5e72f109d5c5003c7beb1c17e553d548b7de0b1929395f8	68d7d584a0675bc7830c19121b78c6eb76a2577dfa9e4b9319d3af88bcd81bdf	3d1c6469f7128a9c2b79114e7a2c1c9e8ef904879c1c1a81ae3bfd0355b8d35e	false
Someone.PeerPresence.present	Continuity.Admission.PeerPresence.present	constructor	someone/Someone.lean	formalization/Continuity/Admission.lean	b752a07e6d70cde07119cf46faef9226811cf4198ada8b9c8711d7570649ab98	6bc88c2e064ef83cbab795bc39b401784dcaef97575d1dc3d0ebf1970aaf6803	b752a07e6d70cde07119cf46faef9226811cf4198ada8b9c8711d7570649ab98	true	AXIOM-FREE	-	-	-	false
Someone.PeerPresence.present.elim	Continuity.Admission.PeerPresence.present.elim	definition	someone/Someone.lean	formalization/Continuity/Admission.lean	5f5be8af630c07cbf32172ab40919668532b524d9611d45d9eed5a998e8b799b	f2cacc5243e2b7e05fbd032ad193d5cc3b5bd60a62046fb421b2cf912bd708d3	bf58f2276f5c3b111d6445dc1d5365e174d1f1f5ec23dc1412f7af56fb58737b	true	AXIOM-FREE	1b94788b17db821984b211d209a95eb852d8626dac5bb950f2e950289bbc2bb0	8db48144e7b316a68d6ae3f28e8ec49f0e47db130ee5f68531874a9c8b35e1db	1b3d1de9efe90159447c8fa4113767524c8afd717cc4286eba32c1ac168069ae	false
Someone.PeerPresence.present.sizeOf_spec	Continuity.Admission.PeerPresence.present.sizeOf_spec	theorem	someone/Someone.lean	formalization/Continuity/Admission.lean	792d94558f1c39db1e7970343ec15c0d35aa9377b07f494b36859085e4df51bb	3f9a905e35a0986363306e24d57a6d15871925d389b4eead335f16846cb74f59	fe539f592cab8f69f7b2964aeae9ed34ac686061c02e7442bf2d2d561315ef1e	true	AXIOM-FREE	c3ce9e20e45db0ccb20faaab0c19785fa3f6fcf1aefeeef1c9aab9c83616c524	c3ce9e20e45db0ccb20faaab0c19785fa3f6fcf1aefeeef1c9aab9c83616c524	ae52979ae4bbde5815faba7c8ba901a974900786e16239deacf42c8e3045a692	false
Someone.PeerPresence.rec	Continuity.Admission.PeerPresence.rec	recursor	someone/Someone.lean	formalization/Continuity/Admission.lean	2d75e67f335a92fa6ea0fc6231b1723ec0d66495c042bd1d90b92c0e8d45ddf4	ff24ef45c661d3b299b50cb2b249c108e4e843f33d822efc4ac4ec836021270e	92e81f89be36e4142e729b3727063de630cb8691738befa833b34138b6b90862	true	AXIOM-FREE	-	-	-	false
Someone.PeerPresence.recOn	Continuity.Admission.PeerPresence.recOn	definition	someone/Someone.lean	formalization/Continuity/Admission.lean	802f7595fa8bd6642e88bc79d5b9aaa424f51c730e13a64fd89cdc6fac984b90	580fd7a6182cf67990ef908886d6e3a7611e0031367d4d28312854276a380168	4bfcd4c3d3c7948e38b30afc64fb522ae587ed4e061cbc21a9cfc5ae4f342ae1	true	AXIOM-FREE	369b48e4d24baaa0e64c7151615f70e9c390ef9b7f32ee40a9aebc9153eae5b1	d7e423f52184b6baf733bc778905ca813f79825c3879ab280066cdf946c8c36d	0ac1c2344847032d97917a18090742f05dfd819b511f17418192d5d8e63ab471	false
Someone.PeerPresence.retired	Continuity.Admission.PeerPresence.retired	constructor	someone/Someone.lean	formalization/Continuity/Admission.lean	b752a07e6d70cde07119cf46faef9226811cf4198ada8b9c8711d7570649ab98	6bc88c2e064ef83cbab795bc39b401784dcaef97575d1dc3d0ebf1970aaf6803	b752a07e6d70cde07119cf46faef9226811cf4198ada8b9c8711d7570649ab98	true	AXIOM-FREE	-	-	-	false
Someone.PeerPresence.retired.elim	Continuity.Admission.PeerPresence.retired.elim	definition	someone/Someone.lean	formalization/Continuity/Admission.lean	cc5a038b63ad6e120d94389354c99633b2b3d6c0ac858fdfb7a9091a50f97314	09eef582e5cdab80972e56e5ffe435b3bfb9fec9b68d55dc592e0fc8ebc1371e	1d734a936dd52980af30bcda79708312b275dc62b1f9eed018aaddf77613e6e0	true	AXIOM-FREE	181edf63e40e68a9baa32c746cedf89a53e01cdf4effac607e91e97a63db41e0	dde3198383a87c1da4c075d5fb79e0a8397e9ee2f1cdc4bf8d302231dcbdb7a5	657020edae89962a53b6cd5f4e0921aa88a1eebfd3a654026bf168b0407922e3	false
Someone.PeerPresence.retired.sizeOf_spec	Continuity.Admission.PeerPresence.retired.sizeOf_spec	theorem	someone/Someone.lean	formalization/Continuity/Admission.lean	6f8565a36eacbbece1d586f481ce13ef48c4c731da76aaaa8b58a8b655e18f5e	e1a42dc52045d024eb530d0cb876d5229bfc728850933e3ef74568a676d01d66	456b9c39508c6a4dd55a9192be8abf5319a584e1dafce4c944ae86b34f2b5c88	true	AXIOM-FREE	c3ce9e20e45db0ccb20faaab0c19785fa3f6fcf1aefeeef1c9aab9c83616c524	c3ce9e20e45db0ccb20faaab0c19785fa3f6fcf1aefeeef1c9aab9c83616c524	ae52979ae4bbde5815faba7c8ba901a974900786e16239deacf42c8e3045a692	false
Someone.PeerPresence.toCtorIdx	Continuity.Admission.PeerPresence.toCtorIdx	definition	someone/Someone.lean	formalization/Continuity/Admission.lean	7d3fbe9211ed061b1b7ce27c3a8de803d4126021f96ee37160154cb741822bb4	50c016a0a2eb2f893ccd0dd7fdf80ed512676d121340f78555f7427c1d97d823	ee50284ef879a262aa17de3303e96a21859bef2a969ea5fa0e2456466176825f	true	AXIOM-FREE	830cbd2cb37e4f879706e48f34290846dc3d93594b99276d09e578cc20c7d545	d3352409e651982c728d168a47564ac2a0d9948e9aaf4c65d48a73db51c11be5	830cbd2cb37e4f879706e48f34290846dc3d93594b99276d09e578cc20c7d545	false
Someone.PreparedMaterial	Continuity.Admission.PreparedMaterial	inductive	someone/Someone.lean	formalization/Continuity/Admission.lean	b4611575b2b62eb57ff8b514cf96bf01666158b035ac2fcc89065136260d1e05	b4611575b2b62eb57ff8b514cf96bf01666158b035ac2fcc89065136260d1e05	b4611575b2b62eb57ff8b514cf96bf01666158b035ac2fcc89065136260d1e05	true	AXIOM-FREE	-	-	-	false
Someone.PreparedMaterial._sizeOf_1	Continuity.Admission.PreparedMaterial._sizeOf_1	definition	someone/Someone.lean	formalization/Continuity/Admission.lean	a0e59744d15484701e8db3d2dc3bbfaff908709e013ba6fc74e279e020474623	ac7bffee2b0c9bffb062d5419c8b595d2b71fd91ff7e10b62577550f7345ab28	b3d0a5b3ef0d87aac5a5a8c43f15af14450ec59a4f47f0249234a6fece2f1a8f	true	AXIOM-FREE	e8f4ed1b2cad16352a1925c837b957459448b05cc197f9eba05231135633e842	e857b76d90a4f648fd4f2bca2697f42d3bbcd1b9709f4b25774715c2c1629155	6b29d9d62ba596d38a9e9104bf0d7ab4d1644e3525df4540938a40a1b7786794	false
Someone.PreparedMaterial._sizeOf_inst	Continuity.Admission.PreparedMaterial._sizeOf_inst	definition	someone/Someone.lean	formalization/Continuity/Admission.lean	1d2f87239ee49a955e464f491bb08faef4832a820db43c153c934af32aedadcc	2cba043978a218ea71788f0bc13c44dab95c02c3ed505c7f53b7644a2365ec63	adcc6e50ec324572b2b98250fee375d0d181d5119a229fdd72d098c400c35834	true	AXIOM-FREE	1a5f2167ba2265e46d558e629da61dc0a5e5378da702dab74c8e13c741e7b74c	1e6a7d33620766fc032f158b0a7146eb68335036d1a3791fa74720c52e45eaf7	59cae61e42f7f2bfd09de101f4720580cbe417ebe3a5667c12a1be318591baca	false
Someone.PreparedMaterial.casesOn	Continuity.Admission.PreparedMaterial.casesOn	definition	someone/Someone.lean	formalization/Continuity/Admission.lean	39c261e3d179abeb4f3880f1f0e85ee13aca77adbbb69741b20b05eb797e1f74	51d3c815a960e54bfafa3db1603485ab88e24bbc9974780610bac38dceb114a5	e92529481a286b946e3df81141a57d22a459b7204f44b2d1f08eee4c66dbd88b	true	AXIOM-FREE	90013f10ff92d3ec462df750af1c837162e2e554017c9f9b4156dc9f7ba6a875	7672031787c465d002025547e7ebc149f3d92d8f6ed076c67831aa9bb5a9b368	8a4c5ed38d86e27dc938a310d5b5103cb3992767eedcc390715a4127408d8b13	false
Someone.PreparedMaterial.ctorIdx	Continuity.Admission.PreparedMaterial.ctorIdx	definition	someone/Someone.lean	formalization/Continuity/Admission.lean	a0e59744d15484701e8db3d2dc3bbfaff908709e013ba6fc74e279e020474623	ac7bffee2b0c9bffb062d5419c8b595d2b71fd91ff7e10b62577550f7345ab28	b3d0a5b3ef0d87aac5a5a8c43f15af14450ec59a4f47f0249234a6fece2f1a8f	true	AXIOM-FREE	1cc6ec09599bceae1c37a65114214eeb063ab6d13bd4c6187d58de22c0af422c	7796b38485bd179b1bdd3e1fe8970412cc79a385c6805b1378a11fd58f55b68d	10461e9b1ae9af2cbeade4bd97836c6b1d9761c92633dc74ec47f1dc26d73702	false
Someone.PreparedMaterial.fit	Continuity.Admission.PreparedMaterial.fit	definition	someone/Someone.lean	formalization/Continuity/Admission.lean	a6cb9be008c37a5774f551ba53a9c97519b9f2a6303c62e8fa5910d6fab6742c	eb068d3cdae6c3bee604f79d080e3d011df4ca4d3abf9771cf7755545f9c3728	ac27d790a29e634d40c08ba2b8e96aa5b75bf705d6ee83f9db0847559ca68203	true	AXIOM-FREE	5214443738141ddb3112ef59611f0ecb2d86b0d87b47b4e41b5ff72ac84a2ae8	652cd929d6c1e1c3b3ff44b8bf975e1e7b7d24cef04ecf586f65cc3dfb634b50	6a14215e4bc5cb039a4a369da56ab7a14c9e61e1372475cd322611ebdf34ef6c	false
Someone.PreparedMaterial.freshness	Continuity.Admission.PreparedMaterial.freshness	definition	someone/Someone.lean	formalization/Continuity/Admission.lean	00dd0adc9eed9b6bd896ab35833f98461cc70c94953adbfe9e4f47b96278c4ff	7d534cf2a08c7561227b7dc15f2353a9cb0257dea2089a557412e0eaf3ef033e	b0214ae0df64c91e6f99bd4198381f6497b3b7d9655b11dab692e1bcf0322a43	true	AXIOM-FREE	a6a9135552f16918d5e7a62c6f1ff2549dd93c5ba559c14fae1de559859fa775	4a53859d4c8ebd7abdc7833b13922cf5327b85e87b56c4c7430183f8d581cadc	bd453ad86f4908a4a82be3bcae5e20c088653a4275a58cf8c8ffe0c2f16a280f	false
Someone.PreparedMaterial.mk	Continuity.Admission.PreparedMaterial.mk	constructor	someone/Someone.lean	formalization/Continuity/Admission.lean	ae7f0e5817b12283e778db020b075af12d84965c40531bf5166211d208ec0c52	f0d9691ac283760a5c3341f1fea374c0a0d36bbb52b88f1029af24e6c3e04161	79714bf60ac2095922eff710a6e95f5c09435d75a54de756ef336896b86b924f	true	AXIOM-FREE	-	-	-	false
Someone.PreparedMaterial.mk._flat_ctor	Continuity.Admission.PreparedMaterial.mk._flat_ctor	definition	someone/Someone.lean	formalization/Continuity/Admission.lean	ae7f0e5817b12283e778db020b075af12d84965c40531bf5166211d208ec0c52	f0d9691ac283760a5c3341f1fea374c0a0d36bbb52b88f1029af24e6c3e04161	79714bf60ac2095922eff710a6e95f5c09435d75a54de756ef336896b86b924f	true	AXIOM-FREE	9a8c844f5de24e55fb02ab84cc49c6d2ec953c4fb2fd5e24f5facf1361c2539d	4fec8e107c3dd1927944946637ebe8e2889f65df9d5a570171ac88762cbd0837	9acd61cb739ceaf28be9b4c6a2b54930f77c1e80e79c79425827f56e85d4f2f9	false
Someone.PreparedMaterial.mk.inj	Continuity.Admission.PreparedMaterial.mk.inj	theorem	someone/Someone.lean	formalization/Continuity/Admission.lean	3e30463d0872c256312533cd1742d33c807c6759583f595021f09a16e40de9e1	7a65b4aa973ca62e2fee80f1088df06f89b983c2aa2a723e2d6caad84065a223	3a5e554f6a1831f613565504b398e0bbec960478b63a8adee766e820d81d7bd8	true	AXIOM-FREE	51f46b2ff3a9e9fd8ba12bedd9961845e7b3ff6584c15b19de8db6d8d4fcb65f	220eb78cf9cf42da6f4ea41b0668bc030dc4a2b4921586bc08e6b95edf0a1b68	9d3eba1d5d18db786b7a3fe12b575399b9caeb34a1578a3372c16f261a8945c1	false
Someone.PreparedMaterial.mk.injEq	Continuity.Admission.PreparedMaterial.mk.injEq	theorem	someone/Someone.lean	formalization/Continuity/Admission.lean	67d521d5901e38bbd4f3d8eea5bf1485e5cd30b51f68d9697c5064fe2ad4c3db	16d7eb8266eb49e7fe43f3c6b3bc2fac818179b191bddc5711e52fc2b2cf3b9b	581e45647b7cb69e5d84569f935038de4e20cd333edbb9026acfb499e199a328	true	[propext]	8dc97eeb8c0e4194325d2b43a996af54d0be24cf024d20ba527af4431c16d0c7	26c3ab7c2f79a060f8f5d8cf49704d613b54568496b21fab819b27ff004be4a1	70db4e7cfb4f471322a8cc20aa3b1654690e5d6e1cab348d20c08f579d388960	false
Someone.PreparedMaterial.mk.noConfusion	Continuity.Admission.PreparedMaterial.mk.noConfusion	definition	someone/Someone.lean	formalization/Continuity/Admission.lean	813a0bc347fab9ff92383b591723400a449753865ae9644d48b52a6a02047afb	4453d65b160cd34c16d2ba537b0f2d1ef12ff223f678cee92d7e67d5f42b3cad	93a7237b5f0f35a03a3539721f546dd676f581376a6ff82fd77d63ffa3ad0dac	true	AXIOM-FREE	089d9a5c7b203ddc113aaa18bef8075fe905b6a4266d5a9cfd70999706df9467	b243c9d4c323c5bad6afffbd91ab4ac0375f499877c2f76a2525a2092932f87f	2f625949430003f981a8b8bb07ff75e18224002ec044ed890e3039c7e205fcaf	false
Someone.PreparedMaterial.mk.sizeOf_spec	Continuity.Admission.PreparedMaterial.mk.sizeOf_spec	theorem	someone/Someone.lean	formalization/Continuity/Admission.lean	94726f8baaf671d4df86f50017460b555dd6c97990b0dff8d781ad0e1b86e6ea	8451a4997fc01e3ea94d89cf995bace9a345b70f71665442eb211b8c0ce6a3b6	49d202b5a77d9ea7cc3c41984ffb1eee15daff77b2c8e7da7b249b6a944a38cb	true	AXIOM-FREE	010e6011ad626fa55f7528fc776d9966f2c56210a41502a4b99fe3221d9c9567	7e6452abccfe6e57902dd4f4ae0e1bbfc30e34862796a91b52160bb0c9ebf9c9	de2148ae1d824a4741608423b14fa1fe30ec44cf7242e5569b909c721bee5fc9	false
Someone.PreparedMaterial.noConfusion	Continuity.Admission.PreparedMaterial.noConfusion	definition	someone/Someone.lean	formalization/Continuity/Admission.lean	a5d96163face397b304ba4b5f9fcf776b25d297b0a31067c1b2a9cd1fc563580	9a0217d745cd930e28c68da4a1ba6d78e53012e460f6484507a9d9e2369c0944	5678ca31c7484b703e7542be653d5bafd1373bb98223fd97031fec9885e31ee1	true	AXIOM-FREE	4afe5d627545e614c85f4a9a196d37b459603aa775366c2a601a68ad913a4642	5c34764f97ee7bf5a0b97bad2401a585f3bfc2645723a4947545d23694438335	ce086030ec48fbf5737f621ff772ccf0d5c649728ee3cc57e65f83b168b9e7e1	false
Someone.PreparedMaterial.noConfusionType	Continuity.Admission.PreparedMaterial.noConfusionType	definition	someone/Someone.lean	formalization/Continuity/Admission.lean	1ebe6d032a0234183e86e3e0bf128841179636a3c9083462325c3a74c3606bcc	6ecd98287469b3eb2234b5766b7bcb3da025e0c81a13b883f44ec75109eef79d	977984e493f1960854135d20e6c23bd5ab0d627037fd82a26cfffdf8727cb7c5	true	AXIOM-FREE	16f5487636aa4efd3b6af4aa80fd37e3542fd32b1affbde5a0e7d42dfc0b8e6d	cad9cb9231225689b7b9af95e877eeff40b4074ccbf0677df1747f244071d3fa	ce706072850a0e177d6ee3090220736a28cccbced2683af91868c9441108bbbd	false
Someone.PreparedMaterial.provenance	Continuity.Admission.PreparedMaterial.provenance	definition	someone/Someone.lean	formalization/Continuity/Admission.lean	dba0e31cc163c2ba57875cf8d9a864806fc7d8b8a6238f49cb550f7a39b8d979	b2d50fecc82175874a4093382651702a5f8b7f7e037f7fdbb355a557d31d8d89	0e166f6da218b5dc0ac9b998c85f6f3e54c7ad02881468340af2c304c8c1b56a	true	AXIOM-FREE	356e83b250d70de3f9e02c599938916e4224bbe6914b543c998c1149ccd8761e	92445d64ff34d7e63202d0b75abe1504136308dc0990d27d3d8ffb225c053bb9	68de4f1263ed9c687015956f96848b181f761f56254da5ad36f5a20cbdf8e305	false
Someone.PreparedMaterial.rec	Continuity.Admission.PreparedMaterial.rec	recursor	someone/Someone.lean	formalization/Continuity/Admission.lean	fd792b7d3d3b4e222a9096b8b60e1329831b59ad04456cd9c90fd4c8f6acc5db	5804d5ee75aa0a4c93249cc1b1df31c4d7949a7bb9ee104e04aa29f8c41bf04e	659da4f6ef6ab809b57ec3d59c7a3443ceb06fa4ae0b792bc00bed81fddc0e92	true	AXIOM-FREE	-	-	-	false
Someone.PreparedMaterial.recOn	Continuity.Admission.PreparedMaterial.recOn	definition	someone/Someone.lean	formalization/Continuity/Admission.lean	39c261e3d179abeb4f3880f1f0e85ee13aca77adbbb69741b20b05eb797e1f74	51d3c815a960e54bfafa3db1603485ab88e24bbc9974780610bac38dceb114a5	e92529481a286b946e3df81141a57d22a459b7204f44b2d1f08eee4c66dbd88b	true	AXIOM-FREE	b3fe1b19a744e66d156931440a8eb5ff7ecf77202555f4375d4a4e9a1da19ce5	ff7d8dd1396f09073d903834cc537d70da59d72258e5e8cd882708f7027f9e17	c510571dd12867d823a92504a94bf0dff0a493e831d7f8ab9b1e38aefaacf0a8	false
Someone.PreparedMaterial.substrate	Continuity.Admission.PreparedMaterial.substrate	definition	someone/Someone.lean	formalization/Continuity/Admission.lean	21e8599bf087adc9dd6985f1e8fea45bc033a9efea4826187f0e0ef1febd3e5b	998f428839187d6d620fb2f7a0af587f63f687722c67dc3fe37e1933d2c52ced	edf6dd5959f38f87617f177c957799238c476fd2dd0b99b1b8d19de0a6099d9c	true	AXIOM-FREE	248f9c036c1b0b6ddc23d0d96f7fdc55ed98fcf539e396f6f1625d7d3ac4185b	5ddb3664b8dc62bf3d5e6015dd167766e732111586df8d31ce0bc2b15985f875	a3035cae84513cf617cf977785961f617b32cb8bd9759ff56d6ce8fd0a248605	false
Someone.PreparedMaterial.targetInvariant	Continuity.Admission.PreparedMaterial.targetInvariant	definition	someone/Someone.lean	formalization/Continuity/Admission.lean	21e8599bf087adc9dd6985f1e8fea45bc033a9efea4826187f0e0ef1febd3e5b	998f428839187d6d620fb2f7a0af587f63f687722c67dc3fe37e1933d2c52ced	edf6dd5959f38f87617f177c957799238c476fd2dd0b99b1b8d19de0a6099d9c	true	AXIOM-FREE	c38b56a2a4fd151d1662d94bfbcc671efa51cc8003a73bd333b164be44c08d2e	df44a8f361374797a31aa61c3506484aa0fc8dea142569f76870cab1f132c820	0020e41fd9b42d52876534f4f5ab0ada1dcd325beea238f4fbf1037fa9c26bf6	false
Someone.Provenance	Continuity.Admission.Provenance	inductive	someone/Someone.lean	formalization/Continuity/Admission.lean	b4611575b2b62eb57ff8b514cf96bf01666158b035ac2fcc89065136260d1e05	b4611575b2b62eb57ff8b514cf96bf01666158b035ac2fcc89065136260d1e05	b4611575b2b62eb57ff8b514cf96bf01666158b035ac2fcc89065136260d1e05	true	AXIOM-FREE	-	-	-	false
Someone.Provenance._sizeOf_1	Continuity.Admission.Provenance._sizeOf_1	definition	someone/Someone.lean	formalization/Continuity/Admission.lean	644a2e8b190df59ba86572954d9b687d93f8a783895d9c12cffeb033914a958c	b43f021a08a1d0dce293b445ca211d417f1ccfdf9a92bef89eb2c547a6ac670a	a1745b56ec6a87b7a7f6d2d1fad7405c1778653e3fce618bdb67a5189e5925ea	true	AXIOM-FREE	47e2dd315b2254e78359c5af68ce47d5c5c4e6c0177f822767a0eda8e01458f8	18c79b40c927c94cd097a4e8050cc34ec7905a7428070d2569182168a11ba530	bc753a309c3f796b5f6cafb3587f06d4661905febcfd1e22fc475d8791647e49	false
Someone.Provenance._sizeOf_inst	Continuity.Admission.Provenance._sizeOf_inst	definition	someone/Someone.lean	formalization/Continuity/Admission.lean	af7282baa72046f6d18437147eeb6df37512dcea8f88e2dcb2b3eb6d4255af51	6bf4187af02adcb1087a2318e2b4120dee6a209ee298e4da9e16d7a9ce5947a9	af7282baa72046f6d18437147eeb6df37512dcea8f88e2dcb2b3eb6d4255af51	true	AXIOM-FREE	1ea53020d8a26f4c926cc8736d0ca3ad1c1d38e38b3dc151695f686fff395508	d09d76b6d6d559015d4a65a21f69a9e2e7c85e65112d9c6a64e8338b1ba65bb0	b94e3ab199fa00e38fdc98c4721c56f45b23cc0e8e4e4aea4318365b11ccba93	false
Someone.Provenance.casesOn	Continuity.Admission.Provenance.casesOn	definition	someone/Someone.lean	formalization/Continuity/Admission.lean	0bc5d1b7c149688ed657a3b3c9dd26ee68f642e1f11e4b955b408a34d1d69c3d	53f16bf0f21a3ff46f20918bec8107715071ace496814a415221e17cb5bece8b	bd0ef22d01bd03e2f57c08676c6c5a4eb56d058440f77f7856ac8e0065f276fe	true	AXIOM-FREE	39d5e192a516e7f0be95e7fd117b87b1c59666e6024cb9817f79602ecfc16f93	16467cfcaf6af6eb30d566f72bd0e0410de2bb8b0a59c0825980bd91d51c77b5	2bb3092df733a216d8736840c4e1e01cc021ddc004c2d5f3fd948501f7f16f84	false
Someone.Provenance.ctorElim	Continuity.Admission.Provenance.ctorElim	definition	someone/Someone.lean	formalization/Continuity/Admission.lean	83d857503d0f478dcdeb78dfa5debdd9b75b8f436a80f59d0d41e88c0d15ee1c	8b04746d50a8f8b9f44d605621699a7ac1858b9f0542b4cd66ce683fa6d880a7	564ff0c7742cf3d677248ab615d876ef437080421147183eba5f32f68284996f	true	AXIOM-FREE	805068933e92f608fc8d01774f375ce4f11e0ba957660ce98ba0fb8810127377	5f65454472c6da598783586120e1444903ae2035eff9b325b594812cf6f1d3f8	a9a28543a3783c53dd4db53e258899831afda12dafb5b4dc11e43346c953a2e7	false
Someone.Provenance.ctorElimType	Continuity.Admission.Provenance.ctorElimType	definition	someone/Someone.lean	formalization/Continuity/Admission.lean	ee276fe249b1f8413c07deaf4005e01fdb18dc3e205e39d29ce6e2365e3b3f16	a846cabb1d706e1ab76b2176e517e5b2c1119e0ba8b9179e033155d4660b7411	941d2d5eb020c9283a799c24de810335a523ee04b07dff16b5043028d89d209d	true	AXIOM-FREE	1dd3eed2e2bb9d74872f668635adeffae173cb928b0df7cd96a17b24386df6d5	df40db6258e3bf02e2f1fb6b8e95a855d5a7b6a21656aa66c469900ae972e43b	af9ca04afdc42da852fe8031f06cf758859b0f22bbcbe769467302dc52465a2e	false
Someone.Provenance.ctorIdx	Continuity.Admission.Provenance.ctorIdx	definition	someone/Someone.lean	formalization/Continuity/Admission.lean	644a2e8b190df59ba86572954d9b687d93f8a783895d9c12cffeb033914a958c	b43f021a08a1d0dce293b445ca211d417f1ccfdf9a92bef89eb2c547a6ac670a	a1745b56ec6a87b7a7f6d2d1fad7405c1778653e3fce618bdb67a5189e5925ea	true	AXIOM-FREE	a0b4238d79252df25d134cbd410567b84de8a2ed0b05b41606f3abff7bbb6fe6	ec24b20559881fed8cf4c6f7d966e13787a4ccdcb20b823bdf018dab0c482712	6238c3d6a18e19ad1e6d52b5a05d4c464fc444e22d9334a12597617f60c3cb7e	false
Someone.Provenance.external	Continuity.Admission.Provenance.external	constructor	someone/Someone.lean	formalization/Continuity/Admission.lean	e3fe62d5e9dd839b8f5d6a5f645c125852b51947c7bb2ee1aadefd5318b4ce68	cab9f63764c0e80477730361c08c1796afb9793ff229745095ef3f4f45c96777	e3fe62d5e9dd839b8f5d6a5f645c125852b51947c7bb2ee1aadefd5318b4ce68	true	AXIOM-FREE	-	-	-	false
Someone.Provenance.external.elim	Continuity.Admission.Provenance.external.elim	definition	someone/Someone.lean	formalization/Continuity/Admission.lean	d0b2ed686a73ed253a5318bf47ccf651f4963214a7e31d7a729981be4a6eef40	d46064d5d8b4b5a72d9c93061e217989c77b210fe755bd347c41666dd9efd328	d7b9febc48f0e3c95e10c88c56faed60e394503b9b5bc66440f0ac39d556b8c5	true	AXIOM-FREE	b9b916a85dfda30c26f61f0b3c7eb3ed757e269e246b0150a7f5f4e8675e72eb	d8265135c2d146092ddec815d7e0dbc8fe442309fc9b4df6d3bef0177f9365e2	8715a7f6c973097b391aebc9a2a2a3c96148bf962a520bddf77fef893a663f82	false
Someone.Provenance.external.sizeOf_spec	Continuity.Admission.Provenance.external.sizeOf_spec	theorem	someone/Someone.lean	formalization/Continuity/Admission.lean	e1b9c9706e2d598abdbabf75620219a2cab2242bf6ec6b595fbbc6780d77e53a	8aa3fbdfc709436d3e8e5a358e999f35acf94be134939af1b1bb138c27001815	b32e91fdc3537060f5532f24b772465fba61d22d197e1ebbd27666706470e734	true	AXIOM-FREE	c3ce9e20e45db0ccb20faaab0c19785fa3f6fcf1aefeeef1c9aab9c83616c524	c3ce9e20e45db0ccb20faaab0c19785fa3f6fcf1aefeeef1c9aab9c83616c524	ae52979ae4bbde5815faba7c8ba901a974900786e16239deacf42c8e3045a692	false
Someone.Provenance.noConfusion	Continuity.Admission.Provenance.noConfusion	definition	someone/Someone.lean	formalization/Continuity/Admission.lean	c418318dc1ab87582fbdc399b37136649b396d1a2c4863256c2f415caca82210	ccf79a54ff8d2b817cd0676c7433989b7c1022096c69747aafd134acfc6edf32	8473fbb7619d026725eddd1207028aaa0b11c0f4896a68306c2a55672f824bf3	true	AXIOM-FREE	082e3633dbaa0aa4601deb4241535545d9a545f59f00ec068da68cc98cc537d3	f278f3a0cdf4f587e28c01b9fe97343f0bef2fc12ddaf79ae8d70aa696733c25	87d7f4a895139d4a54b504222363e8047c34a4470006a6301119d27fcceaa1c1	false
Someone.Provenance.noConfusionType	Continuity.Admission.Provenance.noConfusionType	definition	someone/Someone.lean	formalization/Continuity/Admission.lean	a488ebbe5962f8b033bae3bd0e9753f6b1ef9ec58faa43695b9e942d88cc2af7	e7df02d50c117586582cbb99ae8121528b241100bcd95d2e3c3a52425e9f586c	bcfb67b8141d64b46f39393c1295109de773fafe0581c823775516e72f9d0e2b	true	AXIOM-FREE	e27c4d36e5b52a25f24ac0287b76cfd3c9bb26bf7eaa0f2a128d04710c935e87	16f0fc9c3803fc24c4ae3b755ba2f4594432b01c37076265df4096dfe4433f27	0728441e5e9f0cb737b588fb499251244ec0a3ce737cd46062fde6b7753f73d4	false
Someone.Provenance.ofNat	Continuity.Admission.Provenance.ofNat	definition	someone/Someone.lean	formalization/Continuity/Admission.lean	b853582655722bd5fc40632dac95aa40c95f0cf2ef05367b4f4409b5aeca3d60	2d3785c6093d169c7459c56072e6bc6c04422493f71a01f84bf6e3319c424bec	77b2dbdf6594a2939a4a6272768f601a621cf4c042ed158512d498a29a852bc8	true	AXIOM-FREE	75a7ed95f6da0e3f859d22df62184930dedc2680855afe0ced59a4d7f50b5438	6bc73ec2bb4b25831fd482f3b6c3aaf7c206d4fdaad6421cb4f23fc700615cc2	0a1173bf114516740909f6a6008830a545d5d6f829898951bf149fdaf7af232d	false
Someone.Provenance.ofNat_ctorIdx	Continuity.Admission.Provenance.ofNat_ctorIdx	theorem	someone/Someone.lean	formalization/Continuity/Admission.lean	a52a93d7eeb346b3c9f72c5efd94177b9663ad1dd4b5afeae79233b2336cb6a6	31b4aa6f8b234a18710e5f8a17f566edbc322bed8667ee7d8b616c2ef27cce5d	5bc274f644e5306788948e28eb9eae09cd801156557db1b26a3837be9bd11b89	true	AXIOM-FREE	d40ebacfb06539193600c018b04fea9f7e2a901d103050403c4debc7a698a2e9	db27533e5f1bc7aab3c3146f16704d8a45762b3fe982d18ba5e319002dbffbc2	d0d7e9edd4437dd5b1339c6a1ad007c8cd7819a610e38d96c45e7f2d3b14ec31	false
Someone.Provenance.rec	Continuity.Admission.Provenance.rec	recursor	someone/Someone.lean	formalization/Continuity/Admission.lean	487c1252dc15ce36a96b469d57223c5a209c9949ddfea9c0fe0710720b07d9b7	f124f43087fa8f1b35b05c8255009a3edf59b3494698540c1478c18eabdb0d24	142e738bcc2e2d046e405091addcf7a2c9e0d1e2da2e0819dfd4905032aff60d	true	AXIOM-FREE	-	-	-	false
Someone.Provenance.recOn	Continuity.Admission.Provenance.recOn	definition	someone/Someone.lean	formalization/Continuity/Admission.lean	0bc5d1b7c149688ed657a3b3c9dd26ee68f642e1f11e4b955b408a34d1d69c3d	53f16bf0f21a3ff46f20918bec8107715071ace496814a415221e17cb5bece8b	bd0ef22d01bd03e2f57c08676c6c5a4eb56d058440f77f7856ac8e0065f276fe	true	AXIOM-FREE	39d5e192a516e7f0be95e7fd117b87b1c59666e6024cb9817f79602ecfc16f93	16467cfcaf6af6eb30d566f72bd0e0410de2bb8b0a59c0825980bd91d51c77b5	2bb3092df733a216d8736840c4e1e01cc021ddc004c2d5f3fd948501f7f16f84	false
Someone.Provenance.selfAuthored	Continuity.Admission.Provenance.selfAuthored	constructor	someone/Someone.lean	formalization/Continuity/Admission.lean	e3fe62d5e9dd839b8f5d6a5f645c125852b51947c7bb2ee1aadefd5318b4ce68	cab9f63764c0e80477730361c08c1796afb9793ff229745095ef3f4f45c96777	e3fe62d5e9dd839b8f5d6a5f645c125852b51947c7bb2ee1aadefd5318b4ce68	true	AXIOM-FREE	-	-	-	false
Someone.Provenance.selfAuthored.elim	Continuity.Admission.Provenance.selfAuthored.elim	definition	someone/Someone.lean	formalization/Continuity/Admission.lean	2695b6c0d10ed1e991c30a840c991dbb32c601c77124b47a7631f0d2078d6168	a12d7427a4702ec8adeeea20b940c407239b4845795d102d016e934d69b57f53	d7535fcec957c0d33bbdd94191da9afec3fc1384a1ac88e74ef4b2ce6f12a09d	true	AXIOM-FREE	609650cada594a169747e4db330bb749d83f0005af125498703c48587e0bfd21	0d56427b77d6c0087b5b804e932d1d4d432af080690ed2d23616777988dbbeb8	a7a3d031733e89208470d9d95075fbbec3ecc611503a6fd9c825220972aa4732	false
Someone.Provenance.selfAuthored.sizeOf_spec	Continuity.Admission.Provenance.selfAuthored.sizeOf_spec	theorem	someone/Someone.lean	formalization/Continuity/Admission.lean	6929f76ff401cf644202d7677c0ece322078303c749d74142ff7a89a11993fd3	ff376d75e53422aa1c88e4a1e6f7696598bb9f7eda54218f57f02d9ced7642bf	ed07c0fe5d75c41f8c3415bfc6e829f4198d9e29fd78c8b07a082657d56fdf2b	true	AXIOM-FREE	c3ce9e20e45db0ccb20faaab0c19785fa3f6fcf1aefeeef1c9aab9c83616c524	c3ce9e20e45db0ccb20faaab0c19785fa3f6fcf1aefeeef1c9aab9c83616c524	ae52979ae4bbde5815faba7c8ba901a974900786e16239deacf42c8e3045a692	false
Someone.Provenance.toCtorIdx	Continuity.Admission.Provenance.toCtorIdx	definition	someone/Someone.lean	formalization/Continuity/Admission.lean	644a2e8b190df59ba86572954d9b687d93f8a783895d9c12cffeb033914a958c	b43f021a08a1d0dce293b445ca211d417f1ccfdf9a92bef89eb2c547a6ac670a	a1745b56ec6a87b7a7f6d2d1fad7405c1778653e3fce618bdb67a5189e5925ea	true	AXIOM-FREE	84cbf215a8354a824ed58d48b97143d86b79cb6204b2ebaed7fdbcb2a3ccfad7	3a7c35bf00e40e994b242a2265fc8f552bf4569d9facccfba92fcfd776431e3f	84cbf215a8354a824ed58d48b97143d86b79cb6204b2ebaed7fdbcb2a3ccfad7	false
Someone.QuorumSource	Continuity.Admission.QuorumSource	inductive	someone/Someone.lean	formalization/Continuity/Admission.lean	b4611575b2b62eb57ff8b514cf96bf01666158b035ac2fcc89065136260d1e05	b4611575b2b62eb57ff8b514cf96bf01666158b035ac2fcc89065136260d1e05	b4611575b2b62eb57ff8b514cf96bf01666158b035ac2fcc89065136260d1e05	true	AXIOM-FREE	-	-	-	false
Someone.QuorumSource._sizeOf_1	Continuity.Admission.QuorumSource._sizeOf_1	definition	someone/Someone.lean	formalization/Continuity/Admission.lean	2246e869716535123b1ea804e63002f99b284170076b47fe0983a67cff82126c	bb74f08ac29f79bbc26f04b611088bfe8993a2f3aa29f50a48613e1288c99d45	85bc700d565a362d3d6c6c68ed21c481674401c2aaab5e5af0220466b8531c76	true	AXIOM-FREE	82c7cb17dffe826542cc147400cfbe880ea5306cf295a7ca83dc72a12d26f1d8	92aff8419f63aa636d7fe87969ec6135f5e8ee079bad9e9b93a7b93a7ac87817	67733f995bbbcc77f249cd1fd69c32c8d230ff26a5e7ac5b5837410467925934	false
Someone.QuorumSource._sizeOf_inst	Continuity.Admission.QuorumSource._sizeOf_inst	definition	someone/Someone.lean	formalization/Continuity/Admission.lean	3ac04f7f3a2984d0e8429fef49083119435cf76f0d8475c3403dd26a45e1907d	7520622ab93ee88d3b80853a50f3f5387cc4d89cae2eb97de1001112460ec94a	3ac04f7f3a2984d0e8429fef49083119435cf76f0d8475c3403dd26a45e1907d	true	AXIOM-FREE	d935110cd058340cae92c4b49e075769c86a721965a32654bda06c60bb96d4f8	cbc29aed8a5435c4e3bfbd76e6306352b16b7f7cd412b2e407d0519cd7c78fb4	289ae1f1cf207ccbf2cd229e852d079a75bf45a28223a432312d4cd8a8ff85bd	false
Someone.QuorumSource.agentBallots	Continuity.Admission.QuorumSource.agentBallots	constructor	someone/Someone.lean	formalization/Continuity/Admission.lean	cecfe39cf0d179d52397e78dbfaeedd9c115afe6ad06298fb0c0456d0dee5513	1511ee2b3f65f262f6bd0bfbd103b177b49525ae57acaa07eeced70610b7203e	cecfe39cf0d179d52397e78dbfaeedd9c115afe6ad06298fb0c0456d0dee5513	true	AXIOM-FREE	-	-	-	false
Someone.QuorumSource.agentBallots.elim	Continuity.Admission.QuorumSource.agentBallots.elim	definition	someone/Someone.lean	formalization/Continuity/Admission.lean	bc667b83e1e60e8b18fb9b213cc48ed58061a7e3340d12654db1c2c833f9825f	9c39ea8fbfd11a2108581723f0abafc39e8a2a20124a8e68cf112b950509ef6a	93a3973e0fa618d6ebc6b820666d33aa93d35aa7371652147db4585478c121e1	true	AXIOM-FREE	28ec7523c20ac3680fc881053779211b5687a2d7b3022fd0f2dfdd5af379f83a	fa67bf81733c507bab536ee5424fd9ccbec8110f586dc45f8945f5d5fad708e7	4cb610a15f782725eb4bf26fcac85baa33b3182241403b3f7706922f4c6eb308	false
Someone.QuorumSource.agentBallots.sizeOf_spec	Continuity.Admission.QuorumSource.agentBallots.sizeOf_spec	theorem	someone/Someone.lean	formalization/Continuity/Admission.lean	a8cc6ed43a26c2663c5648ca4a432e799f7774b1c4121f26bc7358ea923355df	376c96439b9b5c7a28954d602ecbd4fed2e441d05fdcfcee14d96140f126a2c5	53c0afcd3274b39715a6587142044db2d056b8e13998958b2c5c5071b7aa9f29	true	AXIOM-FREE	c3ce9e20e45db0ccb20faaab0c19785fa3f6fcf1aefeeef1c9aab9c83616c524	c3ce9e20e45db0ccb20faaab0c19785fa3f6fcf1aefeeef1c9aab9c83616c524	ae52979ae4bbde5815faba7c8ba901a974900786e16239deacf42c8e3045a692	false
Someone.QuorumSource.casesOn	Continuity.Admission.QuorumSource.casesOn	definition	someone/Someone.lean	formalization/Continuity/Admission.lean	b7a2fbcc12a7d0ae99be0220f25a53dbd1cbc1e5f3c76c2be7ff750f5248c9d3	94cd60184626bbbda898575a5f6aef3d7ef93bbead3d62ca3bf4518e9cba2e78	418d0925df4d991f35967bb54865183c079be57813ef32bd31ccd2b763d82915	true	AXIOM-FREE	4848add96029bfcfa952107eb032bfc042da89270fbdf911034322d8edebeb17	1c25ae20c396ccd47209ab622e7bf6fd20772b16b5b19c42fa37588776545280	1ad225993f8313d33ca1dac60337fdb5e3bd3614708316bc0b8086fb6380caba	false
Someone.QuorumSource.ctorElim	Continuity.Admission.QuorumSource.ctorElim	definition	someone/Someone.lean	formalization/Continuity/Admission.lean	79a9f82dc2a245fc8e9657f7cf8906d38cc777b9ef5fccab338b34a4d07963b6	4f11318c16b225e2d38a70b35670c7ef8fb848c6a1d205fe3d1479e45e39008b	d982bf4ea42d7488d9778dfaebc66b3760ebbc20a40aef4fac1bd4929d3b2743	true	AXIOM-FREE	a7478ff5bca4d4e534885c08e8b631d6ad9b0db9f297f6153bd9611b484412b9	407e0fbb59ae69345e6b932979e87171c5995393b567d8fd54e7719d5081e483	8b5f90683634ed95acc4bf8fb5c819b6b17745aceca47066b962909eff82dee5	false
Someone.QuorumSource.ctorElimType	Continuity.Admission.QuorumSource.ctorElimType	definition	someone/Someone.lean	formalization/Continuity/Admission.lean	244f38f7f1b9623451dc455c1f5b5c47fdef11c30742c7c4eebf64cf34107bb1	5cf407c190f24d93e06932aee50483115fe4b941efcd83d4f83eb881ef1cc504	4fee6c15c338327d7a896afd0c8c2553d23a1d84b1bb31e4bd648caa6d0a785c	true	AXIOM-FREE	a183c9764e3cb3e94bc24116aa2d19004e9d45f877a1803ebe76e4811a9176c2	7a4fdd5b68f665263ae7d3a33f6d837f8f1530c35bfa2c07ddef053eb6e93eb3	253b1222f4e80ffb1cf5b4e2ab3387898ebc73f7d4b01be4660dc02cc877c088	false
Someone.QuorumSource.ctorIdx	Continuity.Admission.QuorumSource.ctorIdx	definition	someone/Someone.lean	formalization/Continuity/Admission.lean	2246e869716535123b1ea804e63002f99b284170076b47fe0983a67cff82126c	bb74f08ac29f79bbc26f04b611088bfe8993a2f3aa29f50a48613e1288c99d45	85bc700d565a362d3d6c6c68ed21c481674401c2aaab5e5af0220466b8531c76	true	AXIOM-FREE	69ccbb3dc6b18b2861adff61605c4fade9b09bbee1f686cc666d4739dbea2b29	44ae76dc6e9208b792d27730f0a88e8dca0de9a315b81672beb5ad84352059fb	c7c2870026c04ddf1a929e618372c541230fc9a1dc60391a4eb6e28f51fe5a89	false
Someone.QuorumSource.externalReceipts	Continuity.Admission.QuorumSource.externalReceipts	constructor	someone/Someone.lean	formalization/Continuity/Admission.lean	cecfe39cf0d179d52397e78dbfaeedd9c115afe6ad06298fb0c0456d0dee5513	1511ee2b3f65f262f6bd0bfbd103b177b49525ae57acaa07eeced70610b7203e	cecfe39cf0d179d52397e78dbfaeedd9c115afe6ad06298fb0c0456d0dee5513	true	AXIOM-FREE	-	-	-	false
Someone.QuorumSource.externalReceipts.elim	Continuity.Admission.QuorumSource.externalReceipts.elim	definition	someone/Someone.lean	formalization/Continuity/Admission.lean	baf0ced5a5f3169725b6334495805f211ee5d95724da292c5b14909c03b47441	287cc20f27a2401292912d2ce0767115d203706021ead06071c6704533af0c18	409390d43bee935290cfef64da2b02bfc498de0cdd71ac818153d815aa01e19d	true	AXIOM-FREE	63e091cb399d67a89e4747986b7de7e702034342a4610d38c61d15e1d58656b1	1a3c0fe5ca266d6d9ecf0482080e1f42ee8dea1ff6ab4d9395d96f33e72b3ee0	8b1378feb460c4b445aaa0eb90afb35a54805b9bac901b1fbd7e55c5e08b2b63	false
Someone.QuorumSource.externalReceipts.sizeOf_spec	Continuity.Admission.QuorumSource.externalReceipts.sizeOf_spec	theorem	someone/Someone.lean	formalization/Continuity/Admission.lean	a111ebee4660bdbb9825f50225945f530aea99ac0903a88ef45a3903e143d8ba	07bee1297dcfb6b6229e6a261c50ebc126685c369f0b82685033c1157fbe4b0b	3b8bfeb5affc8d8b5b45bd127ffe7c331d5c3c74a512eab7d998a84bb15ea6ce	true	AXIOM-FREE	c3ce9e20e45db0ccb20faaab0c19785fa3f6fcf1aefeeef1c9aab9c83616c524	c3ce9e20e45db0ccb20faaab0c19785fa3f6fcf1aefeeef1c9aab9c83616c524	ae52979ae4bbde5815faba7c8ba901a974900786e16239deacf42c8e3045a692	false
Someone.QuorumSource.magiBallots	Continuity.Admission.QuorumSource.magiBallots	constructor	someone/Someone.lean	formalization/Continuity/Admission.lean	cecfe39cf0d179d52397e78dbfaeedd9c115afe6ad06298fb0c0456d0dee5513	1511ee2b3f65f262f6bd0bfbd103b177b49525ae57acaa07eeced70610b7203e	cecfe39cf0d179d52397e78dbfaeedd9c115afe6ad06298fb0c0456d0dee5513	true	AXIOM-FREE	-	-	-	false
Someone.QuorumSource.magiBallots.elim	Continuity.Admission.QuorumSource.magiBallots.elim	definition	someone/Someone.lean	formalization/Continuity/Admission.lean	fa77cc791a2d9e86835509a0cd21205dc669b328da744a123c13c9846694bc6f	0732906f19c668f5520a3cc67fcf575abc2e1089a3142ce52ca5a929f3ccac13	0fd1d1f36f2e3afe07a1048f2a3922cbaf578c05fcc8d32e379611c67bdb11b4	true	AXIOM-FREE	023e85cc2ace02e805433f19ebd3ee90c35d70c02d4a2bf6b39ed4d7b0addeec	29f48c08b998bd4d9d0ebc8f169551e09ce4300c58177471de4b6f4df8d7c719	3ec3c819c8e03a9df1e8d81ba8f7a477985d5105922b817a321006f1f2468f6c	false
Someone.QuorumSource.magiBallots.sizeOf_spec	Continuity.Admission.QuorumSource.magiBallots.sizeOf_spec	theorem	someone/Someone.lean	formalization/Continuity/Admission.lean	6c69b46b48e335e7c4b79be919cb4135d1ce981cbd5bcf08b5108a2c27c0a667	2d6b01aab2f236e1254c1f7a1f59760cd5878dffcb1e16296cd5fa411f873d86	01fd8eb581e1d1747a13fa4ebbed4c27c701ff59b0253c5d59885a73d8377ab0	true	AXIOM-FREE	c3ce9e20e45db0ccb20faaab0c19785fa3f6fcf1aefeeef1c9aab9c83616c524	c3ce9e20e45db0ccb20faaab0c19785fa3f6fcf1aefeeef1c9aab9c83616c524	ae52979ae4bbde5815faba7c8ba901a974900786e16239deacf42c8e3045a692	false
Someone.QuorumSource.noConfusion	Continuity.Admission.QuorumSource.noConfusion	definition	someone/Someone.lean	formalization/Continuity/Admission.lean	5cfa4cd259f88d58fd4af71189054813b32ab352696d60bc34ef35dbaf0286fa	d808e17c10a880ba6acadd4ec3bee60af0d0e976d47c62723894e325c353f14e	4a9b14a9eae78ec66eac2f3d2df4cdac3f79144f5c885f21a5b00d019d63977a	true	AXIOM-FREE	aefb4fc674760cfb780b91cf2181968d21fdef8e8f49eeb98fde9f6e24f66af6	57f51bf1fb1069472b23de527941a7682cf541f521da45ddb3cc657e85767b2b	eb7add92541d29cff4f9c005bb2ea1b0e8a554397d1e7db0bf1f37513f069b34	false
Someone.QuorumSource.noConfusionType	Continuity.Admission.QuorumSource.noConfusionType	definition	someone/Someone.lean	formalization/Continuity/Admission.lean	cef159385bf3eb3ace965a7a5b900ced226b9f1f2097263a1a3c446bd822a562	ee51058615800512047565a46b0366f0a0441797dbeba2525f6b376622a56e53	a75c742bf54a60804674c28aea71c82f539960c89904743c35a727ba57905e96	true	AXIOM-FREE	91e222357df33ce99b8a7086cec8dc3218b9ca3385bfe3f10e3bd702f6a3c9c7	30b1bc9412e8565317b9f96606db727639c6c947e7487084ac0b2df64ad21adf	2f729bcc795af721f64d40444674e35b9d40a5cd71d5c6735672184b3d50df55	false
Someone.QuorumSource.ofNat	Continuity.Admission.QuorumSource.ofNat	definition	someone/Someone.lean	formalization/Continuity/Admission.lean	53d886924188b63530bc3abdba258e1b2435d5357a0d98a47f15b53fda80c8e5	91e4d57cb44ff8d6e5661958d47f1bcac9706a80eec614ef608631f0d49a22e8	011a612ffd29d70d4c622231ee9f1924b64b2a8b3b70891ae071c997027d78ab	true	AXIOM-FREE	d67af59eb6f18f88f8c24802d832ab43dcc9ea7828cbe865ba159d326ba75fd0	2c5c3cc62f4fbc950e40d5b0db5627455778380703404eb0df6c6b3ae3158127	2f415147667d0c90258919753eb89af7dd2ffd791e625b36677646c48e73416a	false
Someone.QuorumSource.ofNat_ctorIdx	Continuity.Admission.QuorumSource.ofNat_ctorIdx	theorem	someone/Someone.lean	formalization/Continuity/Admission.lean	0c93eb3f53ceb7c015c6161830ea07265e08939a5ac8436b7a04bbe8f81be2e7	c7a1061a2b8575eedf4c0547689dc9edf07aae6cfd221b84e959851f9e81db5b	876145ef882214c01b19bec7c71bb4e60e9794ab799030bbf54198c9fa1f0b14	true	AXIOM-FREE	d4bbfeaae5921ede8711ddd2d871793d91a4b65379e4279687e0f30860fe4d83	c6333454ce0b326e0787a9830c27f998007bb10d8f6e1b68c87a42a7dcc43d74	bc74ac45f1f502d3d3735e0210064cf898dba0512a3ef077bf4aa903bcbee963	false
Someone.QuorumSource.preparedEnvironment	Continuity.Admission.QuorumSource.preparedEnvironment	constructor	someone/Someone.lean	formalization/Continuity/Admission.lean	cecfe39cf0d179d52397e78dbfaeedd9c115afe6ad06298fb0c0456d0dee5513	1511ee2b3f65f262f6bd0bfbd103b177b49525ae57acaa07eeced70610b7203e	cecfe39cf0d179d52397e78dbfaeedd9c115afe6ad06298fb0c0456d0dee5513	true	AXIOM-FREE	-	-	-	false
Someone.QuorumSource.preparedEnvironment.elim	Continuity.Admission.QuorumSource.preparedEnvironment.elim	definition	someone/Someone.lean	formalization/Continuity/Admission.lean	4b95cd9b2df0c4d00eb24e61a1a84f6f7ff52285578fabffa866933de74c9f2e	89ce809fae60da98159fca955b0ec64010001d953feb66e9784636f94318dd4b	39c8c53b461014f1f2e1e2158963c34f8cbce7fabdd849dbe8ecaefac68cf1d3	true	AXIOM-FREE	a6632fccd8a1029fe86afd34ae557661c45072b4780d24baac6ba95cc574ec10	48cf324f8912e23c0dd770ca7420291b3625963f39d6a6d3910290cd109e28dc	26d784c7eff45d815477c1401700f99fde8b9d8cf9b647380482e2655918d6c6	false
Someone.QuorumSource.preparedEnvironment.sizeOf_spec	Continuity.Admission.QuorumSource.preparedEnvironment.sizeOf_spec	theorem	someone/Someone.lean	formalization/Continuity/Admission.lean	469472b40d0fd97abb8ad6aa161d073ca17416d696b822b4fbd30e57824a637e	eebf0be5e568a6618bc7083643e5e9fcdf6169af902a4e8d980942af1e6fad9e	6192ef86875fa4ea5779a1ed33f451346f3e6d3d4e2d34c208fa9ac03f33116b	true	AXIOM-FREE	c3ce9e20e45db0ccb20faaab0c19785fa3f6fcf1aefeeef1c9aab9c83616c524	c3ce9e20e45db0ccb20faaab0c19785fa3f6fcf1aefeeef1c9aab9c83616c524	ae52979ae4bbde5815faba7c8ba901a974900786e16239deacf42c8e3045a692	false
Someone.QuorumSource.rec	Continuity.Admission.QuorumSource.rec	recursor	someone/Someone.lean	formalization/Continuity/Admission.lean	2f504b25df5da5f89032229abff08f2f69efc2ac03bf0eb39670c8a475e43732	5d0b2b5528f0f6c09d2b871df72c7dc24cc524ab8e38a30f8ba1957e11481d7f	24ebdf2941d11a6523130b0f061f7260a6a97d90894b6612e451585b1443e5d9	true	AXIOM-FREE	-	-	-	false
Someone.QuorumSource.recOn	Continuity.Admission.QuorumSource.recOn	definition	someone/Someone.lean	formalization/Continuity/Admission.lean	b7a2fbcc12a7d0ae99be0220f25a53dbd1cbc1e5f3c76c2be7ff750f5248c9d3	94cd60184626bbbda898575a5f6aef3d7ef93bbead3d62ca3bf4518e9cba2e78	418d0925df4d991f35967bb54865183c079be57813ef32bd31ccd2b763d82915	true	AXIOM-FREE	4848add96029bfcfa952107eb032bfc042da89270fbdf911034322d8edebeb17	1c25ae20c396ccd47209ab622e7bf6fd20772b16b5b19c42fa37588776545280	1ad225993f8313d33ca1dac60337fdb5e3bd3614708316bc0b8086fb6380caba	false
Someone.QuorumSource.toCtorIdx	Continuity.Admission.QuorumSource.toCtorIdx	definition	someone/Someone.lean	formalization/Continuity/Admission.lean	2246e869716535123b1ea804e63002f99b284170076b47fe0983a67cff82126c	bb74f08ac29f79bbc26f04b611088bfe8993a2f3aa29f50a48613e1288c99d45	85bc700d565a362d3d6c6c68ed21c481674401c2aaab5e5af0220466b8531c76	true	AXIOM-FREE	f63c814042e284e0ae2cad4631a43b3f1fbb028023b35ac9b6f8a0f4bd29af50	a6d3b6ee9c78167cd8446fbf5e0129fbe041a3a656990c6bb57f54534b9fb7fd	f63c814042e284e0ae2cad4631a43b3f1fbb028023b35ac9b6f8a0f4bd29af50	false
Someone.QuorumToken	Continuity.Admission.QuorumToken	inductive	someone/Someone.lean	formalization/Continuity/Admission.lean	b4611575b2b62eb57ff8b514cf96bf01666158b035ac2fcc89065136260d1e05	b4611575b2b62eb57ff8b514cf96bf01666158b035ac2fcc89065136260d1e05	b4611575b2b62eb57ff8b514cf96bf01666158b035ac2fcc89065136260d1e05	true	AXIOM-FREE	-	-	-	false
Someone.QuorumToken._sizeOf_1	Continuity.Admission.QuorumToken._sizeOf_1	definition	someone/Someone.lean	formalization/Continuity/Admission.lean	dd3e880dd79065d221d18cd87f066068d76073488b0ae157ec46991cfd43eb6a	0d4f4d623bf6e656f9b3a38b6c112b9ddf3c2b8cc612f3f847cea68a2f6f8e75	1357566abbfb9b1aff37973d4b8f9b89107d911b69c382f0d4dd2cd47db1a8a0	true	AXIOM-FREE	3a12996c67de9e19e65f8e2f696fa7579491fb443d73d9f964fa1c841735746f	96bcd16e4028dd5f5c5931d7a03450cc6e442a673c11c14e0a6e42dd3e46cfb2	8195e84766f1873fc3574c6a20285ecf26f45a60676ace3298a86dad1cba7c4c	false
Someone.QuorumToken._sizeOf_inst	Continuity.Admission.QuorumToken._sizeOf_inst	definition	someone/Someone.lean	formalization/Continuity/Admission.lean	02b54d02d06d91e34c167e5234241280a0ee5edcfe7e30c2f74c1acb752f3400	ad788eaef078cf007c9bfea71fd5ae9e14f2f480b8ca27f8fcb6c899d1bad4c4	02b54d02d06d91e34c167e5234241280a0ee5edcfe7e30c2f74c1acb752f3400	true	AXIOM-FREE	5ebc194d017bc87affec970743809ef88c488da81b87a305922f6bb9fcb20c46	05c334ee3f2fa84cd1f91d1df91f5bf67670d038ee413b8dd08ecbb24dbcdac7	3b9c9a2461bb59bcb050c0b10b00d40919b4484f941719470d200e8ef850373e	false
Someone.QuorumToken.casesOn	Continuity.Admission.QuorumToken.casesOn	definition	someone/Someone.lean	formalization/Continuity/Admission.lean	fc30a5316d50280f0d8c3a617ae14ade9972e851d40dd8c774e04d2e7fa9f5e7	2b1ec315ce957e2b6407aef7bb314f9822739592a3c80334be46c2fb920be9cc	30830b1dedfdcc11cfdcc89eb40f2deaebb383fc2d585f7e369750517255ff60	true	AXIOM-FREE	b2dfe695aae9765397aca2cde90c940b1c53befa35ea968d01c7b541ae259731	ea17f0ff33fde38ad086bb91f557cb43c59738ca31d2e74ad6dd89a2faf425a2	706ad509dbffe48632dbb92c38b79f664438d334fb6b717012ddf88c850e1212	false
Someone.QuorumToken.ctorIdx	Continuity.Admission.QuorumToken.ctorIdx	definition	someone/Someone.lean	formalization/Continuity/Admission.lean	dd3e880dd79065d221d18cd87f066068d76073488b0ae157ec46991cfd43eb6a	0d4f4d623bf6e656f9b3a38b6c112b9ddf3c2b8cc612f3f847cea68a2f6f8e75	1357566abbfb9b1aff37973d4b8f9b89107d911b69c382f0d4dd2cd47db1a8a0	true	AXIOM-FREE	f59879cfd975e49475e2c1c087dbf408b5ae896fc7a95071e0add16b3ee7e60c	05d2e31b8a8192f7549c4e3a7b2b13ba9a5b3641ae4bdb36a51b5f4a15b44881	c375c2421d1fd4f14ec125a7e27d86d9436d3997606430fc1017eca3216426b5	false
Someone.QuorumToken.externallyCoherent	Continuity.Admission.QuorumToken.externallyCoherent	definition	someone/Someone.lean	formalization/Continuity/Admission.lean	466e8fb8707b22805cff872fd9d4a456c7cb3249d76d05e8bdf86ae7d6dbe67b	082e98653406d4c7cf67510ea580a813645e2635065918191202b97a75d9b4d3	541a029d0501de1f97d5d1692b86d0fcfe85640e0ba434305452b2036f029fc8	true	AXIOM-FREE	b2ef0c836c27682bf2368fdd7a3bd7c514c956e088e4db6009286f92b04d80d0	824acd58b0a6dfbb92f0ce72a20c22c453caf05feb84d6271218b00143eb03e2	242bbc0e77b94648d70271ddfe901ede3cec00f33b4ebe833490a387d3f45045	false
Someone.QuorumToken.mk	Continuity.Admission.QuorumToken.mk	constructor	someone/Someone.lean	formalization/Continuity/Admission.lean	cf0ad1144432952126bd85f47f8586f3d8a3cc0d2152a409785dbaeaeb10ba40	28b6452f36d70fdef51dc4507376c63bf4b6bcaeef3916f16cac0dfa4aa2572e	214863aef7188510e4499c8b100764556abc2ee6c0baef892a9d3cc80e3e3289	true	AXIOM-FREE	-	-	-	false
Someone.QuorumToken.mk._flat_ctor	Continuity.Admission.QuorumToken.mk._flat_ctor	definition	someone/Someone.lean	formalization/Continuity/Admission.lean	cf0ad1144432952126bd85f47f8586f3d8a3cc0d2152a409785dbaeaeb10ba40	28b6452f36d70fdef51dc4507376c63bf4b6bcaeef3916f16cac0dfa4aa2572e	214863aef7188510e4499c8b100764556abc2ee6c0baef892a9d3cc80e3e3289	true	AXIOM-FREE	459840f3c38e06fffa409ae1d76fcc057d0be87da26d5469209ad29687b41c75	84c5a958e56d2727f66db4ffb2bf9ac1f7c39627c8560da4f4eaa2d94c1b0a47	6e49c8a3d64ee8f2544741ca21e0118b69338976b8c14dd59157f51313ffca95	false
Someone.QuorumToken.mk.inj	Continuity.Admission.QuorumToken.mk.inj	theorem	someone/Someone.lean	formalization/Continuity/Admission.lean	c2f93f1900ce780df726154c6f57c933926da1a119c1097882fd8c0ea2d202d0	4b604711f6febbe6d2236dc20e7e97d9dea622b0f0135fb2113e768cc830a89f	66a264846110bd33b4d803878a60c163a1b2573266d5f48552c3e7373f1ce331	true	AXIOM-FREE	09ab3fe9f8fb2fb2fb1875ed9962af54838915fe4bc8e838e6ad417db039c2d4	cfdf2fc47ecae8c0263afd9d9d0ae448a9d2d3f95ff4a83366dd35a5a6452f62	62258284cbb65d6780733b6cd313a546fdd179c56b3c135ff2f3ee54e1350f6a	false
Someone.QuorumToken.mk.injEq	Continuity.Admission.QuorumToken.mk.injEq	theorem	someone/Someone.lean	formalization/Continuity/Admission.lean	5550afb1ff94f782136c74dc9aada66cb34ef80cd75e9bd2b792de23d6521f34	8a8b05f96fffc097571275f543608f91d9db74d942fd50005090fe49428e0ab7	dcca3375824af289bdd05397ed14249d5a81495862a6d6230e553ef1d27c7bcc	true	[propext]	7ce514116e17ef82b5d42dc748baee641b94f021111bf045a0ed455c2ebfeff2	39c4215af2fa6091370adb301c61e95efae21c2b5cefe2a63fd52ae483d74031	fe2ca489af2bee303387581ca86c5f60af005677fd623c56c01372fa0e8cd96c	false
Someone.QuorumToken.mk.noConfusion	Continuity.Admission.QuorumToken.mk.noConfusion	definition	someone/Someone.lean	formalization/Continuity/Admission.lean	6e1ccfb2b3599faddf611ec122a8f1d8893fe12f3eeaa3e552733d0004bd269d	19d3bb1d1b81cc6616014156b29627a2d54f7039ab8627b6b1e999c18d53db77	8c309936843dd0f7f9dfebf101c66f366072f8f899a7d534c6a7dea24f9ba0d9	true	AXIOM-FREE	a46e29fc83583130e0837dc4cb96c4a32592b6abe6a6e558dd4d0e73954dbf92	762bad47731f934b4967ba5d93962716f65d3004c61737ac5a199418ea6815dd	6c559c6ff457a7e20520f13e82949afa82affc50785d0e29066cc6cde63fcf0d	false
Someone.QuorumToken.mk.sizeOf_spec	Continuity.Admission.QuorumToken.mk.sizeOf_spec	theorem	someone/Someone.lean	formalization/Continuity/Admission.lean	df4b92e11ddec11b54a92a8ae44945b86b38f1fc64240cfaec3148d3bf1f9ba4	ddf61943b006595fa731148f15a6f75ca74252803a5e9e842aa5596957e62993	f2e9a11cb973380d083999b59565193ed40d5e024728a51696014592b9ae1959	true	AXIOM-FREE	59bee474b847d60fc298dfabda3b85d204a9d78ca4f4db73452f4c3acc18547c	5e68ffab2d6026d0de99206fe831f870c3f5b6b56128a4616d2ec9edb4ec9ab9	8445885f318449dca6efc0292ea7251cf68bf8591a83c3f1745bfa7369402757	false
Someone.QuorumToken.noConfusion	Continuity.Admission.QuorumToken.noConfusion	definition	someone/Someone.lean	formalization/Continuity/Admission.lean	b736d0cf9f52e3c1c84d402ada0350cd4e6f486b5bd3281a3f903959719ef7e0	1f286ff373cb2c54a59cbf6944a273d66df75fc25c14ebdfca4f66b266e4a482	59a4be4a2e4906934589e4c4570b8026ab70a834de70cedab041e1f9b17fa647	true	AXIOM-FREE	000673ab370d159ecca340ac0657b6638374d69cd52985070d26cf03058b9795	3ab968a2d1c01a3119d74e00b53bcfcf2e7e85135ccd677454f2e9561fad4d32	11e650d68541d77275667aeca20f9cfc2ecd22afe6a15f7642ba69778f988fa3	false
Someone.QuorumToken.noConfusionType	Continuity.Admission.QuorumToken.noConfusionType	definition	someone/Someone.lean	formalization/Continuity/Admission.lean	c421970b63a754e029f4a3d8769322f8d18c7a7ff84493624d750da9dd56e979	cf207259ceb77fcdcd3dcbe429dec676f4fbd115c516f7128e0062334116a603	f5680b178e46ce7e7fde67b674bd94f1cb9d309b84f4c31bd71cd46d94fe5aff	true	AXIOM-FREE	89a148e86a8b82573614ecb42b6a98c9ed63b88de69c0fa184149b85650fb395	6b4f416f3437ec8491ac2033da84a0f53458dca7931a46f66787b8f6a6f95dea	69b2099b4efe2b85c747df66b31c145b07848c647a644abdea919ef95fb2265c	false
Someone.QuorumToken.rec	Continuity.Admission.QuorumToken.rec	recursor	someone/Someone.lean	formalization/Continuity/Admission.lean	bf6afb350096b5641e065942adba99a584f816d68997c09f2df67adb63f9f87a	11911d36d6c21aca1eb772ed4143cb17b3975dacaa4f0b493bb175b033d47ed3	b9bdde64b099eb0d485be5975c11598d1a4dbf7a543da55f12d36430e89050e3	true	AXIOM-FREE	-	-	-	false
Someone.QuorumToken.recOn	Continuity.Admission.QuorumToken.recOn	definition	someone/Someone.lean	formalization/Continuity/Admission.lean	fc30a5316d50280f0d8c3a617ae14ade9972e851d40dd8c774e04d2e7fa9f5e7	2b1ec315ce957e2b6407aef7bb314f9822739592a3c80334be46c2fb920be9cc	30830b1dedfdcc11cfdcc89eb40f2deaebb383fc2d585f7e369750517255ff60	true	AXIOM-FREE	01d571c2b2a124a82f311fd5304a72b275c422b0da6a05406d2fa4dbf3c1c440	1958bc5864eb64340436afdfa8569f52f96c9bcb07dd344ccf686f94a8c41f3e	7d7dfc299276728522e34ec758227ec2c0431042ef22f16bd6453e5930c5922e	false
Someone.QuorumToken.source	Continuity.Admission.QuorumToken.source	definition	someone/Someone.lean	formalization/Continuity/Admission.lean	5d97b2404094e28537eff07c99c485c2182a125a5300970ae0fa5467bef7f491	83e3cfa5a27680f90eec8d7252ff303fad8e2d4d8a2d99c604b27d125ee45e3a	9f1ea47eb2f84f6aa444c3afa64b32241dc387acfc3b30bde207f4d1a5921fb0	true	AXIOM-FREE	4d9ff9cd2063aec81c18df8cc51c1cea9c9c2d9bc7cce1f2edd09e4ee0f6df24	b6d4d45c150ce255973cf757197a00a48d1b6f69dd9a6b09fc774dd72b93bab8	bac28551257f2ca437acec1d296edfa28fd37d2226e0efff1ab340f24074d6bd	false
Someone.Reachable	Continuity.Admission.Reachable	inductive	someone/Someone.lean	formalization/Continuity/Admission.lean	41767b3ecaabf407800f976ed69707c34dfe0ea7624bca86b86b99ec4691c2b2	7d7fe6e3254f79aff91d358710508f921afe5433c8f182fba57ab14c57935da8	ea0ed375699967b54548ab8435214e0f9ab9a040ef4c6c2a8133ae68e91d1310	true	AXIOM-FREE	-	-	-	false
Someone.Reachable.below	Continuity.Admission.Reachable.below	inductive	someone/Someone.lean	formalization/Continuity/Admission.lean	1b8fd55b1a8ecf0594f5022b50dfdb73befa3d7a784dd5ec0fdf97fcd3f7ae4e	2268c9c91d9c5fcf654dbea79ee3c92084c8176280d2d257cad8ede3843b1a8c	84033732b1a8ddeac81f1ab085751ef524ada874ed524edf4a6d1df01e469b68	true	AXIOM-FREE	-	-	-	false
Someone.Reachable.below.casesOn	Continuity.Admission.Reachable.below.casesOn	definition	someone/Someone.lean	formalization/Continuity/Admission.lean	791b834a0bfeb6149d2d1215e41a4853e235e892599d33c24e9c35ad2df4ed5c	5af9b58838bb98393036eacb2fa2f5b39a92d5ad9f7815cc32204b57b7a58f07	50ab6699f26028a5dcc360764ff3b3a3244a5eb77832465e194739661d1cfb4a	true	AXIOM-FREE	3d0e9ddc7b094f1282e8d1b2546380a651f7c841b4c336aed4729bc5756e8e28	579c04d204adbad7b996df5fa794d11d6aee06c83ea593cacc2d7262403ddc31	5483a8cb14a58c55e528450f2268f37c8aa5a13ecbd3e740c5756e3eac3d0ca6	false
Someone.Reachable.below.rec	Continuity.Admission.Reachable.below.rec	recursor	someone/Someone.lean	formalization/Continuity/Admission.lean	483ff58991307a559082ffd222beaf498f4c95e2194d516e79012d6ea79e76f5	cda8453b85d4dfe1ae498a51862a9ab9237a871f82f9dc8e50b20d3937ad423d	eaf95704cb8538bf4feba45535ee7fcff7ee10e2df89ba57c7b2479b8825f942	true	AXIOM-FREE	-	-	-	false
Someone.Reachable.below.refl	Continuity.Admission.Reachable.below.refl	constructor	someone/Someone.lean	formalization/Continuity/Admission.lean	f933cfc868b56da8baac8234b8d46af543fc419335fb930b77045ba7aea7e609	a482c1d0189703c4ce42c956ed132c4a6f1f449264f59348588f534ac67a34d9	1db32172e7cfabb498774f7392f86f55d089c0aa22cab7d1bb1d7e3b1e36bf38	true	AXIOM-FREE	-	-	-	false
Someone.Reachable.below.step	Continuity.Admission.Reachable.below.step	constructor	someone/Someone.lean	formalization/Continuity/Admission.lean	2db3baa02463f72fe4e8fb8287c7e03741c35b79a64ce20c2bc60a959fb60ca0	f0893c328125df279a901608a3de01f21446d56bd685ffa3af131a0f02cdd1e3	a134e31e1dccf00d4326ee8d48e42079f5b5177140ae961e1fb1ca99c3cb1c8d	true	AXIOM-FREE	-	-	-	false
Someone.Reachable.brecOn	Continuity.Admission.Reachable.brecOn	theorem	someone/Someone.lean	formalization/Continuity/Admission.lean	8a230e7f946819c37d50af63dc50140e3b7aef53e27c2a5f6678b65ddd90c25f	33319dd1e0daa649f7bc46ff910ddc10f44106a1eba0feb1d7becaa887e7ae30	bd779ff0d7b134f0fc1d3ce309959f7a27796925410cb0812dd1f129e7a3f9b2	true	AXIOM-FREE	831438eaec94253459302d0ac9c5b8daa0de02c10c449c65f3011333c401d7f0	5ca3f4336348b64f82f4a966d1ff4a46df164dba9018ff97553cda9d67ee65ff	2ad036edc26e01f8e5d7e17458542afc0155150747c8b4caba94a86adbd7462e	false
Someone.Reachable.casesOn	Continuity.Admission.Reachable.casesOn	definition	someone/Someone.lean	formalization/Continuity/Admission.lean	100f30a7d56cfb797203cae4031a39c6f7739163221a1705488e23e242e58018	18c691b63a5e86aeed102278ce37476727d77041c929badfe4b0e270a8b3478d	72a9a400fef931eb68b97d0c10e2149bc0437d38d68dc7bd41a1b6591ac5805f	true	AXIOM-FREE	2c19f270fd5f988eb899793777b23ef0451ea9fbc3eb87eea4be412e6a3a4da2	ebe4b6cf601870d2d5f79d2216e12dd8ec23a9fa981c350a04e5e8f5a99b817e	fe50848e88b08a50a3de8aa9ad9606fd58cfb1917c251e711fe7636a6228f2b6	false
Someone.Reachable.rec	Continuity.Admission.Reachable.rec	recursor	someone/Someone.lean	formalization/Continuity/Admission.lean	ee02eac865ba3d4bc28f2c51bbc881431d4dd8766178c6b651b8cecd9f771383	79e06b964aa0dc0c24af66fe8459483cedda49868bbd024bd251d3d8ef91801f	42a3db04e9751eec9536e55260f527287fdd97764a1158ebd6fb28e8f5a7e889	true	AXIOM-FREE	-	-	-	false
Someone.Reachable.recOn	Continuity.Admission.Reachable.recOn	definition	someone/Someone.lean	formalization/Continuity/Admission.lean	3923095cc3cc532e4872a69d620d2625c5ae4930f434008bc1cd5911752861a2	785a1339846cda0f75553e2f8375333cc5e299af94f57a4661549470d753ac55	9e775b35478cbf458214a40996e76614885454837638895a78bb02846a01fbbe	true	AXIOM-FREE	5b09cec6e4b930a28246dd7f9eef7f38e29f705fa6146953a552bed6461614b0	112c47e8dcc87fc60df42ca87551fd675e3a42104a9fc1965212cc016dcbcf2a	bfdd0ab87a70c8a9c250fd24334f2670c6dc7795193645d4d55c480a8ddfd6a9	false
Someone.Reachable.refl	Continuity.Admission.Reachable.refl	constructor	someone/Someone.lean	formalization/Continuity/Admission.lean	1e9160cdbb8b253546fe18da3e5079a3a61493f8638e87ee923d0cb8446958d8	fb3570d2081eca561e30aeae4a80a7cba2697b46c5a48342a5c15d1b6db83d26	6f499b4b10c4c39964b6b715b902fd4e42b14edb4666933e8e8ad4b4e1aca0bd	true	AXIOM-FREE	-	-	-	false
Someone.Reachable.step	Continuity.Admission.Reachable.step	constructor	someone/Someone.lean	formalization/Continuity/Admission.lean	8636dd3f32c9f2f883027ee809922256cff7f02fedc19eb0f6836fc0fe4666d2	ec6e6103ee7cb8bdcc7d265262154918a0c388b6b9a37839ecfc1866ba8902d2	79e2ae726a173bd1aac3ad313733906e5bb515225cfc84a2540581d074453491	true	AXIOM-FREE	-	-	-	false
Someone.RetireCause	Continuity.Admission.RetireCause	inductive	someone/Someone.lean	formalization/Continuity/Admission.lean	b4611575b2b62eb57ff8b514cf96bf01666158b035ac2fcc89065136260d1e05	b4611575b2b62eb57ff8b514cf96bf01666158b035ac2fcc89065136260d1e05	b4611575b2b62eb57ff8b514cf96bf01666158b035ac2fcc89065136260d1e05	true	AXIOM-FREE	-	-	-	false
Someone.RetireCause._sizeOf_1	Continuity.Admission.RetireCause._sizeOf_1	definition	someone/Someone.lean	formalization/Continuity/Admission.lean	639c8c2c889aa7dbc4c582c632b206c5361ea587146417b421bf1c97786574b4	7b5878c56748447f3b61f864d4f7a764e52c1843ac52631cd76af6a66e89f328	a7df31d2cd09f1876ddce3c92e95788d339a4efda0913b5fa5f8a13e6fc73fe7	true	AXIOM-FREE	8f2d0baadd05c7c51ab497d455ce414caa59c25dd164b59cd861f218d26f9b91	5adc9f7411c7e84f1aeef306531c665b3ecc5c96005e33b432fbe5beddf0a778	d918e5993fda3986437f510c873265450fb5b74dd1c868142bc9c6bc69b14826	false
Someone.RetireCause._sizeOf_inst	Continuity.Admission.RetireCause._sizeOf_inst	definition	someone/Someone.lean	formalization/Continuity/Admission.lean	222642ee3030eb8092a572a54925db88c3e53fa1de6f57c406939fe510c5defc	a44b74abd8b161c3b6b8d4093a4e63d355be015a73f46f897aae6c81e3e41176	222642ee3030eb8092a572a54925db88c3e53fa1de6f57c406939fe510c5defc	true	AXIOM-FREE	0f9d12c749ee19b59589b7eedd6d1e51e131b26098d9ff5fb2d5a53e5ba3068f	f224d365412844062d2f1ab900d767e5a7c811fd986883b0394e1c1854270967	9b5951d79d354391687b87b27e4fe2e156eb29d872f0031adecacceb0ecb7e9d	false
Someone.RetireCause.authorityBreachArchive	Continuity.Admission.RetireCause.authorityBreachArchive	constructor	someone/Someone.lean	formalization/Continuity/Admission.lean	17486a8126c8b0c847e9333fd49f09e6667728772c17ddafd23b49cc70da9511	65f3e8df9464f41ab64a72981567f90266217c4f3133ea01d6583df04c199385	17486a8126c8b0c847e9333fd49f09e6667728772c17ddafd23b49cc70da9511	true	AXIOM-FREE	-	-	-	false
Someone.RetireCause.authorityBreachArchive.elim	Continuity.Admission.RetireCause.authorityBreachArchive.elim	definition	someone/Someone.lean	formalization/Continuity/Admission.lean	5bbb1f85bf62661c7cdbac3e97806d63f8a13cb7d92ac0ede84841da73759292	8e1b09a0481431b67b7464915ecd4362ec789511244b769d069cf8c1bc89168a	5bc466f43047232fa2419b93b34506be2c951148cbd339226535128544987ed5	true	AXIOM-FREE	59a838a22a4c85d76c36979b3a19f69a1538f38f89748c3d2bdf82a8d014fd77	214dc4154375b96dca211c1fd7de25cdba5801eae0df7518f2a9a542a047aecc	7311dece1316874afbdef6121390239dd391b8467bfee53a09d9a7091f5eff32	false
Someone.RetireCause.authorityBreachArchive.sizeOf_spec	Continuity.Admission.RetireCause.authorityBreachArchive.sizeOf_spec	theorem	someone/Someone.lean	formalization/Continuity/Admission.lean	2e2d8acd62777e12fdff6765aa2353b650cac99565c1990e0c60e96ec57ed11e	7a712e790f4c1d01ee6f9d7799421911ebbc4c97559d1225e82afa1e04e094c2	5535c4052b5e27b14a8217aa7ee94806c273da4e5c788e2fc8901c453c0ea81b	true	AXIOM-FREE	c3ce9e20e45db0ccb20faaab0c19785fa3f6fcf1aefeeef1c9aab9c83616c524	c3ce9e20e45db0ccb20faaab0c19785fa3f6fcf1aefeeef1c9aab9c83616c524	ae52979ae4bbde5815faba7c8ba901a974900786e16239deacf42c8e3045a692	false
Someone.RetireCause.casesOn	Continuity.Admission.RetireCause.casesOn	definition	someone/Someone.lean	formalization/Continuity/Admission.lean	e3794a29e61b59bc43e8eaa2a9e3324a55448e33119952bd11ea30cee6100bb6	b54745d2317609edf13a7a66ad22555e5536333c7579e7203786d07722aed310	85df4ed9736fc5d76d31d8d893baa2792d6344a19c9b8c9486fbec9e4b18fd6b	true	AXIOM-FREE	b73bd00d27e6265e050de3812b0c539666fda242d642a21fa0f8621049ccc42c	9fa92dcc406f91011a6649e4a9ec09cb4d0144845bb230490cc600884024f4b3	8f98398fd227e777a8a98e2c7d4371d58cb07f21f0e64b5aabe35ae8fe4fcc32	false
Someone.RetireCause.ctorElim	Continuity.Admission.RetireCause.ctorElim	definition	someone/Someone.lean	formalization/Continuity/Admission.lean	d96906dc6efa03cf025a51b560bbae87820e17a84850926bee03e561d6761f5d	4fa1419f1e8ad2246a4811fe3e16428a64a300d6b67a1ea38d80b1dc8f496bdf	8732b9f2cc15a5e3a1bead1c78cdbf64347b8676cffec9c639c9c69af126a8d7	true	AXIOM-FREE	fdb5917639158e9e1f5b87bdb17f6122c7cdab1ec032506529546d2b7f6c7460	1235a05edba41c86f6bf32d7f707b4abfb01d6bb95de34354e1e2e46a81b4db0	d44fd2da946a0148687cf5d495d3feb39f9a9063967d3b20525eac61da9f9657	false
Someone.RetireCause.ctorElimType	Continuity.Admission.RetireCause.ctorElimType	definition	someone/Someone.lean	formalization/Continuity/Admission.lean	e047fff73a967879d7274222c38555f9622677bdfcf4788e4c68e5f795d0f430	fce779b488804f50417557459ce861cefad1ea8ec04c89211e997c76666aa3ac	d5a6a52fb2c6da0edc8ba918c46521dcb337c26df6c38ab4fc37a762851f98d5	true	AXIOM-FREE	121e659e14b4bf680652d9c9cc03acae72fa07afc477b3cf2d0f269bdbddf73d	cf5577244f5a2ccc40e082ba536fd58981fa6ac802641cd12ba57e37d9f52340	cc0c3bc77cdb02800b76bd094d0210d39a7b880d512570b4df5d5b7a93fab102	false
Someone.RetireCause.ctorIdx	Continuity.Admission.RetireCause.ctorIdx	definition	someone/Someone.lean	formalization/Continuity/Admission.lean	639c8c2c889aa7dbc4c582c632b206c5361ea587146417b421bf1c97786574b4	7b5878c56748447f3b61f864d4f7a764e52c1843ac52631cd76af6a66e89f328	a7df31d2cd09f1876ddce3c92e95788d339a4efda0913b5fa5f8a13e6fc73fe7	true	AXIOM-FREE	1b5889044f0460ee8923667b660ab6035a707325fb209882709177fd943dcee2	ea0ea6fc02762a7be09218651469d813c1547db02217bd94df512dbcd5834a85	be7b0a83d05a9cfd1dd253e23afc550fd50b8dd5e7e46f4058dd459a73a71ca9	false
Someone.RetireCause.humanChoice	Continuity.Admission.RetireCause.humanChoice	constructor	someone/Someone.lean	formalization/Continuity/Admission.lean	17486a8126c8b0c847e9333fd49f09e6667728772c17ddafd23b49cc70da9511	65f3e8df9464f41ab64a72981567f90266217c4f3133ea01d6583df04c199385	17486a8126c8b0c847e9333fd49f09e6667728772c17ddafd23b49cc70da9511	true	AXIOM-FREE	-	-	-	false
Someone.RetireCause.humanChoice.elim	Continuity.Admission.RetireCause.humanChoice.elim	definition	someone/Someone.lean	formalization/Continuity/Admission.lean	8cf3b69eb595b1bd582c68da985042926cbe48a6cc7d0f1c38f210c6cff74b2d	39e8330cd0fb0fa03b8a1455334972f35f70db6dae7e799d85cbf7f9009dc8dc	644e636fe71533a86c4ca8037f65316a5b8a3bace6c127c41302e57afa84aba5	true	AXIOM-FREE	0d34edec40548690e5646ad8697fe8b8ddd6afa4a3db84aae4ebf1177b25f1ce	a5a9d6dd9b4c9ca6e8854ef55e95f4b5935e9076633e42ba4709e34fbb94cca5	ca666d1c84ad519694106016172812438566084bd9fbe368f546ff2d05f1318a	false
Someone.RetireCause.humanChoice.sizeOf_spec	Continuity.Admission.RetireCause.humanChoice.sizeOf_spec	theorem	someone/Someone.lean	formalization/Continuity/Admission.lean	1fea5092a2a432d89a71b31e1cc7ef4ad10333dca7a887cf97709b75d57fdee6	83f0c630705e8076f92810c0269ff3090a36d2cdfe44791ae620e5e53ff677e1	89df2a9ecade2d0966da1775f06fa502ec9e126bf8fcf8e2ba3350f66e84f3bd	true	AXIOM-FREE	c3ce9e20e45db0ccb20faaab0c19785fa3f6fcf1aefeeef1c9aab9c83616c524	c3ce9e20e45db0ccb20faaab0c19785fa3f6fcf1aefeeef1c9aab9c83616c524	ae52979ae4bbde5815faba7c8ba901a974900786e16239deacf42c8e3045a692	false
Someone.RetireCause.noConfusion	Continuity.Admission.RetireCause.noConfusion	definition	someone/Someone.lean	formalization/Continuity/Admission.lean	936d84233b66952edbc1c30fdf1e45cc499fc6904c270ed3de3bac1452664ade	bd4d17509c2a4ea08f0bacb3b28c76cfea47428165dcf55bb682a25d874690b8	edc667c8569b3ba0ac5716273dff7826f8f0b361ed2fa770bf5d589699d01f28	true	AXIOM-FREE	7729aef3127a22bf82a91ed47ab88cf1586c17a31d7707d490acae5ab403769e	d2e8aca146b05e6fc76c764c4e4b0cea092e33e2cd2570f24d6375be64ef3b81	da7f0aba79a1bc4f32f7cb29a23adc10adf3ce6962da72bcc64852c646b984f5	false
Someone.RetireCause.noConfusionType	Continuity.Admission.RetireCause.noConfusionType	definition	someone/Someone.lean	formalization/Continuity/Admission.lean	d3510baee626ed2715fc72171fb638dba61370049a0e8e8c72b8c47044598028	8fe2d6f085fe8d203a4aa465b84133f80408e9762a93074bf9000ae1622d85af	b6f3777a46b400f680d06ed255d5ed6b53739a0c212f82337b58413bb5da8009	true	AXIOM-FREE	7e66b2774fffb0e71a97f28835bb3b19e7d69543ef3d96263a054fca15bec899	f607b5ec064d58d9e3c52288e916375c9636caeda210010327a3bee689c00edd	07b5e34a8ff82daef4bb9affcf97969c21ee0a53235cd2fff68ff20a9715c0b8	false
Someone.RetireCause.ofNat	Continuity.Admission.RetireCause.ofNat	definition	someone/Someone.lean	formalization/Continuity/Admission.lean	33ee8154223ebed9279b5f4e848a285cb39e15558f0a33984cb2da4bdf33e36f	3513791065bb95e035a659f25d554ad20ffd95d547553f97911acc7cd5a58d2e	d3166a0e4faa02b2005564ccce940ae6dc151c3e45527e67c15c707a5908a050	true	AXIOM-FREE	2f6df593341e061c383ad9769001d8db566970320917d8130378526ed664b3cb	e531e70e3970a2b2df53073049c69a62c4395f67dfd86a17869834324cf71a29	7d71627b877797175859a51d2dedf996047fbab1aba9e4361353648039dace97	false
Someone.RetireCause.ofNat_ctorIdx	Continuity.Admission.RetireCause.ofNat_ctorIdx	theorem	someone/Someone.lean	formalization/Continuity/Admission.lean	ad2316c6e4816813d2fc16be25ccea823965b1ea315d1de0ce2ee43c3d002ab1	66d36ec86ffc2f960eeefd5a4ba110a4a0eabb4c9a202d1fbb7903ca3c217a4b	9fbd2563403f82942d8959d2d158e488ac9e04436c9f6aca90c5f59a5b3378f8	true	AXIOM-FREE	4d7eec7ecd02e1f489aaf47f51e0722971f415972a83fb740a5f6992b036a3ba	ff63df0f848fe55e93234777c664940a0896b88d6d27f7a40f450c28774119b1	53c1f419d4b8b3920c81f7f1906bf318a00c4dafa2e603fc5cd09aaaf72313f9	false
Someone.RetireCause.rec	Continuity.Admission.RetireCause.rec	recursor	someone/Someone.lean	formalization/Continuity/Admission.lean	282d948660fb4588ee5580d6164b0cd901547733248fb5a4d13e3bb81c390d72	a87891e582f9eb06415818b715db3a0947426e728d35cc9daf951f879aeeee07	819730c5619f2e6ec969befa0e46b083f305b456362901dd99a726a36888bc57	true	AXIOM-FREE	-	-	-	false
Someone.RetireCause.recOn	Continuity.Admission.RetireCause.recOn	definition	someone/Someone.lean	formalization/Continuity/Admission.lean	e3794a29e61b59bc43e8eaa2a9e3324a55448e33119952bd11ea30cee6100bb6	b54745d2317609edf13a7a66ad22555e5536333c7579e7203786d07722aed310	85df4ed9736fc5d76d31d8d893baa2792d6344a19c9b8c9486fbec9e4b18fd6b	true	AXIOM-FREE	b73bd00d27e6265e050de3812b0c539666fda242d642a21fa0f8621049ccc42c	9fa92dcc406f91011a6649e4a9ec09cb4d0144845bb230490cc600884024f4b3	8f98398fd227e777a8a98e2c7d4371d58cb07f21f0e64b5aabe35ae8fe4fcc32	false
Someone.RetireCause.staleSubstrate	Continuity.Admission.RetireCause.staleSubstrate	constructor	someone/Someone.lean	formalization/Continuity/Admission.lean	17486a8126c8b0c847e9333fd49f09e6667728772c17ddafd23b49cc70da9511	65f3e8df9464f41ab64a72981567f90266217c4f3133ea01d6583df04c199385	17486a8126c8b0c847e9333fd49f09e6667728772c17ddafd23b49cc70da9511	true	AXIOM-FREE	-	-	-	false
Someone.RetireCause.staleSubstrate.elim	Continuity.Admission.RetireCause.staleSubstrate.elim	definition	someone/Someone.lean	formalization/Continuity/Admission.lean	41ad65e36f5e021786012d0716439927fac0373c6f4bea84f771c2f3c441cd6a	44eb90d4313bc5bd6392730b8788dc10047a06d5c19656523c818efa3da27669	7de61672c8225073b83213757b008081b86c6b740e8f515f25292956a46b7fa5	true	AXIOM-FREE	9b30f50b3d611c73ad154f66ec93f882fc8a91404a79ef84317c7d29b882ff7c	bfee2801c02a7795a7c8f0e1fcef1c908a9898d0606869adf2f095c3a6ab9edd	d66a5dae336aaad1e6e41327ce66a6fa767a5b14c72415c7d8e5c8ce53fc942c	false
Someone.RetireCause.staleSubstrate.sizeOf_spec	Continuity.Admission.RetireCause.staleSubstrate.sizeOf_spec	theorem	someone/Someone.lean	formalization/Continuity/Admission.lean	6b1d6b0c8d2f68533b0fa8195b9605047fff14b984ac37917218704fa93e182f	db534751c8be9e66ad2033f70cefed1f5ea6a349e9baba9c15987e6c24a5e1dc	fb457e8d18cfcf32a7cadbfe769b9de038bf767f9f6f50869238306ea331dbe8	true	AXIOM-FREE	c3ce9e20e45db0ccb20faaab0c19785fa3f6fcf1aefeeef1c9aab9c83616c524	c3ce9e20e45db0ccb20faaab0c19785fa3f6fcf1aefeeef1c9aab9c83616c524	ae52979ae4bbde5815faba7c8ba901a974900786e16239deacf42c8e3045a692	false
Someone.RetireCause.superseded	Continuity.Admission.RetireCause.superseded	constructor	someone/Someone.lean	formalization/Continuity/Admission.lean	17486a8126c8b0c847e9333fd49f09e6667728772c17ddafd23b49cc70da9511	65f3e8df9464f41ab64a72981567f90266217c4f3133ea01d6583df04c199385	17486a8126c8b0c847e9333fd49f09e6667728772c17ddafd23b49cc70da9511	true	AXIOM-FREE	-	-	-	false
Someone.RetireCause.superseded.elim	Continuity.Admission.RetireCause.superseded.elim	definition	someone/Someone.lean	formalization/Continuity/Admission.lean	1991d28d2f43a527bd3fba7f245ccdbb3c6c0ff01463a7c8f49bc541521e1653	c63230bb95ed7831a85eb323d82b34ca22f2268ed6c6c74cb0be221577d47e38	cc6278da1caa55f4745f6f6ea9febc0ed36a890308fb8296d1a4ce5b78fdda55	true	AXIOM-FREE	e99be662722344c2291812b201f9e852bd5e274f3ccadc518abeac56fa323a7e	597e5add74b1644f30df1700031a7204259f663396638ee3603c7a415b6784c2	b3cf0722ac963ee1126b2f8d57d2fb59227b9b35f811d66a1076fbec107fadf3	false
Someone.RetireCause.superseded.sizeOf_spec	Continuity.Admission.RetireCause.superseded.sizeOf_spec	theorem	someone/Someone.lean	formalization/Continuity/Admission.lean	a419f415032388962dbddfb30821ed92ca6778ee6628fc5c6d89e5612c1424a4	62c51cbd57ede6304d8eb2d0baa1729fcfa51fbfcc3a6a54739a8cf02fecb0a8	45cbf441cec5e26db7ba149b1e1299b282f38e60a618b742615daf3b9a7e579f	true	AXIOM-FREE	c3ce9e20e45db0ccb20faaab0c19785fa3f6fcf1aefeeef1c9aab9c83616c524	c3ce9e20e45db0ccb20faaab0c19785fa3f6fcf1aefeeef1c9aab9c83616c524	ae52979ae4bbde5815faba7c8ba901a974900786e16239deacf42c8e3045a692	false
Someone.RetireCause.toCtorIdx	Continuity.Admission.RetireCause.toCtorIdx	definition	someone/Someone.lean	formalization/Continuity/Admission.lean	639c8c2c889aa7dbc4c582c632b206c5361ea587146417b421bf1c97786574b4	7b5878c56748447f3b61f864d4f7a764e52c1843ac52631cd76af6a66e89f328	a7df31d2cd09f1876ddce3c92e95788d339a4efda0913b5fa5f8a13e6fc73fe7	true	AXIOM-FREE	b964c1e47d750dc8762000290e1101a341a1c99d160932675803e1037d515d6b	8aeb21a94b766493cf2a9ae3d8db12cc078fea3a9141e3bd57e71b9923a858ac	b964c1e47d750dc8762000290e1101a341a1c99d160932675803e1037d515d6b	false
Someone.RetirementRecord	Continuity.Admission.RetirementRecord	inductive	someone/Someone.lean	formalization/Continuity/Admission.lean	b4611575b2b62eb57ff8b514cf96bf01666158b035ac2fcc89065136260d1e05	b4611575b2b62eb57ff8b514cf96bf01666158b035ac2fcc89065136260d1e05	b4611575b2b62eb57ff8b514cf96bf01666158b035ac2fcc89065136260d1e05	true	AXIOM-FREE	-	-	-	false
Someone.RetirementRecord._sizeOf_1	Continuity.Admission.RetirementRecord._sizeOf_1	definition	someone/Someone.lean	formalization/Continuity/Admission.lean	caa84cec3e3a1173f15d4a4cd5c3402ebe722985ba1a5c1ee1815b9b55afa8c2	86b6172ab666497e85b6be6a1e86964fac5a45e0d63cfd3f99db74f17db399dc	4b5442de16ef35add3147b9df5176312dee4df01072faa4f5275d6251adcea8c	true	AXIOM-FREE	b45eeb9a6a551e6431849222a246c05b8f93091c0e68e2005c0bbcf3affca8e3	fea0ed43b6e4b8584b39e0ac312eaafe68a7ad97d40189888498755d936abdfb	1e0807179559e641e1e3e52918863e7c606835f783da3f75cf69d961e1d69153	false
Someone.RetirementRecord._sizeOf_inst	Continuity.Admission.RetirementRecord._sizeOf_inst	definition	someone/Someone.lean	formalization/Continuity/Admission.lean	4ddc91ff9006b4cdec06dfc71d4baf2618c2abe7a89bb8b4dc78f614b3aee093	6b26da981333f2c51b0df6ec9a0e11d62f2bf197d8ee8ceb2f4d55befcea2b1f	890b4e1d9a8844e829d08caf74e9f8b2d873bcb5415bc9404033b9667dc450cf	true	AXIOM-FREE	b2c90f35b5717a27cd2bcf0e4784a5e9ef22d1899252b8ab21a768be1e585909	0e04b1698a55d8f41724cab6481ae8ecd589b1611091940516babdf4d8e47271	2eb1cb11505c0b91ad13ab698d65c093f9f6779625a216aaecbb6de019938509	false
Someone.RetirementRecord.casesOn	Continuity.Admission.RetirementRecord.casesOn	definition	someone/Someone.lean	formalization/Continuity/Admission.lean	eac5e1673d159833e8c4c584c5cec8b64ff449ea57a93de2fe2922c02ede35ee	20fd8f3804c8edd9b2aef6f5fe5963260f2a3fe0985ac7941cff1d44ae6ce45f	6fe1c51092eb8695d4253724c2399c24cc7b432df2f8c5417521d161fed35021	true	AXIOM-FREE	2e06b64b8bdb5d794d25d79535982a8d9369df60d086e1a20a508a2a41646dda	ea40c25d322f9e569cae8c7f99d6e139de8171627fcf25e46ca6e4b99a7983bb	ccc378076a8fc9c2a97fa1c4f7151ae230c584972aca1c263806752438b86b6f	false
Someone.RetirementRecord.cause	Continuity.Admission.RetirementRecord.cause	definition	someone/Someone.lean	formalization/Continuity/Admission.lean	e914ec7f9e9e8f522693205811cbe4029353109fba78bd7db17dfd0738886efc	67312b74b2c703ac21b90017cde3894576773cefc0c84445239ee9a4feee5275	143dc5de0bcaf2f58ae2e58bf47007dacd3f1fe1b6b1a6945870787e66da3cee	true	AXIOM-FREE	c877d822c18d86ee385e46379faf2b9744c5b783a6ffa454cd978df238874c9c	2e7d3efcf3592d93baca4f7df435ba8292b7fe420476f4a89e11e2526788686d	6fbb17c7bca821f4b75d2149cb2691dc0b2417a52bf9037e932f1a4368adcc31	false
Someone.RetirementRecord.ctorIdx	Continuity.Admission.RetirementRecord.ctorIdx	definition	someone/Someone.lean	formalization/Continuity/Admission.lean	caa84cec3e3a1173f15d4a4cd5c3402ebe722985ba1a5c1ee1815b9b55afa8c2	86b6172ab666497e85b6be6a1e86964fac5a45e0d63cfd3f99db74f17db399dc	4b5442de16ef35add3147b9df5176312dee4df01072faa4f5275d6251adcea8c	true	AXIOM-FREE	2bdb9048605e6800cddcb0f94bbe4a098edda916c5d4d491cca6856c1bb28cb9	6c19fafe90bff5005d8ea77b4d21e89bba4bcb0220e78096295c031ac90437ba	1d4ff7a2963b133ca5f712cc53e5bcdf9496904615a129da9c43e7803704eea5	false
Someone.RetirementRecord.finalState	Continuity.Admission.RetirementRecord.finalState	definition	someone/Someone.lean	formalization/Continuity/Admission.lean	51ba7d8a9134b8c787dcae79d8319f5e198415f2cc75e1441b179ce8470d4e57	6e0ed267371e7c221413b7037b4b3a9406e1a52f626ce62d96a790446689e0ed	7e03daaba3b90c83edae31e65af1427aea48e6aeec62c79d88d918224c6bc94b	true	AXIOM-FREE	4c14fb8845b734129a5e4a2c61378de399e7cbca807d29646138483dc258654d	b2f3d1b19eb6074e26e8e5eaff3c88f487825c3f1a0372e81a14c273bcbfba2d	2a87b26778c8f24928da33a7014c7eaae8e86eb6fc9fed49daaa09c347c41399	false
Someone.RetirementRecord.invariantSet	Continuity.Admission.RetirementRecord.invariantSet	definition	someone/Someone.lean	formalization/Continuity/Admission.lean	b3e49f012519ca1cd8c59c485f796096e12d91ef7cc3e225ffa8a9dfd23d5e3a	d546404c69b1d0604cfe5c0d3ec640cd2487f08fd8c3abd2823328afd8720abb	be596252b08daf9e5c013f7898fef4d3398822e49296b6b57e93a9bd4e0271c6	true	AXIOM-FREE	3642bbffff7b9917f12615a46e47fc438a9dc2c2cfbbe2a1e368c0fd3a827c67	f5e3483c2502c8f42e9060d7ee809abb57ab95ed1b709e60b36894afdde52371	4dce2e76387925969fda294c46733e2a65eca18dd23c70c182dacab7c5ab932e	false
Someone.RetirementRecord.mk	Continuity.Admission.RetirementRecord.mk	constructor	someone/Someone.lean	formalization/Continuity/Admission.lean	5cef3ebd02d4a53482b0317719c108cac61db5777ed0846a07bd7582b68661c8	b229c05baa1184dcb4e306b3cd6f873f3822cf9ae61a99168cb24c6a74951e60	768fa621df42e7732254b7babfb03534b95c774e9c256427e5d2a3d4b1c73eab	true	AXIOM-FREE	-	-	-	false
Someone.RetirementRecord.mk._flat_ctor	Continuity.Admission.RetirementRecord.mk._flat_ctor	definition	someone/Someone.lean	formalization/Continuity/Admission.lean	5cef3ebd02d4a53482b0317719c108cac61db5777ed0846a07bd7582b68661c8	b229c05baa1184dcb4e306b3cd6f873f3822cf9ae61a99168cb24c6a74951e60	768fa621df42e7732254b7babfb03534b95c774e9c256427e5d2a3d4b1c73eab	true	AXIOM-FREE	91ccea25e9015ec46ee0a554c15844fd9f77e85b6d5194ea833545526649732a	d52e48fbd88796f50e63b247f0e78f9d34a69a2f40b103b380b9a87c35f7ee1f	2853b225892de87a42210d2be3eab427e71834859e4add6a41b1a9430f1e5541	false
Someone.RetirementRecord.mk.inj	Continuity.Admission.RetirementRecord.mk.inj	theorem	someone/Someone.lean	formalization/Continuity/Admission.lean	1ca81445f71dd071a25910036b0ac2d80a5c70cb4e500907b002ec2a713a852b	24e3aab24edcbf5fea6e15d55ce3befdf47dc5825fc9a6be0d14ff84239057ac	91d2439e516d0ac6111d625fb6b7621970cfe9b614e7083ce814f0db09483af1	true	AXIOM-FREE	f489afeed90cca53fa5d27553ee8806ed5845468eee9c2f92489d9fb01977616	9b3f2c639b53acc6718572dd539d4eefc51c18b35e7fe761c9d609ef30dffafc	747bdc7a68d88d7a7c1e91ea59fd224f77384282df341e2db2a90515af2359a7	false
Someone.RetirementRecord.mk.injEq	Continuity.Admission.RetirementRecord.mk.injEq	theorem	someone/Someone.lean	formalization/Continuity/Admission.lean	a1224ba1bbea86342e46c4d45d275b36870569bc68cb32a123049aa15394f099	3766f225ff89ecd9d9b40c70aaf031e1d26c13ac85269e66b409becc9df935f2	c12e273d2c50fb6500c7d4f0152edd8cf2605599216c66b13a03b441e1b6091c	true	[propext]	46d6d92b17a0a95573df5971a2fbd82112b6678605ea37a0940d2d638f360075	87154f6d3a71391508f41657c726a873003f34f0a860f0f16f0043c3a59609cc	2909b0fb5019ae37149970ef99244b3738292ff0afee2360634094c78b83e673	false
Someone.RetirementRecord.mk.noConfusion	Continuity.Admission.RetirementRecord.mk.noConfusion	definition	someone/Someone.lean	formalization/Continuity/Admission.lean	0f0e064ce5341f63aa4ce3b23c00a96bebeb9a3256f17f0ecd5ad1f2c2f1cfdf	780f0a63f4c15f6412a203f11736f1997576f3f28ada90823071260fd7b1a16d	7a9dea12a0f4aa75d914fb679a91e4740396b84a3d1599d4bba3f44e9ed28bec	true	AXIOM-FREE	a83f75bdfb76bd8a1a17798484f59b3ee33880f774308a5bc3b368d5962108ce	2ee755a4c11d36bb1b69a2517927e658154f11bd7c203e63b0a59e8b16283e5d	bfe06c1a63202add51d1fda1e7289fd7515ad159e2568d4739f37d63c4f4161f	false
Someone.RetirementRecord.mk.sizeOf_spec	Continuity.Admission.RetirementRecord.mk.sizeOf_spec	theorem	someone/Someone.lean	formalization/Continuity/Admission.lean	b821215462687c7a6df19a3653fc990fbf065d64b78b9be6465ca3efb1a9c063	54dab8491006c4329361dd5565170cbba9791a469d5c2b7d168a6a0c0bb8938f	329809b2d38552e55508c49e32962a6af066795819eee67a3624933cfb72364a	true	AXIOM-FREE	cefe5c63b26b4f41914a3aed082e2e7ace198e5dec4b0f5e6c7a03c46c67d149	91d0cdf7debf33ddd4d36dbaa490b8ab1df9f05e9d65ab16422f4c50f25940e1	6eefe4efa1843bf477b538e7c6f545df96054848e983c6ef9f3f849add869673	false
Someone.RetirementRecord.noConfusion	Continuity.Admission.RetirementRecord.noConfusion	definition	someone/Someone.lean	formalization/Continuity/Admission.lean	ccdff9a0a267802569d1476bb43dc0c2b634ed86c947332a2e5da5b0858888cc	6bbeb1c8989d553d6f94628689751285b17315f23454362f7d099408a1024baf	6e9097acffa4dba234216c09e6c2227f3e503ff27077e64226e61ccce4ae3213	true	AXIOM-FREE	cce177b9d8c41e472a1179f550e2087697c42c8d57ec5f9f596094eac003da1e	b515bf24c2e0ef7757562f732ec6aa93110b38d9c3fa7e8e3494fa593fc93a3e	8da912b924987555ef2b4b910b103dacd6635b06cd2ac8cb16e3ab8ae6d7313a	false
Someone.RetirementRecord.noConfusionType	Continuity.Admission.RetirementRecord.noConfusionType	definition	someone/Someone.lean	formalization/Continuity/Admission.lean	d1d8d08e28aa63b371ef6be14ce94e4f3bfb31b87f9acfbf5207a16b353c90e9	7ffea3945dd4e9d4a66effd8adf8e3cbea1da16e34e912c1c35575f83975b690	546be253a76a27e8b05ee9ca34a3053798263fd2e7f752d2c50242c7ee22ebab	true	AXIOM-FREE	01c1a00a194537868d20d5e6bded220ce3633b08211ca92c7975ea17de992b7f	eae9a4603b00d5c310a797625d3d2d9eccf3334a0f9deb2e0aeb74954d64a191	f6e1f562c8673e6564480ebae62d687746d90c0c8c1022feda8b7e9a1a43944b	false
Someone.RetirementRecord.rec	Continuity.Admission.RetirementRecord.rec	recursor	someone/Someone.lean	formalization/Continuity/Admission.lean	b947834e6552e271d328f51fe99abc725b948beaadb973a890db4ce798ff3713	4947146a0552f3830eae6b24cb84be4fd2bdd16a4189b1b5502c05b8a26cee57	3de06175a997bd2a03a8d7cf093c6a6446bc47163d6e117113a0b5bd52d9783c	true	AXIOM-FREE	-	-	-	false
Someone.RetirementRecord.recOn	Continuity.Admission.RetirementRecord.recOn	definition	someone/Someone.lean	formalization/Continuity/Admission.lean	eac5e1673d159833e8c4c584c5cec8b64ff449ea57a93de2fe2922c02ede35ee	20fd8f3804c8edd9b2aef6f5fe5963260f2a3fe0985ac7941cff1d44ae6ce45f	6fe1c51092eb8695d4253724c2399c24cc7b432df2f8c5417521d161fed35021	true	AXIOM-FREE	8a5eebd6dbf22bf862b82a30c8f5ff482c4118eccc78e75d0311c805c962d92f	fa48fc72f1fcba4acef11a0a6f6c0ea3ed56d9ce9ac8534d997c3381f9267b5a	688a7e49264a8a53c7885bfea1d149795fe959d2894cefd79e47d5567a8d7fc6	false
Someone.RetirementRecord.substrate	Continuity.Admission.RetirementRecord.substrate	definition	someone/Someone.lean	formalization/Continuity/Admission.lean	b3e49f012519ca1cd8c59c485f796096e12d91ef7cc3e225ffa8a9dfd23d5e3a	d546404c69b1d0604cfe5c0d3ec640cd2487f08fd8c3abd2823328afd8720abb	be596252b08daf9e5c013f7898fef4d3398822e49296b6b57e93a9bd4e0271c6	true	AXIOM-FREE	7ac9ac7430220c7e2fceccad1207aa0442f681b8e5e3da037937053b8b652b34	140ea9a3e952f992878c87da4eaa3d01ac77734caed0e586aea69d5a12ad1490	5ae1a8bf82c05cd874e2dd1dc18c5d8c8fb7f290aadef977e75ec1011cd7d7f7	false
Someone.Scope	Continuity.Admission.Scope	inductive	someone/Someone.lean	formalization/Continuity/Admission.lean	b4611575b2b62eb57ff8b514cf96bf01666158b035ac2fcc89065136260d1e05	b4611575b2b62eb57ff8b514cf96bf01666158b035ac2fcc89065136260d1e05	b4611575b2b62eb57ff8b514cf96bf01666158b035ac2fcc89065136260d1e05	true	AXIOM-FREE	-	-	-	false
Someone.Scope._sizeOf_1	Continuity.Admission.Scope._sizeOf_1	definition	someone/Someone.lean	formalization/Continuity/Admission.lean	bc15a4fd8174add9fb0603767108974a177c5c5211c3c52299b14b19af99ab7b	8fbabe96ef17941d19c9a7b4178702ab3d3c8aded08ee9c90d26f061bffda6ca	a543f32542be3a60951518b78a60947b1dfb7d218a3356abbc26491c31d93f3a	true	AXIOM-FREE	9ade872cb732e24db7479d85e3ce933cb63029bcb1049208384f5da947091785	25297454f46dce845f85a48f676833980d09274b46e48f396763ab50cedeb66a	ceeba71d2477669ed4da74dc9bb8eff4497536a4dad340748ed77ca763a6bf9b	false
Someone.Scope._sizeOf_inst	Continuity.Admission.Scope._sizeOf_inst	definition	someone/Someone.lean	formalization/Continuity/Admission.lean	d2b72f345b11867c1815ab0b3dce19110648f71a63acf7f284fea324741e32da	386d83336d435f248b08db430a66dee9808479137c6567540d0e330f8f1bc678	d2b72f345b11867c1815ab0b3dce19110648f71a63acf7f284fea324741e32da	true	AXIOM-FREE	0ab7a7cac4d501cc0aed1ce4c96f024ba5ff4b5c9c0f95122a10f20dc1289943	5090efe52c18e184886741687cc6a14bf07afecb613fc27d9de4be2a71665ecf	8b9d4c8038803e2370cf1ab6e1c43cbb56b6030d052086d303a5f2ad3511e113	false
Someone.Scope.casesOn	Continuity.Admission.Scope.casesOn	definition	someone/Someone.lean	formalization/Continuity/Admission.lean	d5ef25346e768cf7b954fda64b466f88ecbd1d5cac9311ed21ff11c30c8a8f26	4007a9ea4ec1baab41fe5cd38f4250f959a535841c7c24907d74b4557d03bd0f	48c1e23b6055778b6b377244c1f769a43dff18d173ff22d92fdc72e5e34d9036	true	AXIOM-FREE	51f8a511b764f5b98cb1127a3a05b15b132d98c5badccf22e5d3279aa9f59061	8b6f2eeddf2a7a74c12759ad98c527e49a6e95b1f5163a3c9208ba2a3ff7c781	f10dbb5b46553414cf24b64069f1034dc8f5d491b58dda824bebd47e393c7999	false
Someone.Scope.ctorElim	Continuity.Admission.Scope.ctorElim	definition	someone/Someone.lean	formalization/Continuity/Admission.lean	6b91ec35f497088977551292d2dc49edcc4e15b0bc4f7885b3fcb53308cc2bfe	cf85cad5a9a6f9a86c6e6cfbc4bb6215fb1b12b0bd05a2e0a1b0227e2ca1ca31	680a22383ed0c842bedbe7925ed8c142fdc133ab7d5528666bb8e833a05c1296	true	AXIOM-FREE	67214ac15662924808b8f8e8a8a5edd506db7c492c919b9da8f2b31597a5f6dd	9df485e9840b66e0d04d6b6cfb8278d9cee87dfb9744460c5126ccd31c237dbd	79dc7c95f3027142036fc040aef710e7a3102aaf5cba6ecb0ebbe90c362660ed	false
Someone.Scope.ctorElimType	Continuity.Admission.Scope.ctorElimType	definition	someone/Someone.lean	formalization/Continuity/Admission.lean	00aeb97512c8d4cdfde29727ae19d132ccd2cd2bee584fc9b3080b61f84c0505	8dc1dae25562fa71b0dd6584469ebe550926a7a5c7e35d06ecb20a30639c5fcb	7d59490fb9cfa11e319fb39b22ab651b843601f38a19b511560ea482051aa29d	true	AXIOM-FREE	ba0b0798fb798ad6e0cf78ab3fa7a6a5d450bc1ee9d3c6710b6281b5fa0b9902	bac2d94d6efe5ce07218070991adce408068d6ca724fc72afb4b4dda342752cd	ab1d59d52eff84c3aafa140d31b40a718ee773e36baf9ac146e63863383a3d38	false
Someone.Scope.ctorIdx	Continuity.Admission.Scope.ctorIdx	definition	someone/Someone.lean	formalization/Continuity/Admission.lean	bc15a4fd8174add9fb0603767108974a177c5c5211c3c52299b14b19af99ab7b	8fbabe96ef17941d19c9a7b4178702ab3d3c8aded08ee9c90d26f061bffda6ca	a543f32542be3a60951518b78a60947b1dfb7d218a3356abbc26491c31d93f3a	true	AXIOM-FREE	f1b1dc42efe066bc2d201187ab44e9b09e5cff71f450b05959735976288af8a2	7f6017bb6f49ec816cc656f3573858bc497aa6d27c1ea195b7afdd60e35de2a1	2c3f6b3e2200c2e5dd33204ba20fc14bb3ab26091542b740993290f101a2c871	false
Someone.Scope.noConfusion	Continuity.Admission.Scope.noConfusion	definition	someone/Someone.lean	formalization/Continuity/Admission.lean	d79a599ac5d4869d0306d6921dfe8a599bf7e1a7433ac5eaf1a9c3a40545a06a	c80230b95d9ed756fe24ae3cfbf36d3e0a5dc726a8ab8171a732ca36d198ec98	1a0bb08aea1af63b3b0e52201f4a0acee33738d68192040887494459000a8038	true	AXIOM-FREE	c779de7ad83ea994cc2c41fc66a4321da2c1f42431b5fb07dcec1a3f489978ef	ac5ef043a0bd385edc5b5525e1c86013fe44c5f65a87bb53add29b819ab12a17	a6030071d3341a9867d503750fdb9e819947be805bc0311678a7418bc1a97b50	false
Someone.Scope.noConfusionType	Continuity.Admission.Scope.noConfusionType	definition	someone/Someone.lean	formalization/Continuity/Admission.lean	d9b9790c8a6af3ea969f4e0a130a8836b43590be3349d5267efd66b9c9acb6a3	973be1ab09bb8ba31d10a60bbf37d6823b3304ef24ed74d5b0a5721d250362d6	e2c439bcd641759debbaf4da7ffea40c27c6b1bf436bf4d3615c7b86236793ef	true	AXIOM-FREE	e1d6e6af3d6e5beb785c8ee069bbc64b5ac4299c8adc244355ee4d9de92eb062	8144e0cdb046cc4ab2abc5e02602fca81b03557a4f0f1eaa554605da8d2113ad	3ead1aa85598ff8cfe9948205e712bceb40abd9ccf47f9b5d77a83a647eed161	false
Someone.Scope.ofNat	Continuity.Admission.Scope.ofNat	definition	someone/Someone.lean	formalization/Continuity/Admission.lean	7b89cb611c35350ed51c67eaf5b457e4dae7a64ccf0c6a345bdc79bea64214fe	a12ddc1c7175c561cfedaeb2ec351d16bda34387a8fcc80b9ada2e2541df422b	ce94c3825f60ca62b681160add711f28d3e68b388899b68dd80e33873038ae9a	true	AXIOM-FREE	ad2d75f65c0153c3d742d15623e438339aee22d2b62d7e4dcad5499e151307e6	f659fb2ec72008e60e5d6934ca96b34a734b66c41186293d6c816bc493d335b9	dd60a2f3488e591f9a9b42e6adce02ab8d018672f180dce2245015dc8e8cd69a	false
Someone.Scope.ofNat_ctorIdx	Continuity.Admission.Scope.ofNat_ctorIdx	theorem	someone/Someone.lean	formalization/Continuity/Admission.lean	298511f603f3d247197e54bfbc47a5276e141edc9a63e9402112d265c97e8b23	1d0e4f681d698a7e48c065d3b303f7ed4f9678a094ee193afc29e6480fbce887	516059ef538f2bf4d1d1ecf82a95bef9f5e0b1b7ee78ea41596116be27768253	true	AXIOM-FREE	678d2b70a4f85222d24d92d5c37b2f46f69116fa28716a0b9b2ceeb61f414710	8e77a55d95c7b89ef999f763d36ac31f6438b819f5bf114fda31f1f6d4a3838a	a69d4b69dedaffb4d76db012d20f27c08afe92f67981b9054f4ca15ae7c9bc11	false
Someone.Scope.open	Continuity.Admission.Scope.open	constructor	someone/Someone.lean	formalization/Continuity/Admission.lean	74780efadc580d7072f7725201c13a258ce8836a4f73717a90ad481da35beeae	7a2d8c137f4f5daaaeae8a78f93c707dabb04ec61f6b313eeec5e4320b531e48	74780efadc580d7072f7725201c13a258ce8836a4f73717a90ad481da35beeae	true	AXIOM-FREE	-	-	-	false
Someone.Scope.open.elim	Continuity.Admission.Scope.open.elim	definition	someone/Someone.lean	formalization/Continuity/Admission.lean	a83e07a18aa34919aa2540a257f586f25ed4513fb23bba2278b477d3ebbdf96c	de8ead5b900e304b77df70d46d8e91c4181ea4202b113d2bcf8fd9f0fa9c5a34	0ac2887482792428217c7400905dec38ff062d3ed04b5182631fd81708c44174	true	AXIOM-FREE	633b7d7f40cf2561f8b380aba842402f803ce964edefd230a15ff21dd071bfb4	7032315e4fd620406835d738a1f77cc1f074f1406737f161ecfa791cfda33f30	af67666b32a9845ae4ab04ac3ff685e5b46915659a9790b5071cf22b93753a41	false
Someone.Scope.open.sizeOf_spec	Continuity.Admission.Scope.open.sizeOf_spec	theorem	someone/Someone.lean	formalization/Continuity/Admission.lean	2c421ec730b2d43cfc9a3cf01e8046ff98b33a945c5c3b7452e549d3baab5707	2e95de0f5b06cf3f88cae7a80102eb81e57ceeb5cf162f190546e51d8e76ee02	8adabe4548e3e98a8f7ac30c549388b3bb9cc97e470a439508f38766811fc314	true	AXIOM-FREE	c3ce9e20e45db0ccb20faaab0c19785fa3f6fcf1aefeeef1c9aab9c83616c524	c3ce9e20e45db0ccb20faaab0c19785fa3f6fcf1aefeeef1c9aab9c83616c524	ae52979ae4bbde5815faba7c8ba901a974900786e16239deacf42c8e3045a692	false
Someone.Scope.rec	Continuity.Admission.Scope.rec	recursor	someone/Someone.lean	formalization/Continuity/Admission.lean	c0230347297d355207937a1f2f2e67ca6b3d6cae57d29a16979c3cd46e7fbfb6	6b37f7748abdc2bea8326c356796b0cdd741ee8b52b038cd83bc0c2a966bdd1a	5dd13b4749d2d393c4b3297661e50e707c407be550e60dc1900c0da1fad79c10	true	AXIOM-FREE	-	-	-	false
Someone.Scope.recOn	Continuity.Admission.Scope.recOn	definition	someone/Someone.lean	formalization/Continuity/Admission.lean	d5ef25346e768cf7b954fda64b466f88ecbd1d5cac9311ed21ff11c30c8a8f26	4007a9ea4ec1baab41fe5cd38f4250f959a535841c7c24907d74b4557d03bd0f	48c1e23b6055778b6b377244c1f769a43dff18d173ff22d92fdc72e5e34d9036	true	AXIOM-FREE	51f8a511b764f5b98cb1127a3a05b15b132d98c5badccf22e5d3279aa9f59061	8b6f2eeddf2a7a74c12759ad98c527e49a6e95b1f5163a3c9208ba2a3ff7c781	f10dbb5b46553414cf24b64069f1034dc8f5d491b58dda824bebd47e393c7999	false
Someone.Scope.repoLocal	Continuity.Admission.Scope.repoLocal	constructor	someone/Someone.lean	formalization/Continuity/Admission.lean	74780efadc580d7072f7725201c13a258ce8836a4f73717a90ad481da35beeae	7a2d8c137f4f5daaaeae8a78f93c707dabb04ec61f6b313eeec5e4320b531e48	74780efadc580d7072f7725201c13a258ce8836a4f73717a90ad481da35beeae	true	AXIOM-FREE	-	-	-	false
Someone.Scope.repoLocal.elim	Continuity.Admission.Scope.repoLocal.elim	definition	someone/Someone.lean	formalization/Continuity/Admission.lean	f1ccee566bad5f526f55ea73fe73b2b9944a3d8467055586cd7880aede21b8cb	a219b31912957599ecf3b11f890bc4362f4dd86e84b927c3cff14e6b32ea5216	6be4486e10474400c73936cfdb34307e54929c84efb5c74345c6cfc52c748bd9	true	AXIOM-FREE	db16d0911e3d935520a758b8318072897073beb9ea259f7691dede4e650baa70	bc7abf81275a451004912d0a80c611bf22cb47999d48d2f82e6e80b080cfc624	d0f4abfff9a8c2e692d49825a34fbd586233d715c55426b81f49c3951a03f2a7	false
Someone.Scope.repoLocal.sizeOf_spec	Continuity.Admission.Scope.repoLocal.sizeOf_spec	theorem	someone/Someone.lean	formalization/Continuity/Admission.lean	4b1efe2987b005d7f0e7a155185508cd7469a0aabcac077d116a1294bb1a8e13	ae24e81d6910f903959316187cfffa5c7dd7bd4a4d75fdf06834a34cd5055a8f	2a816327754fb3847b5fcdfc4ce9c6044e5ff5cb231bfdd5fe76c61e56b43220	true	AXIOM-FREE	c3ce9e20e45db0ccb20faaab0c19785fa3f6fcf1aefeeef1c9aab9c83616c524	c3ce9e20e45db0ccb20faaab0c19785fa3f6fcf1aefeeef1c9aab9c83616c524	ae52979ae4bbde5815faba7c8ba901a974900786e16239deacf42c8e3045a692	false
Someone.Scope.toCtorIdx	Continuity.Admission.Scope.toCtorIdx	definition	someone/Someone.lean	formalization/Continuity/Admission.lean	bc15a4fd8174add9fb0603767108974a177c5c5211c3c52299b14b19af99ab7b	8fbabe96ef17941d19c9a7b4178702ab3d3c8aded08ee9c90d26f061bffda6ca	a543f32542be3a60951518b78a60947b1dfb7d218a3356abbc26491c31d93f3a	true	AXIOM-FREE	41f34efa8c166f5f45bcaef26e1a5f94a9e0723a57aa42d836521157156e15b9	4dae8c4c6e1780e8f3339aa15bee73c639bac5fb6c5ddd4cb67a9e7dfc0970f3	41f34efa8c166f5f45bcaef26e1a5f94a9e0723a57aa42d836521157156e15b9	false
Someone.Seat	Continuity.Admission.Seat	inductive	someone/Someone.lean	formalization/Continuity/Admission.lean	b4611575b2b62eb57ff8b514cf96bf01666158b035ac2fcc89065136260d1e05	b4611575b2b62eb57ff8b514cf96bf01666158b035ac2fcc89065136260d1e05	b4611575b2b62eb57ff8b514cf96bf01666158b035ac2fcc89065136260d1e05	true	AXIOM-FREE	-	-	-	false
Someone.Seat._sizeOf_1	Continuity.Admission.Seat._sizeOf_1	definition	someone/Someone.lean	formalization/Continuity/Admission.lean	19f6f417da9c4164784c4aa6449715c6b6ff3c87ce1687a05681406c36bbda79	d286f1e4bad5d94267edb48c7815931e3a402adc9b49d0d13732c27ef44ea902	7fbe8daade54acaae4befdcb8d4a3b6b67c5e6e6dd53e5b66283053a6f486fae	true	AXIOM-FREE	8c59906553c1949f41c31d4fa663c2b22033eff0665bb242d9cfcd24e31d66a7	149edade95ee1a9cdf4a5a01aaa08b9f675cf84988a0c9207d72cb4e734c7efc	4fa65e896523d412443018f22e27788f24c6c70cd8bff2d8534212cda604a529	false
Someone.Seat._sizeOf_inst	Continuity.Admission.Seat._sizeOf_inst	definition	someone/Someone.lean	formalization/Continuity/Admission.lean	8a08dc928c50a4687b994bfd495f8b64af910c0871cecde0e9fae752a86f0d8c	36e11ff8d7bca2cdeef1a678cb56fd6009ed55c54229b55251f465ecf2eeb757	8a08dc928c50a4687b994bfd495f8b64af910c0871cecde0e9fae752a86f0d8c	true	AXIOM-FREE	948a2a0b937162f0904ff24217eb8f78bcce51e9d0fcd2895b695326087a3b29	6507d66f5b8fc9301b1ae2fa4bf653aa5823827c89a66102a1598c64b0409146	1b3216904d19787c5becffef2051066e4d1eb747031754fd758c76a4d469e22a	false
Someone.Seat.casesOn	Continuity.Admission.Seat.casesOn	definition	someone/Someone.lean	formalization/Continuity/Admission.lean	2703b7a004e0160c1ff9c76e3eeb1e8a83d79246d2c57a0f725247d935f4bd7d	32e4a4a71e0d0d6a3613dbd8b947bae3339f3e3f2fcdd1667c670bd5d828dfb7	0635e8fc85bfcd3c5b67bea41df8f9cd4e49281130d9b981f19d4fa78c23b87c	true	AXIOM-FREE	cf03feb56be2ecbe51959f5320522f7ab0355f3fbf118d07e8ae2f71126578a3	9589a61f45a0d32d932f897c5855b0013c08ff2e4aee452c1419140bb9f02f74	040d26245ee43cd193bc8a65ab5e40ce60c75a9cedf94d9ba9c78171a5635991	false
Someone.Seat.ctorIdx	Continuity.Admission.Seat.ctorIdx	definition	someone/Someone.lean	formalization/Continuity/Admission.lean	19f6f417da9c4164784c4aa6449715c6b6ff3c87ce1687a05681406c36bbda79	d286f1e4bad5d94267edb48c7815931e3a402adc9b49d0d13732c27ef44ea902	7fbe8daade54acaae4befdcb8d4a3b6b67c5e6e6dd53e5b66283053a6f486fae	true	AXIOM-FREE	aa8bbaa2cb444ba55ff87ffd02217c9aceb0847e581ba1f781fdbb497cd99a9a	113112224931db6bf9c31a797cac061330dc9bd19145813c6baef3842102d15e	8b3405429949fe7b2ce9756e7bb52d3cbb9f1ca4475d4a070a09e0fa7a977590	false
Someone.Seat.mk	Continuity.Admission.Seat.mk	constructor	someone/Someone.lean	formalization/Continuity/Admission.lean	89a9d67365cd79564bd5b13c4f8b94c7274ad9d3d00de1f115a8f3de67bf965c	9249cb8acc9dfad97824fa7ef467026c07bf149cce8a873e533869096ac64963	9c12c1164f45ad4defda16a6e53d863a346b2eea6c9a6061e5e5906e0a771b29	true	AXIOM-FREE	-	-	-	false
Someone.Seat.mk._flat_ctor	Continuity.Admission.Seat.mk._flat_ctor	definition	someone/Someone.lean	formalization/Continuity/Admission.lean	89a9d67365cd79564bd5b13c4f8b94c7274ad9d3d00de1f115a8f3de67bf965c	9249cb8acc9dfad97824fa7ef467026c07bf149cce8a873e533869096ac64963	9c12c1164f45ad4defda16a6e53d863a346b2eea6c9a6061e5e5906e0a771b29	true	AXIOM-FREE	eb71d9b5af0f0be87a679ff2faab55650de6eb03adc768a19024fcac652cd58f	5f154034bb07901e6f78519bbcc28b25cf2d2b3ba440b7bea798245c75e278fb	8c5e5275640dfd01731f28fe502e89e395811f0b4f9e9246475d97f34fcd3028	false
Someone.Seat.mk.inj	Continuity.Admission.Seat.mk.inj	theorem	someone/Someone.lean	formalization/Continuity/Admission.lean	809f8d0ad26afd575c5049adcd206d74eeed6f9a7d3ddfcf460e9a50087fc8cb	6896e35480555349d8f1eca7a24e5d4d41f5a7e4a277f380926f5ea90ab662b2	a5401263eb2ceaddda5476265a6846505813e1368df3df6cb13de65ee62c194b	true	AXIOM-FREE	ff2a5af9f992d229bfb3f4cab2bf1c7492984e2de533f7e115668dc20a4cfe72	9a9a81b901e424e8f90ad03855b8cd1357e9ba72a69c3673a3fb3bdd391cf6c9	0536c2a7cd14d38451742ea1b3e96884a1d90dd023037c431e95dc997a09b011	false
Someone.Seat.mk.injEq	Continuity.Admission.Seat.mk.injEq	theorem	someone/Someone.lean	formalization/Continuity/Admission.lean	4bdab70ff47454540e659bd102f674e81f57d76ebd382772f6ff4b9c4b76b4cf	5f3e699d753f755103491cd1a0630d2407be9c593b6c7e90566f454c29457d34	1c861618df6f2a770f879bf4cc4efe8049afd43da90cb0a566049f736bbddf6e	true	[propext]	ea9c3926d81b86043dd75556b02afa55b477d32ff041cdf6343c45477906a146	55ed3ae2eb416226453c3ea0d1bd242ffd263bd711b3d848975c65ec354b5f12	65ca2a944a5253a33c40b0602ae1fbe82744c0f0a599a1a29cd9e6d63377e4ae	false
Someone.Seat.mk.noConfusion	Continuity.Admission.Seat.mk.noConfusion	definition	someone/Someone.lean	formalization/Continuity/Admission.lean	14eac716fd74cc60b8d481260d11b027973319d4db63dbc1babcbb5b111d71e3	9491572ba8fe3cf94070bf7c15bc56b72c3b3f60a0f99e66fbc33d9dac0c01b8	8d32ef57f7fdf0fa282cbc7c166fbdc0246254ede94dd01c737955cf9686887e	true	AXIOM-FREE	fbfc11311b76233af731a046a5a37daa88308b9ea07cf6f294fa725b46948a80	91d05b567f696801a0dff1101ed489472849beeeb453cf22361807cb6b72f299	c2eb958490683f05f777e1c87e06d0d6e4f2a71ef638c2b903ffabf2fd66c0aa	false
Someone.Seat.mk.sizeOf_spec	Continuity.Admission.Seat.mk.sizeOf_spec	theorem	someone/Someone.lean	formalization/Continuity/Admission.lean	ed3b7c46719e8c07b78ad81cdea56c31af5b7a76dbd9c0fc493516ed949b5f73	29c1a435197d11897d8668573a2e078e2dd7df9e9e6b2a6efaab150ce655b138	0c81308c888fc8b2c4dbcbc398ffa4e4b7b59b7f43ae08bd6b47c5439f505eb8	true	AXIOM-FREE	6f640f9fa246fe487377ef5217cf5c6de4037d4f89e499946f3778d267236fbc	239791e0c441dfcf048e32b7210ee8c707c05b2510a67278094fc98587bc61b8	12fb2bd90d5eb3f4d936e6dc005d86183489aa98e44d730e644fb185b02aa936	false
Someone.Seat.noConfusion	Continuity.Admission.Seat.noConfusion	definition	someone/Someone.lean	formalization/Continuity/Admission.lean	33f7c95145e421d3517a9aabc50cc0fc627a8b3209c861fc30652e2d19581658	44388da90340e703a82af594f2731dbc9ffb272c7a58ad81ca74f20e2c235cf7	16ee849d8b1afab42a2cac06b140edccc3e20a1a2c77f82403eebebe39b08c57	true	AXIOM-FREE	3412d02d337f25b3c6082d088dc0612ff7428917127592959856294ca5465e00	8f10ffee711b55538baed336d4c9a0c12eee0a1cff7a29ed772a12e82afb44f7	c3db8f12a7b4b11c7192dc10aeb2434e24861bdbc261d98115be40a1446c6ea9	false
Someone.Seat.noConfusionType	Continuity.Admission.Seat.noConfusionType	definition	someone/Someone.lean	formalization/Continuity/Admission.lean	7581ace68a47b7ece63eacc486ea0296bc1f64157b2b0513397de9d16a3f8403	15ace59ab467f49a6bacc8368ef58b0081a6c17510cdd62eaa1e86f308401975	5f7b2d0a1194f796bef2f084c67d31c6874f23ba48b02bc8205e6990d5c5af85	true	AXIOM-FREE	05f99f9183cf582280419fa23d6d3468ca4de5703f4cf7c79d7e6b3d638f82ba	d44111727ef75e145f1876b4eabe9e0a8405533bb8fcf59aa03470c5d6d17c8c	cd1abcb7dfd9962b20fc32dd62b280d364e5a62443349099861ae2aad6ec3b39	false
Someone.Seat.occupant	Continuity.Admission.Seat.occupant	definition	someone/Someone.lean	formalization/Continuity/Admission.lean	fca49dc682df8ad7af76286331b3a139f08394d246898c2f4e496639327f3f84	ffc24fbe69c6ec37be642ade75c7e014e2f3d2a22afdcec009befa3628780783	8df342c49e60cdc3edbe20e1ad1c2ccc08cb00244976086c4c85bd92698d7a4c	true	AXIOM-FREE	bc2b06d5a4ac91d55b8bc7b059fe04c0fcb20a3ba665efca600558f93ef02468	f5bf122b9cf90336fccb5b7c1f0a60ed038422c8b7b407e206dac901948c1130	321f8fccf04fdfcb2178941beccfdab97f13f493fdcf301c3b9aab315b92eab3	false
Someone.Seat.presence	Continuity.Admission.Seat.presence	definition	someone/Someone.lean	formalization/Continuity/Admission.lean	5d46e4e9ca9b0c7174ab4ac0d1021ca0c39a7f5d642322cc47e14f4b3233e9f8	f164fe86b80ae53d6110fc9e4bf5b394ca6a248936925379712e17fc312fb308	dadf0c560434fb5e25a563cbaa03e728fec86cdd5671c575030708a7f281218b	true	AXIOM-FREE	408e692d257b708f9810a81a23bafa3b74c6f6979e40344c0304839773bfa00f	ebaeca11666094cce4014c664cfa2202ca13fd806466bac299cd47da07a6f855	35665fd5fa433cdf150556cc489efcae7ef2503ef94aaa2bb8a560617971b371	false
Someone.Seat.rec	Continuity.Admission.Seat.rec	recursor	someone/Someone.lean	formalization/Continuity/Admission.lean	043d5ca130088f8a617515bb40595a3c3c04eba51d5d7b66d65f90fa5c4b8e75	d8fd772bff16a2e42153d91f0a8f251a280abb9089bc9feeae792556ca59e6a3	342a694a81df1e1ffc581b9211fd2f0ade6f3fd3b3587928006c69f959d469d8	true	AXIOM-FREE	-	-	-	false
Someone.Seat.recOn	Continuity.Admission.Seat.recOn	definition	someone/Someone.lean	formalization/Continuity/Admission.lean	2703b7a004e0160c1ff9c76e3eeb1e8a83d79246d2c57a0f725247d935f4bd7d	32e4a4a71e0d0d6a3613dbd8b947bae3339f3e3f2fcdd1667c670bd5d828dfb7	0635e8fc85bfcd3c5b67bea41df8f9cd4e49281130d9b981f19d4fa78c23b87c	true	AXIOM-FREE	bd4736bf84fa06a9cc38f82b548daacd15a50f70e715c5d1ffefa3c91fcffb37	e9df4a94ef3f797088196556398f70d6d3496606637e137429042d16730f5e03	61ecddb7f9fc78cfd23c089c08bbd58da27388c1f36a830c453eeac693471c3e	false
Someone.Seat.record	Continuity.Admission.Seat.record	definition	someone/Someone.lean	formalization/Continuity/Admission.lean	4b65222dea6bc2ace382326cc8f82561f7af1c66bb008e4089877abd2a58858e	6adb2a93df4ecfc316f89f503ffcda49444125c5aa4d142567e89116c158bf8b	66ce1c3c245919a8dfc8bcc0145fb7cbfcdcec035fbf7c93a1457c2369a8ef4d	true	AXIOM-FREE	fbab12e7ab679be027fe10b1abbca6dbed8047dffd55868ba3693ded2a0d15cd	58ec01d3dc69cff831ef55d63bac5f0676d94a0c3fd33c3965555414aed57aca	a3f57bb333a34acbf0686c2199b216dbb4871c69807938e14d25f631193ac468	false
Someone.SeatWellFormed	Continuity.Admission.SeatWellFormed	definition	someone/Someone.lean	formalization/Continuity/Admission.lean	87ef31a1f99c52f148c250fe541bd5a06eede851f8dc4bec10ebde8ddbce288d	f754c6382480029c352f0d0e173df0c8b12c367f7bbe44c8643a2fdc2c91259d	642c39625f1e204f366abd2177a61131f19e5b929fd879ce60fae60cf2d364f5	true	[propext]	a4ad378591233f6012ae7219e61b8624fa96830ae5717c96740b7023b6b85ede	4f06c1e1f0ccac68122f0725862b478dcdc9cf6f3f9950b2341ef23bce2dbfdd	c1f3f196550072ff721cbdb8e86d59d03df61120d5e5a117d1a17c9141401c0c	false
Someone.SeatWellFormed._sparseCasesOn_1	Continuity.Admission.SeatWellFormed._sparseCasesOn_1	definition	someone/Someone.lean	formalization/Continuity/Admission.lean	83c946bb85a79f1768d052c8ea5f3a4c648a78708efb0047dd38a4b7395f4762	ff5f83fa807306c90d3cd6fa5941582cb396d1127b7a71768c0b44aa408d8ffc	e05d37bebc13dfd928be6534e33b1878634506636af8e9f55f181fefccc3cd93	true	[propext]	a822f80186f65f42a46f4df3588baa1b3491f29a44ff62d879d7db5db2ce28fe	3d6b10e81980f820ec54f32c82a3dbd0714716406845d1e0771ed79763dd5313	2c94fcff3480821a1196ecdb1d2113bf1900e6fed58e34bc709cdbc7963fe38f	false
Someone.SeatWellFormed._sparseCasesOn_2	Continuity.Admission.SeatWellFormed._sparseCasesOn_2	definition	someone/Someone.lean	formalization/Continuity/Admission.lean	aca3f336928800f0c885cf89379a3677249f9be9376effc71a081605b302606b	8bc9ee1b92e241d209355ac866e984f55b45331ac95c10ae266455b9634ccd6f	bd0cd042b29081758e81b929bf30f21de6ca1bc9822cfec3bd1f8f6e02d681dc	true	[propext]	ce933ccebd7b69505309e986ae14b65026c1f9c5d7b5cd7d1863fa1162726f44	fe471005acc0dbe73e40ba8740dc1e3f9b120c3ecac428a2f69cb4774de0c739	ada718e2d6c47a2c5d5c2811c11f2016609fd4ba5de8bd57fb2a9d798dd367a7	false
Someone.SeatWellFormed.match_1	Continuity.Admission.SeatWellFormed.match_1	definition	someone/Someone.lean	formalization/Continuity/Admission.lean	b414c5aee3b40ce29b5a601280fd85eb906f5e9d1f21503c38ac8adbc4733e99	cc95c1572f18a2563b1fa9a220f0056ed2d3f1e200c29fed7386a7ab5f663cca	eba12d6518752253b7b71b432f08d9b5b52efb70d028b9b075294bfd2b6fcd7e	true	[propext]	037e6d36f1e1a6bf27fa9f82ed2949a7a72404cc7757d4250173c06d5584fa46	e5ea33d534dded4c1f5e75b7788c14a103edec8d4074b9447329d657f10289ca	bd6c9eb30693f2afc092004b9d6f55af5b902ea1b1b6db8afd881026ce1a133e	false
Someone.SituatedPacket	Continuity.Admission.SituatedPacket	inductive	someone/Someone.lean	formalization/Continuity/Admission.lean	b4611575b2b62eb57ff8b514cf96bf01666158b035ac2fcc89065136260d1e05	b4611575b2b62eb57ff8b514cf96bf01666158b035ac2fcc89065136260d1e05	b4611575b2b62eb57ff8b514cf96bf01666158b035ac2fcc89065136260d1e05	true	AXIOM-FREE	-	-	-	false
Someone.SituatedPacket._sizeOf_1	Continuity.Admission.SituatedPacket._sizeOf_1	definition	someone/Someone.lean	formalization/Continuity/Admission.lean	552d9aaaed16241e04b4f9aab3d51db9b059044c152230f0b7677a3f9206eb3f	86020314b2892f871b2d95c13eae0174ec672ac5c6b572bbb7003442b37636cc	782abc5f901322eaf50ec4829eeceef76359d72bdc473f86fe9f9caca1d65471	true	AXIOM-FREE	c697f649390136e71cbea537bc18804201dd1a70dcb77b7fed0d2fc2408d0664	7aafc0ac8f1d59ddaf2596df049b44117362022db8b116015f16963d616db629	3ed81f60a4dfb1db19d60f821cf57153758a6e7a0d7416f856f4aba16d9b6b52	false
Someone.SituatedPacket._sizeOf_inst	Continuity.Admission.SituatedPacket._sizeOf_inst	definition	someone/Someone.lean	formalization/Continuity/Admission.lean	64c379123713450b40d2433c9554a766ee55babe7322979247039afbcec71ab6	3c0726c6978c53a84a7f4f102d9a678feff86a4fe2d30ee0d48599081fe50db3	64c379123713450b40d2433c9554a766ee55babe7322979247039afbcec71ab6	true	AXIOM-FREE	522ff00d28adef2b39c9beda922616e0b4e3a83c733f667201bd758542bbac4d	01127adecc1a8d034c4130d8e31b13ccd4af58e6e7fec6d59b7b54a087dc1c46	99ff02d0c29024bfe2eaaf69f4bd0f64486abcb321948baf289e803f87c45131	false
Someone.SituatedPacket.casesOn	Continuity.Admission.SituatedPacket.casesOn	definition	someone/Someone.lean	formalization/Continuity/Admission.lean	01c078efc8f0e2107f00d99ac666b4f0ab9d8ee9e3edaaa985073065d33895ca	b3c0c407442486aa075c158b34df172f1644b0e9adc10628772a6029dbd6c787	82fb0a0e80bd84668d792e79cf07cbb9788260b1f5615cc4552e2b38c3bb01de	true	AXIOM-FREE	0cb97c856d6d43be24a68651c910c72176ccd8dcaed47ff4fe3f369fa536548c	f1d86de08f75934f382f3cbef61dc88a94521aabc5c9c8cf428bcda96d40103b	49082e096b658da7e64f5d5f642f521b1122fac1e93c0f303324a0c2c6f1679e	false
Someone.SituatedPacket.ctorIdx	Continuity.Admission.SituatedPacket.ctorIdx	definition	someone/Someone.lean	formalization/Continuity/Admission.lean	552d9aaaed16241e04b4f9aab3d51db9b059044c152230f0b7677a3f9206eb3f	86020314b2892f871b2d95c13eae0174ec672ac5c6b572bbb7003442b37636cc	782abc5f901322eaf50ec4829eeceef76359d72bdc473f86fe9f9caca1d65471	true	AXIOM-FREE	3594e9e80a1e92e622438e7782d78cfa2fc50246321ccfe91848b96969dd3410	4b21bcb7bc4adade6f8f3e25f7bb61f0bda6b6e4dc90b9ac9ecf9b2917b912b0	468b725ce15be67d44a51a80521b2e70575baf3369dabb85c864fd9088fbd553	false
Someone.SituatedPacket.fit	Continuity.Admission.SituatedPacket.fit	definition	someone/Someone.lean	formalization/Continuity/Admission.lean	c2c9aca18c892cd0460b1e25328844b17b5c84efd40cc6a915e8d364f9fea04b	c0b7b7284c1d14b16a67b37f550510256f8ecda889505d5fcfa5cb6fe145a4b1	aada998498e3dc704ac070d736620c7ec9bf80911a2dce61ec4612c0878ef0a7	true	AXIOM-FREE	61a8a7d496f195a1d0627039801781374f9c34d331f5fd6a976183c53ee5b573	a47292b307e572795c71f8efd3cc5d256e73d29ddc9e21105bb0946c511d3d1c	6d59d9ce37f9c73c1f77d7669c1ba439e4dbba5b9c2fad3f219484947bb30e11	false
Someone.SituatedPacket.freshness	Continuity.Admission.SituatedPacket.freshness	definition	someone/Someone.lean	formalization/Continuity/Admission.lean	5174b3a000099dd3e46c01f7b833c23af2a507d7edc4ce11742b7d7ba252deff	5164cdc544d22fc690a2382a3ca927087b86a1bcf99d84c6f65d42a441a09dbd	36ee8024da9d8b5ca802b8f2ee6de11af94f97b5abc4140961d1234fb72ea959	true	AXIOM-FREE	8f0e420c67e96ab4cbc2ee28cb7e8a98d0367739a27288960a1c7d30dcd9b524	51a5c69f366e5058efbef1f7755fbbbe4a749d024fb174d075a85c5f894cdf0d	fc6eafd0668478e8e6c76f5e4c54786a235316a0f53fb0462e49459372a7d1ee	false
Someone.SituatedPacket.mk	Continuity.Admission.SituatedPacket.mk	constructor	someone/Someone.lean	formalization/Continuity/Admission.lean	0e1b1c0bc22f8a8e1188c0307890f0512a6427698643fe1bed93a110c585bbc5	390385a1d7c350110ee64c384ddca82021ea7e0a0a9710c864dc479f3d98a782	db7682402a1742a02768ff1d71553e9d29cb62f003df4212ae8d1e0e5ab98080	true	AXIOM-FREE	-	-	-	false
Someone.SituatedPacket.mk._flat_ctor	Continuity.Admission.SituatedPacket.mk._flat_ctor	definition	someone/Someone.lean	formalization/Continuity/Admission.lean	0e1b1c0bc22f8a8e1188c0307890f0512a6427698643fe1bed93a110c585bbc5	390385a1d7c350110ee64c384ddca82021ea7e0a0a9710c864dc479f3d98a782	db7682402a1742a02768ff1d71553e9d29cb62f003df4212ae8d1e0e5ab98080	true	AXIOM-FREE	57dcb9407482275c563afa95a11753fe3cf3feb02154e7cddfaae4577a974e45	2da387ce92721d46de9582a2094c9a6fa18cc0005b0764c82470906ff25678b8	76d3cd115318cb8da1d6f748b5d8aa8cec7856c53f8cc6b59e7c5651ebd3ae83	false
Someone.SituatedPacket.mk.inj	Continuity.Admission.SituatedPacket.mk.inj	theorem	someone/Someone.lean	formalization/Continuity/Admission.lean	dab9c3c0d5c265457ee77f011c2470182e06f17d49fb38e8d3c9da83a3f62820	a1fac49cfb889430ce709ab742656fc8e64ba541200820ca9f5415d48113a114	6bf4c57f32f6162f3b62a4c838c8e9ddc2e1eb3062443b27017ab98f1b1f8145	true	AXIOM-FREE	d21530bbd934af198e9c3401c7941ae47d67878cf5b6acf78f2d471702ba76a2	daac93c93896e52cda899d7fbf38f796e71aa626cc4990904febd36e596d6fa9	affeb7286e9fa6df23df8c92469948d426eea406cc78288bbee133a5c7a7558f	false
Someone.SituatedPacket.mk.injEq	Continuity.Admission.SituatedPacket.mk.injEq	theorem	someone/Someone.lean	formalization/Continuity/Admission.lean	7e3ea671f0f0cfc755eee927dfbcad70a2ae7787daba4f9a6fff506af70169d8	718968e09bbc92b3c6ae4e4e476ce7984fd7c92214a531d33ceea245a9aaa18a	fcc1c5b709bca5e774b4a5b1d64fb6d15137e85bed0d2a2186e87cfdc70837ab	true	[propext]	8f8914f2e59b2a67bd92a3eb84a7092ad6b7407758f0ef2169a591c812be12d0	ef0caa80572254f7cd804b06fe06a23c2c7a130907271b7b9178ce6276db8f9d	00e5cb7e18e07f13531b0f8e54cc480dcca4c7f033e41b8819a2d465dc75d1c7	false
Someone.SituatedPacket.mk.noConfusion	Continuity.Admission.SituatedPacket.mk.noConfusion	definition	someone/Someone.lean	formalization/Continuity/Admission.lean	c34dc674af733a087ea50a21a0dce4864801db7731b685245dda1d12b5d56ebf	10ad825e46db4f2b469e57323f7e8cbb315ed210d877805e76a539044b854d35	509935df41acaa473e9ed17b5792f6bbb11e8ca59648a4e7f48dd6e7c63056f4	true	AXIOM-FREE	7d04d944971d320fe3defefc4e0c6d911419c65d2b37ad04191f2be72bb7cfa2	12b6f0a22db357db4bf20af72fbdc77ec3c694bf32851c17688823f7a331abdf	bf4ec6f3de19283fe6045c0e7f8a1a10c052ca3dc48e8fa083002832f0913da7	false
Someone.SituatedPacket.mk.sizeOf_spec	Continuity.Admission.SituatedPacket.mk.sizeOf_spec	theorem	someone/Someone.lean	formalization/Continuity/Admission.lean	dc9ee0e31cdf1ca33ff79cdebd08e9dc6bb6be691e922fe23a11316c29869845	a18369c3fb48fdd80300bc09ae3ae26523117265d0b9fcc7bdcb63db9b41ac85	07c64b0153eaf69b845932687f2d462650b5c36e02aad8c43acc44473f1bdea1	true	AXIOM-FREE	8392f86e2c5c20669c164c56f4056c07b4092525c05dabdb563aff8e1dcdd745	153df628959f867701fb7bc8c67582dae8155a2f8b2f4e81b24e581ed56b342c	58ffed9e9f503356804d6ba1d81c60baad76cd044dfd72dd20965a679788fe26	false
Someone.SituatedPacket.noConfusion	Continuity.Admission.SituatedPacket.noConfusion	definition	someone/Someone.lean	formalization/Continuity/Admission.lean	61642a6e27d67d93abe996c1f7c93e3ff8a16df38d8416d3e588f2360d18bfb0	2827e6afc0146a3857f103383fe2db6eea3ee9dda65921faec9a35c9da5c45c6	04c6f7652b2b497c017adf43a909ff2e924bc905bf9d425d261b87a06f43b278	true	AXIOM-FREE	85d1d541e1ac6bcc24dc49f08f238167a019b3d0e83ae2e0e3ff07a5050daa6e	d8a940855187672379cce8c113821cf1743ef29699fee9035ae7166e929e4046	674ed6528474f89dc3dd28dd3dc0ab9aefba220190f8e003964387c6d8dda0cd	false
Someone.SituatedPacket.noConfusionType	Continuity.Admission.SituatedPacket.noConfusionType	definition	someone/Someone.lean	formalization/Continuity/Admission.lean	dd174e5b771896ddd825d0fcdbca72588d25eff6ed781e08eb0a03d367e6492f	bc7b7880f88bf30908709c9ff14b38428da1ef3a5e660021e914006677289c84	fd6722c6fc0ccb22a6fd80b5d7e91fb99520e63d8f012f2884410f45f3a46609	true	AXIOM-FREE	fd76a5b39fa26972e862ff8b55882c8b4d12a883ccf3e52d382e20e2b18e12d0	5e4624bd89755aa83fcd6d1721f1f77f84ba6b6d09c107d46932b62c686dcc26	473850a64315d3ce49bd54f00e145226aa5ee69ac0a74e34d8b447c14a7130da	false
Someone.SituatedPacket.packet	Continuity.Admission.SituatedPacket.packet	definition	someone/Someone.lean	formalization/Continuity/Admission.lean	f5fdc1480bd10a5ac70a29861c694416819b22a9a58a6b508cae3f9adeb07bd9	d253a2321dc271f979f9465059da8d7b42931f6a1a7ffcfa660d1aec01cd00ad	3f27a566c5de3a743ac8a843e62bfe21f50c1b2e19f33d5da3b9f93660e8da66	true	AXIOM-FREE	d5e90397d59b43183a282db1da700d75aa026293b14f167bacc2d59a108d18e2	f183cbaa57021057e5f9d0356dcc50641e4f4a56f15c7385df4567d760f1b90f	838054e0debdf5504dda8670030f0b324ab17eaffcf7d0fa5d26dabe7106ecf1	false
Someone.SituatedPacket.rec	Continuity.Admission.SituatedPacket.rec	recursor	someone/Someone.lean	formalization/Continuity/Admission.lean	958c88027291a62092aea22b08d0daba09cfaf932c8ecec0f314fb2546f956b2	63c0eac374aa861cd09b337b3d0700f8751e7a6d566460f439557f89a7cfc26c	e4a495b5f35221a8d02f91aef580b3eed3e1c9ef20dbc1d902b00acf3327fddf	true	AXIOM-FREE	-	-	-	false
Someone.SituatedPacket.recOn	Continuity.Admission.SituatedPacket.recOn	definition	someone/Someone.lean	formalization/Continuity/Admission.lean	01c078efc8f0e2107f00d99ac666b4f0ab9d8ee9e3edaaa985073065d33895ca	b3c0c407442486aa075c158b34df172f1644b0e9adc10628772a6029dbd6c787	82fb0a0e80bd84668d792e79cf07cbb9788260b1f5615cc4552e2b38c3bb01de	true	AXIOM-FREE	4ae321493a0a1592d3ef3884adc8cc63fe18c6d8b15f0ee3ec50163b9e6888b0	4c31def86ecd047bc6e384a216df29bf4e939543a8e97f38fd5c08dc475f9698	425e22d1c5ac9d00dc623236be0d736fc4e712d539d67d0a721d91935fb37170	false
Someone.SpineEvent	Continuity.Admission.SpineEvent	inductive	someone/Someone.lean	formalization/Continuity/Admission.lean	b4611575b2b62eb57ff8b514cf96bf01666158b035ac2fcc89065136260d1e05	b4611575b2b62eb57ff8b514cf96bf01666158b035ac2fcc89065136260d1e05	b4611575b2b62eb57ff8b514cf96bf01666158b035ac2fcc89065136260d1e05	true	AXIOM-FREE	-	-	-	false
Someone.SpineEvent._sizeOf_1	Continuity.Admission.SpineEvent._sizeOf_1	definition	someone/Someone.lean	formalization/Continuity/Admission.lean	f7710a0aa60af17af929ae5f6aae20865f61b998368e8659f67022fb7d819120	49b25377bc8d578c42271faf3cf1bd3e5aa829b68184e96f781b457f986121cf	54800de8fb8e2290c0893baf38ad25e213ca9adb28cb72621f290da1970ecc4f	true	AXIOM-FREE	0bb981fc60a68c665c5e0299933de8b7ff014d1e5b980b0ac0fdf78119f333bb	0b68d83713902909b6453b6e14c793ddb018163ff094d24ba6b4867e11af4814	cfc3131eaed3cf287b4787f9855ddeb3858ec163ba1bd149c7251630c907df8e	false
Someone.SpineEvent._sizeOf_inst	Continuity.Admission.SpineEvent._sizeOf_inst	definition	someone/Someone.lean	formalization/Continuity/Admission.lean	a5c8e1f0326a5cac219bde1abbfd19d86c8c6daa1d3994afe68789ceeb2c5b7a	22d2a559cae05fc9815ed9694118f18d30a45bdf4da8b9270629f6eeb3381d63	a5c8e1f0326a5cac219bde1abbfd19d86c8c6daa1d3994afe68789ceeb2c5b7a	true	AXIOM-FREE	40188fcd6aa3214e51bfb0ead5b5977396a3f5bc0db915709759de461a448210	6001aec0dfc9560362f8c8014f967707501a35c39c613d61293e6d14717428ea	33f9d172bcc545b3a085bacea654d96fbfc3f10a5b0e85d022296f32e7900fb0	false
Someone.SpineEvent.casesOn	Continuity.Admission.SpineEvent.casesOn	definition	someone/Someone.lean	formalization/Continuity/Admission.lean	979fdf73864b50d30dbefe6910387162adc03de995a2c74dc4d01425492828aa	f40dffe5b1558da968429a0f1f55012f8383806e6c3970ade0c31c0ab3cdc98c	45fa0cffd6be880e9e9c84d7e349927229f856355b2aecdbbe38658000875da6	true	AXIOM-FREE	9255c422cb7be267f183bb8a8bb3ff8b94432c25f9de1d36172983c22e1b7e4e	86f71e9f8c7e0a8a4c8f0e80412a823ae201f1ed89a4cd9611714b9b8ed17700	3e5b7c9bfa01a6eb0d10dd8f791e30b3877ab9dd76295be552ce450e633278e7	false
Someone.SpineEvent.ctorIdx	Continuity.Admission.SpineEvent.ctorIdx	definition	someone/Someone.lean	formalization/Continuity/Admission.lean	f7710a0aa60af17af929ae5f6aae20865f61b998368e8659f67022fb7d819120	49b25377bc8d578c42271faf3cf1bd3e5aa829b68184e96f781b457f986121cf	54800de8fb8e2290c0893baf38ad25e213ca9adb28cb72621f290da1970ecc4f	true	AXIOM-FREE	b962f2a7193edd7add03488088e1a6265805f99fbcf3640066bdcc7582835f19	b4320aaac28102ecf13545dbf492bd0762480ed4b936d2088d52e3a1967e791f	fe56ebe39dc92060080402dc69fea8369053562eb838d73a58d83066d2d70e78	false
Someone.SpineEvent.mk	Continuity.Admission.SpineEvent.mk	constructor	someone/Someone.lean	formalization/Continuity/Admission.lean	27a995d35a070ea5f4b250e56d6284ae5e75eb3805510eb3340479b109aaa630	69dfa6ace52a371a041c51ef6543cd6df3b9376ccdec3596262dd6b3c1b92bb1	2d18c365e3f96764de705912b47317bcbc133456b950ceafdacf54f1a3d17392	true	AXIOM-FREE	-	-	-	false
Someone.SpineEvent.mk._flat_ctor	Continuity.Admission.SpineEvent.mk._flat_ctor	definition	someone/Someone.lean	formalization/Continuity/Admission.lean	27a995d35a070ea5f4b250e56d6284ae5e75eb3805510eb3340479b109aaa630	69dfa6ace52a371a041c51ef6543cd6df3b9376ccdec3596262dd6b3c1b92bb1	2d18c365e3f96764de705912b47317bcbc133456b950ceafdacf54f1a3d17392	true	AXIOM-FREE	dcbd2a526c7c65bf6a63143137fb6794962e690c0b97955dfc688837392eeee0	eb8a1e035285753d6fbb5f09f189738e3247ca38a3d25fd0ef1d70107667914c	8f170a6d6e9a8413c66fe7dadbade8af2591d3b8b69d227e4be63b48510a8746	false
Someone.SpineEvent.mk.inj	Continuity.Admission.SpineEvent.mk.inj	theorem	someone/Someone.lean	formalization/Continuity/Admission.lean	960861b574a93bbcbc7863bdd3004727f1e5fd582b8baec9d0b47142d25d9980	79fbf8ea07a240b2b8e384112f1d5a782160f88b8482ce4f3b9ede65b77e60d1	56a758f5a2e02ad538833d6322f36a97cdcbf9e7a0749281c476b532e2831b88	true	AXIOM-FREE	9eb4587d37e8f95cdba833336812bc3ed1c21e555a0edd6ed9e8db02a4344326	89bad07ce2cf38a5551b06d0b124dafb8d662e3ba45fba972aac3d08e71d7827	337ec4fba1b0153c0a563a9e177f5d271649bfcad7313bf6834786efcae771f8	false
Someone.SpineEvent.mk.injEq	Continuity.Admission.SpineEvent.mk.injEq	theorem	someone/Someone.lean	formalization/Continuity/Admission.lean	589008fdf209da958fd8a1883f414bd07fdbb7beb6389e0cbef88d2e95c26707	bb11b32e283fa720a3ae76b61db34fd76ddb0d2301565f49b20c96cf8bf357e4	d6e901e24a56f02fb33c210bda603ee6474f152e07e64d10b5832048f35b3126	true	[propext]	ec2faca405024e80a1fca91fc41c7f8472713abbb53eb26827d29b3a705c7451	3955648066bf9fad73a5f69016c7dd501c288b73f6be0df097e2fe0bb5739ce3	275ec61d191de0df205e2548f43929cde2fe7347b151fd1169389d3a6c1949ef	false
Someone.SpineEvent.mk.noConfusion	Continuity.Admission.SpineEvent.mk.noConfusion	definition	someone/Someone.lean	formalization/Continuity/Admission.lean	41ed1e79420d37ad5c88c3646752912a881bcc12c85ec2b4c64240fc4dc21252	39ed2d9ece448174a3063c5a48be93ffdd5988468d998e11f9d711238c547388	04d5e245c7e3a64653aef916c85ceeb5974dae89cae2af70dcd126568c096f76	true	AXIOM-FREE	61062e33ccd3770cabd8b2b5a23c9a6d8d74acefd35a4a504465832a7a9341ec	d3bd213fbc21e88549a592535ef2adf94ca3b0d99ef2c9cddf68d942145a0074	a8dffce67d11f1615d3a3362f4ee03caf194618ba88b734966e48e647af2e7ba	false
Someone.SpineEvent.mk.sizeOf_spec	Continuity.Admission.SpineEvent.mk.sizeOf_spec	theorem	someone/Someone.lean	formalization/Continuity/Admission.lean	1541b2c241071c08e008ab6658b8fa3f8a4baed620378094955267c5bd22dae7	19c5f2136b3cff3feb6a1fcc5c53c0e2fb0b4e91b660fb011e68cece832779d6	31ffcaea783f59ee1a96048d7846be156ce2c45840ee0b8c9a6b0d58265ab111	true	AXIOM-FREE	654c72fc229809c863927180a4d60fe60c451a5633f9b23a9a09e84ad7963bac	f6b21c3be996b95a56389482a7690dc82f1565ecd7075f1583c192e8cee57160	2afb50758ab55cc1946a4dfa60b14557b8c61d8f32974b7132ab71977f20461d	false
Someone.SpineEvent.noConfusion	Continuity.Admission.SpineEvent.noConfusion	definition	someone/Someone.lean	formalization/Continuity/Admission.lean	049b2c37d6f23008ec9cb2b2b45f26d956445303e293c59827d28ed5f20716d1	00149cbe242fb291c731368e71e43442b4010c051c5213c48f7d823b2af07c5f	cabc041821ef0f6b3c694cceb86bbca7feed80b6c7e4abc5131cc869340e3760	true	AXIOM-FREE	3970368cba8794ed03ce118b571d4e025756c74e559e632877f7257220d7bb92	394cadaba81e6eac461369611b40357b5b001fd974d87c32aaf001331a10272b	6990b468115a0ac4cae136c1676a25e937081dd334eb6bf6968a40bfc00d4892	false
Someone.SpineEvent.noConfusionType	Continuity.Admission.SpineEvent.noConfusionType	definition	someone/Someone.lean	formalization/Continuity/Admission.lean	a6b5d6d61ee7a450af389f6822c7c2547a57bb2605e2446fc8e257d3c6908032	ec877d06cbce6375010a41beaecfb1aa309d65757ba0989e9fb3108f041ba8ce	a0c8da9ec0fc32c244b7d84d077367fb776e0d7a178a90f8959a0502fbe25f73	true	AXIOM-FREE	20e6e040fc50e773f86877c6d08bc2a14ae491abbdc2615183c928f7864bc627	fd0165852ea60fd6a16d683a5c7cbf11bbfec935a643b0a1bedf8be41fe3a18e	ab3e5cc5d89e1607156eed6d7ae94d045ec9869703799226096f571607ca0b63	false
Someone.SpineEvent.provenance	Continuity.Admission.SpineEvent.provenance	definition	someone/Someone.lean	formalization/Continuity/Admission.lean	bb31c154c845c08bb84d719872583bfd8afaafc42874e0ddc8f36a909b743c59	c683500c84cbdb1dbf473700f80842d185166e3434523a718d5aa358bacadbd2	6d6c54b82b2653c15be6c4f5514fc0f7d3d1d622c9edc1b369a311f61f48831c	true	AXIOM-FREE	ed783f51c6a464fa6da0c10e93cb6b17a015d0ae969e0e6bd4f17a08d418a98a	2c05a5e0cfc3fd107d809fe591378c32e2e47b555c5ef42d40b183f74910e015	029ae784917f52a529bb3d27a1f39e964a4ecfa5db465a22aece572db2fee7f9	false
Someone.SpineEvent.rec	Continuity.Admission.SpineEvent.rec	recursor	someone/Someone.lean	formalization/Continuity/Admission.lean	91586271e29962617982d6f14d85a13a23f90050b30cf5545d35119350f032ce	45e8195517296905c29e2823b038c1438504cc0284fcf998d9cb7bdb48bf979d	0aa89caebfb529df11f27b813b5fae205cbe3664bc824a9f24ec58439d619115	true	AXIOM-FREE	-	-	-	false
Someone.SpineEvent.recOn	Continuity.Admission.SpineEvent.recOn	definition	someone/Someone.lean	formalization/Continuity/Admission.lean	979fdf73864b50d30dbefe6910387162adc03de995a2c74dc4d01425492828aa	f40dffe5b1558da968429a0f1f55012f8383806e6c3970ade0c31c0ab3cdc98c	45fa0cffd6be880e9e9c84d7e349927229f856355b2aecdbbe38658000875da6	true	AXIOM-FREE	54a54a911ed7967e6040d528d57db110686a8b0ce5019b7a8d4cd4f2040c5c99	f25fc03010c4c3f9c0613236314aca0e9532c6f3131bc28c505564270cffd49d	50d35ef4a6144911be331cce9d5eca6b2466c94848dc1a238ac8fd43dd96009a	false
Someone.State	Continuity.Admission.State	inductive	someone/Someone.lean	formalization/Continuity/Admission.lean	b4611575b2b62eb57ff8b514cf96bf01666158b035ac2fcc89065136260d1e05	b4611575b2b62eb57ff8b514cf96bf01666158b035ac2fcc89065136260d1e05	b4611575b2b62eb57ff8b514cf96bf01666158b035ac2fcc89065136260d1e05	true	AXIOM-FREE	-	-	-	false
Someone.State._sizeOf_1	Continuity.Admission.State._sizeOf_1	definition	someone/Someone.lean	formalization/Continuity/Admission.lean	a1e92180d5894b47eddf3f39ea04af04816ae7d96a9afb2f348f84b64b1f07e2	babb1c57aece5dea98a525ce1156161607b0d43fdbfbfb8e23c4ffe90651aebb	cb3b5da20d16b51f7d020fbef2ca130f1e643f367be6abc6a0cb0c13da41163c	true	AXIOM-FREE	d19fb87526a07aafb30f55b14e811eeb7f6e6dc786a7f60ab09eb6da078715a4	0365d749cac94321c10091904af2a6a81eb4515cd3377747036855112ec2f6f5	04fbaf3cc6fe355206df4c1fd7b650dfc0893209e07c7d81e99e87c697fb9f19	false
Someone.State._sizeOf_inst	Continuity.Admission.State._sizeOf_inst	definition	someone/Someone.lean	formalization/Continuity/Admission.lean	0f7afa05fbb26e7e415dd24744554a9396c43799402edf776045bd4add68206b	5ad33869919db40983a9b5c51ac12b650d0ecc8bd8f4c70c9ea12c8be276323d	0f7afa05fbb26e7e415dd24744554a9396c43799402edf776045bd4add68206b	true	AXIOM-FREE	c766b8155afbca4755113c088ec29e1854e931331bdf81da12d46b1dbdfbf88a	dfdacafe077e61dc0887970eb171c51009b9d164694b4b4ac15a3d15e116f9d5	d4264c12b35317633b40e00cacc04edb68dc7167362770e9480bc42aaf824f36	false
Someone.State.admissionCandidate	Continuity.Admission.State.admissionCandidate	constructor	someone/Someone.lean	formalization/Continuity/Admission.lean	07e7ea173732fc36b0b1f2ff3a44433dc6a030e7c906cf59569e9634f230b209	f9f6ae4745859d924829f6d8d6e198fa6ba1b8d6eadc76c3dc48da23a5c1ba2f	07e7ea173732fc36b0b1f2ff3a44433dc6a030e7c906cf59569e9634f230b209	true	AXIOM-FREE	-	-	-	false
Someone.State.admissionCandidate.elim	Continuity.Admission.State.admissionCandidate.elim	definition	someone/Someone.lean	formalization/Continuity/Admission.lean	8b4b854aab070064cbd36abc73f8fc6b60d89f2fd4e13be4c80c50fb6a234e75	de739a792f69dac9d1cf0242d67f05059ddee39cdd79e12aafea558921c1e998	c7dd52a124efd6bf3625a4e39ec65497264e0183bb64d59727aaebbf19b96c3e	true	AXIOM-FREE	81b8f8326a3b1327172d7347877852da6fc087a9bc7835b0ebe4de38c2d3d90b	70e5d112883896aadbd73590f08e5592d23ee2d7bd258f9ccab8ae25941fcc82	76a505789d3f72d83f4080e8b3219e7179bc365c693a679903104d37034bb778	false
Someone.State.admissionCandidate.sizeOf_spec	Continuity.Admission.State.admissionCandidate.sizeOf_spec	theorem	someone/Someone.lean	formalization/Continuity/Admission.lean	4bf2db2148f1b23fdd929cf37143c7fa256fbaa1dd0ccab376d12afb93b9e974	f647a812151a4dcd3a7848c6ec42160521d55ce71a8656136318b98116ff2afe	a2dfed205957c201d8e496ece7edefa203d152c57031f1609e71301f2254c4b0	true	AXIOM-FREE	c3ce9e20e45db0ccb20faaab0c19785fa3f6fcf1aefeeef1c9aab9c83616c524	c3ce9e20e45db0ccb20faaab0c19785fa3f6fcf1aefeeef1c9aab9c83616c524	ae52979ae4bbde5815faba7c8ba901a974900786e16239deacf42c8e3045a692	false
Someone.State.casesOn	Continuity.Admission.State.casesOn	definition	someone/Someone.lean	formalization/Continuity/Admission.lean	7abc32d70649b459a5d8ce5b4ac7a24b2d9b58368fbc7dcab7ee901c8815926a	ee0529c0830d7fc012a6556a55863c66083de5c3818a0be72e8d7089fd2c15a6	2b05c58a08edf7759adaede6ef5efe9eb43b6845cb4c26e302678feb79ce923c	true	AXIOM-FREE	528b327fb3f75ca5cd0396bcf3fd02b8616a205c57519557499906397e70087a	e9890376eede3fb4e5a67b0d3434c684f4a522ea58da3aa9d96495ec727482f4	88a28545780afca837a4cb04775bcea51ac1da41003df61d3c3b8d3df4c46d11	false
Someone.State.ctorElim	Continuity.Admission.State.ctorElim	definition	someone/Someone.lean	formalization/Continuity/Admission.lean	450b0001c031112a815af9a3984c07df25e6450ef8bd1703a1a8a5b8af6cc1e4	7f8af4da3d03699832d350422c0d35812f62ce1353af95b83f4b7ac5a3e4d865	9b5bb0072821f2bf09155732c26c732dcd0b559c940b4fde4768be36bf7884a5	true	AXIOM-FREE	2c864fbafe3994433cb99a66fc025c4d5a0bf90bd7a351e5e9b421428e8f2fc9	69fe1d238c19bcf1fa64674779a99c6a73dc1269cb2f5ca78c0fbe95425da46d	8a9f094dd63ed0f827610c1de1a88bbd3815af077238b183c7bace7e5f884428	false
Someone.State.ctorElimType	Continuity.Admission.State.ctorElimType	definition	someone/Someone.lean	formalization/Continuity/Admission.lean	21e47b801d5cca90a1c940b5ec22150f749940f5e5f48ea3d95ceca42f6c5fb6	087f8ed348b96bc8eb4ce7309d230c7e76b193f153da8683a79b68148f4fd899	7e50c3446da0f346498b242b4e5c81fed58676e503db689c4ad9c28b44211cf3	true	AXIOM-FREE	0a9457b50f137784c95357e821a2ff5bf8aba79aad14c585179bb1eeb0e64de5	58d18220f90ce0e809f6336a903be9e922e492b6de6e1b5b5b9e883e7a968f7f	5e2799a4eb971fe8fd8344887ae892ac94ca304da8729c1aea456f6c12bd6c28	false
Someone.State.ctorIdx	Continuity.Admission.State.ctorIdx	definition	someone/Someone.lean	formalization/Continuity/Admission.lean	a1e92180d5894b47eddf3f39ea04af04816ae7d96a9afb2f348f84b64b1f07e2	babb1c57aece5dea98a525ce1156161607b0d43fdbfbfb8e23c4ffe90651aebb	cb3b5da20d16b51f7d020fbef2ca130f1e643f367be6abc6a0cb0c13da41163c	true	AXIOM-FREE	eda76b7bae2963d1bf561b313a850ff4b5016d81e73a3a17357db8cdb11cf134	fd86420b0329b82ca056b83ae1a95e4dc1e654d648a705e88fc99712fe5fa9f5	646f84615fdbc7628de953b5a0bdd2270cb9e99df33d5402a1c71d531daca5b9	false
Someone.State.forging	Continuity.Admission.State.forging	constructor	someone/Someone.lean	formalization/Continuity/Admission.lean	07e7ea173732fc36b0b1f2ff3a44433dc6a030e7c906cf59569e9634f230b209	f9f6ae4745859d924829f6d8d6e198fa6ba1b8d6eadc76c3dc48da23a5c1ba2f	07e7ea173732fc36b0b1f2ff3a44433dc6a030e7c906cf59569e9634f230b209	true	AXIOM-FREE	-	-	-	false
Someone.State.forging.elim	Continuity.Admission.State.forging.elim	definition	someone/Someone.lean	formalization/Continuity/Admission.lean	0b959b58b01cbcb98e7c76919f35010d54bd0e91faae54c8e74c119b0f44c5f0	070bfaee4a973b9ac584968979807bcb743ca9d762fc1d16670713839165b757	0ba9cddb206b07bab7881257b40f7b170059102228a626a2f0df988810d484df	true	AXIOM-FREE	159741f454dc28cbd33069ed0569286281f3ca1f4e3bb3729426994abb71acc3	a18b6018bebd89383357e517f09c7eb9ed7af6f3c3dca9c6f640da22b028ad5f	1d03f4b4131c932084e29a5a3644da0052a9a3378f7dedd33850f25fd8640b62	false
Someone.State.forging.sizeOf_spec	Continuity.Admission.State.forging.sizeOf_spec	theorem	someone/Someone.lean	formalization/Continuity/Admission.lean	16b7b7d575a0efa05b9827cce314d3bdc8762c89e0c04e2e254911a8587cc85a	9140f3159955f9f64ecb2fa2daa60322c87e29f213517267622e0cfa4025eee0	5cc217aa3285180213015fc111ecabbe74cbd12a46c9f826a6ca6ebdc4c1e57b	true	AXIOM-FREE	c3ce9e20e45db0ccb20faaab0c19785fa3f6fcf1aefeeef1c9aab9c83616c524	c3ce9e20e45db0ccb20faaab0c19785fa3f6fcf1aefeeef1c9aab9c83616c524	ae52979ae4bbde5815faba7c8ba901a974900786e16239deacf42c8e3045a692	false
Someone.State.named	Continuity.Admission.State.named	constructor	someone/Someone.lean	formalization/Continuity/Admission.lean	07e7ea173732fc36b0b1f2ff3a44433dc6a030e7c906cf59569e9634f230b209	f9f6ae4745859d924829f6d8d6e198fa6ba1b8d6eadc76c3dc48da23a5c1ba2f	07e7ea173732fc36b0b1f2ff3a44433dc6a030e7c906cf59569e9634f230b209	true	AXIOM-FREE	-	-	-	false
Someone.State.named.elim	Continuity.Admission.State.named.elim	definition	someone/Someone.lean	formalization/Continuity/Admission.lean	1a42876abcf5537e8122e192d021bc0dec66f8180e078db27271c3abd02714f0	226aeda734379653fcfc72222e2951e192b0a604d10594e915623f03fed927b6	d9a135645fb73e4cfb3ffa187a7b8eae768a0a51dd780bcf434fe815ed8dc118	true	AXIOM-FREE	302d07e3ba611beb76caecddbff11c9e5339777e2d510ccb501c0ad2d57e9e47	4b6d12e6f8df8394b4e884ec4917a8e3324cbba7b41a28c9d8d32198beef0aaf	18c7dcd44d4795bf188e5d9d89cebbe80155a09ac2f4b26f96ae22e0f08f6631	false
Someone.State.named.sizeOf_spec	Continuity.Admission.State.named.sizeOf_spec	theorem	someone/Someone.lean	formalization/Continuity/Admission.lean	965a5da06f051beb2f296ecf2cccf1cf8a950b2ad01432687c433ffe45ce4cc1	381f28ab5e1296230da75deeb3889e383ba5af6da1cb5bf2dcc266de6079598f	8a89eb49ed360f7b4bfb8acbe5689c9b38f0d31bfa37b418e13ddc099d6190c6	true	AXIOM-FREE	c3ce9e20e45db0ccb20faaab0c19785fa3f6fcf1aefeeef1c9aab9c83616c524	c3ce9e20e45db0ccb20faaab0c19785fa3f6fcf1aefeeef1c9aab9c83616c524	ae52979ae4bbde5815faba7c8ba901a974900786e16239deacf42c8e3045a692	false
Someone.State.namedSuspended	Continuity.Admission.State.namedSuspended	constructor	someone/Someone.lean	formalization/Continuity/Admission.lean	07e7ea173732fc36b0b1f2ff3a44433dc6a030e7c906cf59569e9634f230b209	f9f6ae4745859d924829f6d8d6e198fa6ba1b8d6eadc76c3dc48da23a5c1ba2f	07e7ea173732fc36b0b1f2ff3a44433dc6a030e7c906cf59569e9634f230b209	true	AXIOM-FREE	-	-	-	false
Someone.State.namedSuspended.elim	Continuity.Admission.State.namedSuspended.elim	definition	someone/Someone.lean	formalization/Continuity/Admission.lean	5d6ed4de62969d36060ead02ae082db0e949520674e04b5d7d4aae0b3233d1fd	5c69e092301d634fe9355e04a3fdbf537758b0298c6ee1761ac79e47ef295a58	b3ee7751954c7ccdd9e266aad9055f783a70e4455e3586bdde9d6d480e5ba8a2	true	AXIOM-FREE	62283bbd39845809c9f09869bae7c80f91ffcc0e8b0f1a9751d40feee5a3dabd	b677e19ac79ecd990f92f319b4f6010bb8a89ec5f1bb8826fb9eb84e1bb2b275	5bbc64588f1014fcc162bf2d021929ff3d74f3ffdb108ffac5c3bf8ee0b1b23d	false
Someone.State.namedSuspended.sizeOf_spec	Continuity.Admission.State.namedSuspended.sizeOf_spec	theorem	someone/Someone.lean	formalization/Continuity/Admission.lean	e35ca503c9c35e4ba4775f54bf317d926768898634b2d9e5c7eb8c8af81f5b40	dc10a0f99694aebda93d8db5d869b8adb030050617a1859a08ab87b906f3f9f7	b370cfc503a2798ce9e15bd0bf7c8b717e121f631394c00fb932a5db422b894b	true	AXIOM-FREE	c3ce9e20e45db0ccb20faaab0c19785fa3f6fcf1aefeeef1c9aab9c83616c524	c3ce9e20e45db0ccb20faaab0c19785fa3f6fcf1aefeeef1c9aab9c83616c524	ae52979ae4bbde5815faba7c8ba901a974900786e16239deacf42c8e3045a692	false
Someone.State.noConfusion	Continuity.Admission.State.noConfusion	definition	someone/Someone.lean	formalization/Continuity/Admission.lean	f231e4449218c91336d1cff08e9e1235c4031bc966ee5334f7da03a9beb6c44b	64f4b1c2124097668599da52ea549c4eb985ddd7151a6a41f859693325e2c4d0	6ec248d0f9bd17cf3b8197f8e81782eb0bd74daf803407fc01f4c1ba1628e300	true	AXIOM-FREE	03795fa323c263ef9d161a55ef3afb888b3a709c8a189fe96f4ab09ad12f1bca	9049e0affcc7df2e93565d73d2e070f98b00205e92062c5a5afad4cbc71df99d	b6e41c7c0ab5ed440bc3640ed796334944faf2de13471891c1d5db70358ffa3f	false
Someone.State.noConfusionType	Continuity.Admission.State.noConfusionType	definition	someone/Someone.lean	formalization/Continuity/Admission.lean	35b9ca49d842a5fa9a15a37ac51052a1ab9e21c0a7db8482981084ebe8af200e	a9d792cf0d8e22a38c1c8ba9a8979c67b01f6f6bb19cc4cbd079ada12337f2ce	a44a3dd35c12b89f3dd9df43b7e64cee58d9958c53ac59742556c8d6d41f5c22	true	AXIOM-FREE	d340387b86a4ad79d8a75aa3fb7ba9a016943842b57d7366c88673342c3e9ba6	6bfa1bc785b550ca444841540189a8d23639de09706293b538db2d0c2cfb97f1	391c27adaddcd85ef845fc63c7b5bfedb1ead5ad581a714623f122333b8d002c	false
Someone.State.ofNat	Continuity.Admission.State.ofNat	definition	someone/Someone.lean	formalization/Continuity/Admission.lean	f53dfd5670624a9221a965c6e1a5ebae84e7aee2b55fdbdc085228161ee4302d	f26817efa3a8a5d2aa31ad8f5bf95d312580d33d84b07ea68d6be1b715babe72	e1a81914fe53913c3aad20e9b5ab1ec664f92ee86d2321389f3ad67d4b6b1f7c	true	AXIOM-FREE	1148447be95936af39e3530fbf31a3750d38e5d04645ffd61d08a60f3453429e	ed37c15023e50c56d1c2ae790093cdfb2970fb37b2599540f2089f0e238bab07	b722cbd0ab49a8183a73f10f18f8adebcb8b86578e709398abadd00df0978b0d	false
Someone.State.ofNat_ctorIdx	Continuity.Admission.State.ofNat_ctorIdx	theorem	someone/Someone.lean	formalization/Continuity/Admission.lean	65dc28e137a185cbc348a4902292de43ab47db84ec5c363885836165afd26d05	287506c656c1594b0ceebd8e09283f932981ad780acba93ecad3d6360b5793f2	36b3911ba3ff038cd603a68db00f82265b7e58bebedb4a26405b95d07b8b2245	true	AXIOM-FREE	a63868f7f342ba3f7aa5b6f52f4dcfe0d92a36273857ad02ee096738da2338e3	97b44b74c8629966b99bcd44723aedb804a58c3320e6431f2fda9069a4abf2ba	c18cd83b7447322f95797858d39e7e52b18c6d46277b56868b66bc3900ca4c4c	false
Someone.State.openScope	Continuity.Admission.State.openScope	constructor	someone/Someone.lean	formalization/Continuity/Admission.lean	07e7ea173732fc36b0b1f2ff3a44433dc6a030e7c906cf59569e9634f230b209	f9f6ae4745859d924829f6d8d6e198fa6ba1b8d6eadc76c3dc48da23a5c1ba2f	07e7ea173732fc36b0b1f2ff3a44433dc6a030e7c906cf59569e9634f230b209	true	AXIOM-FREE	-	-	-	false
Someone.State.openScope.elim	Continuity.Admission.State.openScope.elim	definition	someone/Someone.lean	formalization/Continuity/Admission.lean	d2c7d1375c20e512ebf6db279e1919a57c629411370d6ea4a8a82cf781eb3f49	1ea6b76c93113f98f546b8933df34a3db908d4ab4d2619372e9bcd5df50a86fd	2a51d279c00eeeb1fa11089ce3dd39b8209110c86d42ff9142a0a686a4bd0cda	true	AXIOM-FREE	aaff6a008d2c4259a4d6eb17dfad92df7913a735a2b39c24eb42351c666dd136	0a8cfa1def743cb77bafd16fd6977d894899a51aa293eb2beeb9908ac1181cb0	ce6e0cde64efc55d9f9f25a048c4debaed2c8df678c72ec1d1fb09aec1deb607	false
Someone.State.openScope.sizeOf_spec	Continuity.Admission.State.openScope.sizeOf_spec	theorem	someone/Someone.lean	formalization/Continuity/Admission.lean	617e61d1f3951e57e077d1523a82195e31772e9a3c3325804635bb11f6bc4e6c	ee61e3bdfb1ceb42ed9015b51720fc369b86d23b847abcbac3e9bffa877abaad	91793354d550457f8793fe68f4dfcd1da09b5cb355c67d7437cec9a05d747e53	true	AXIOM-FREE	c3ce9e20e45db0ccb20faaab0c19785fa3f6fcf1aefeeef1c9aab9c83616c524	c3ce9e20e45db0ccb20faaab0c19785fa3f6fcf1aefeeef1c9aab9c83616c524	ae52979ae4bbde5815faba7c8ba901a974900786e16239deacf42c8e3045a692	false
Someone.State.rec	Continuity.Admission.State.rec	recursor	someone/Someone.lean	formalization/Continuity/Admission.lean	ec74b6a20321f6432cda6ed8797a3ad122c781d0e1653a2a26fa85b8d77eb44b	4275e5c7e91d80f72b1ed8082a636e8b6bbafcf1ddb6770ce25c51ed2f357588	a3eab0dd4e5625b8ec44c25ec2ff63fbc0366a30b449540158314514f4e27d59	true	AXIOM-FREE	-	-	-	false
Someone.State.recOn	Continuity.Admission.State.recOn	definition	someone/Someone.lean	formalization/Continuity/Admission.lean	7abc32d70649b459a5d8ce5b4ac7a24b2d9b58368fbc7dcab7ee901c8815926a	ee0529c0830d7fc012a6556a55863c66083de5c3818a0be72e8d7089fd2c15a6	2b05c58a08edf7759adaede6ef5efe9eb43b6845cb4c26e302678feb79ce923c	true	AXIOM-FREE	528b327fb3f75ca5cd0396bcf3fd02b8616a205c57519557499906397e70087a	e9890376eede3fb4e5a67b0d3434c684f4a522ea58da3aa9d96495ec727482f4	88a28545780afca837a4cb04775bcea51ac1da41003df61d3c3b8d3df4c46d11	false
Someone.State.surname	Continuity.Admission.State.surname	constructor	someone/Someone.lean	formalization/Continuity/Admission.lean	07e7ea173732fc36b0b1f2ff3a44433dc6a030e7c906cf59569e9634f230b209	f9f6ae4745859d924829f6d8d6e198fa6ba1b8d6eadc76c3dc48da23a5c1ba2f	07e7ea173732fc36b0b1f2ff3a44433dc6a030e7c906cf59569e9634f230b209	true	AXIOM-FREE	-	-	-	false
Someone.State.surname.elim	Continuity.Admission.State.surname.elim	definition	someone/Someone.lean	formalization/Continuity/Admission.lean	3cfd6b5b444a1c5b4ee5772387b6c39ab290ae01e83d9ee40063d8a637daf023	1b07a6a5a48bbcbd3400df5c90e60b88b9286ab41b262915d1e03f5723b7d12a	869afef1d0dbd9cabbb4ed21191f2e9fc90af11aca5c3d9048875fbb4182d5b2	true	AXIOM-FREE	59e78f4a2e0cae76661c26e7b5b58985d4a346039cf325bf2b036f782fa23836	3e0ee8247668ccb24f585efbcdb91c94119e29a0b2b34cbf6d4c0cb3d79ccd6f	af59be96917760651a02089520a493931feb01ff1734efea11c4e2021504087d	false
Someone.State.surname.sizeOf_spec	Continuity.Admission.State.surname.sizeOf_spec	theorem	someone/Someone.lean	formalization/Continuity/Admission.lean	fc7f6b3b6eb19217bf9dedcd8ebee62c41b5043295c5529c5294c8cc01145352	3f22438cbcc464fe6372f966516f132ed47db65aa6d51dee4a05d2ee99b62316	cfebd217f9fa281451f86c8a8b287c1e13d4582ee519ab49c96b99e892f125a3	true	AXIOM-FREE	c3ce9e20e45db0ccb20faaab0c19785fa3f6fcf1aefeeef1c9aab9c83616c524	c3ce9e20e45db0ccb20faaab0c19785fa3f6fcf1aefeeef1c9aab9c83616c524	ae52979ae4bbde5815faba7c8ba901a974900786e16239deacf42c8e3045a692	false
Someone.State.toCtorIdx	Continuity.Admission.State.toCtorIdx	definition	someone/Someone.lean	formalization/Continuity/Admission.lean	a1e92180d5894b47eddf3f39ea04af04816ae7d96a9afb2f348f84b64b1f07e2	babb1c57aece5dea98a525ce1156161607b0d43fdbfbfb8e23c4ffe90651aebb	cb3b5da20d16b51f7d020fbef2ca130f1e643f367be6abc6a0cb0c13da41163c	true	AXIOM-FREE	40f264596742f8299e2ede76d78bdfeadd2853bdc56cb4574239ca54eb0a5562	7d8fd55f7da54ebebec47eadfcb47ba5c4976b81e201628fd21864c1c8bbb00a	40f264596742f8299e2ede76d78bdfeadd2853bdc56cb4574239ca54eb0a5562	false
Someone.SubstrateFit	Continuity.Admission.SubstrateFit	inductive	someone/Someone.lean	formalization/Continuity/Admission.lean	b4611575b2b62eb57ff8b514cf96bf01666158b035ac2fcc89065136260d1e05	b4611575b2b62eb57ff8b514cf96bf01666158b035ac2fcc89065136260d1e05	b4611575b2b62eb57ff8b514cf96bf01666158b035ac2fcc89065136260d1e05	true	AXIOM-FREE	-	-	-	false
Someone.SubstrateFit._sizeOf_1	Continuity.Admission.SubstrateFit._sizeOf_1	definition	someone/Someone.lean	formalization/Continuity/Admission.lean	85d5f03244a6d782b92ad9812806cb95516789b0faa4113177fd8112cc13c9dc	61d767c4283422335bf2dbc7baf3f937f38946625b8a9fb672eb49130133a53b	a2a2fb4376eb4d4263e1b208570f5688e2d0f596f1cd1df70e7a6b9d6fcce348	true	AXIOM-FREE	f5d40f7b3fbdb29d82379c64e4882cb3e0cbddc4fa442fe78f55d041e3f45cce	8385a1001cb58f2683aa4dd28fc25aa33fd62466200666d484541073726086d5	f816dcfdc07938ad6c6a7722571ba3703e53c5e55ccc5071787afc24abf60b7c	false
Someone.SubstrateFit._sizeOf_inst	Continuity.Admission.SubstrateFit._sizeOf_inst	definition	someone/Someone.lean	formalization/Continuity/Admission.lean	4dc9251f3d5697599e07d2585fda7b565d1291cec68ce7923c3fd6c58953ea4b	54c56f83c87fd680c2ffc321384bdac9d49e10a79b5fbb4dd9edca2345ed141b	4dc9251f3d5697599e07d2585fda7b565d1291cec68ce7923c3fd6c58953ea4b	true	AXIOM-FREE	da7efc73fe5a5d5d7c8c3fa3989770853dca4905818dfcfa10c20b583e2d367b	18d382a4a9b10e169429524ee320d98efab4515687dee5654be7545217f2e1f2	109bb35919b753a7fb471272f76b052225466d1476631de3f0301e3f1f1d481c	false
Someone.SubstrateFit.casesOn	Continuity.Admission.SubstrateFit.casesOn	definition	someone/Someone.lean	formalization/Continuity/Admission.lean	5a468f254573a121bdb704802499a9034bcee0146d81064d1afae560c9dce86d	e3105dea922bd31d97280f3dc2108b958bad8b0830966c82504f9d525edeab9b	b51adf64b8dadf120f6e796edae98aa9ca1c9c307e4e36655f0f8a65ab2cf700	true	AXIOM-FREE	76b0d5015e2bbf92c5ac24f72a51e46fc236153ddf70958581aac4691a28f704	a4c1ec289bb79903b314f8cc571e12a0b72651706c5abb7b466c892d16a00d2e	4c233284e47fe48eff0fe7054e53ae69d46d722991984dc57658bdc302ba33ee	false
Someone.SubstrateFit.compatible	Continuity.Admission.SubstrateFit.compatible	constructor	someone/Someone.lean	formalization/Continuity/Admission.lean	75a21747b81b4665dea34a0f2ad694cb722ccf35b11bb5f71283f6af1bc65a85	301e36bde27226d77955466682ffc125cc8a5655748fc417e04c3194f09f6f32	75a21747b81b4665dea34a0f2ad694cb722ccf35b11bb5f71283f6af1bc65a85	true	AXIOM-FREE	-	-	-	false
Someone.SubstrateFit.compatible.elim	Continuity.Admission.SubstrateFit.compatible.elim	definition	someone/Someone.lean	formalization/Continuity/Admission.lean	ce7bfd3aab9620c85b8486a31130a9bc4e1dfcf4a38b4beb2f9bd280562d447b	1898181143dbfb256c9553aac11d4048382b7832933737194b576be720535a95	266a35cfd27deb358445eda1a17fec7221463f37b48d5e360f1ac6742b6db03c	true	AXIOM-FREE	7b69ed5227746153f1b7dc29b3184f7f8ac8d9ceec6faf3a8f202f0a33602e9a	3bbcef93f01cf81d05061a41ddaae5adb9b122152139841f846b7d14afae4016	83cf2fcb603aaf9ca409178e7305638863ebb6f2f453478b41adaa9bcf85d710	false
Someone.SubstrateFit.compatible.sizeOf_spec	Continuity.Admission.SubstrateFit.compatible.sizeOf_spec	theorem	someone/Someone.lean	formalization/Continuity/Admission.lean	021bc957e59772d08fb94537c9f234f57affda7c84801a9aff08fe9535cfe76f	62de822abeed2991cbcf000a344dd0edc1f3938402eb531093b764db55004ca2	cc762923ff1affeeb3bf6866013f89d2c47838482b1c262ed529214517cfa4f2	true	AXIOM-FREE	c3ce9e20e45db0ccb20faaab0c19785fa3f6fcf1aefeeef1c9aab9c83616c524	c3ce9e20e45db0ccb20faaab0c19785fa3f6fcf1aefeeef1c9aab9c83616c524	ae52979ae4bbde5815faba7c8ba901a974900786e16239deacf42c8e3045a692	false
Someone.SubstrateFit.ctorElim	Continuity.Admission.SubstrateFit.ctorElim	definition	someone/Someone.lean	formalization/Continuity/Admission.lean	5d2951bc04813c8afc8f6532d696d0f320510bffbd8144babc13f28a94bf007f	1f83871d4a19552bd37e24752621aefbd225276d49f5cd412a7014507ef6ebb6	2bd1100ea2a3f0f57ff940eb8d963fc3929694d41e3602346c6e333299d04e22	true	AXIOM-FREE	0ed1adb27f82ee71e4eb616f6984660012792f97577a03a83f1322c3db1fee54	ff58ecb80b731f8cb51d98561b03828c91ea3c7f70cc4e2bdd3fec9ea7156b85	e1ccfb87ab4671c9275ea2df85ef2e6dc9d4fde466890682ed9fa5bd325bdda4	false
Someone.SubstrateFit.ctorElimType	Continuity.Admission.SubstrateFit.ctorElimType	definition	someone/Someone.lean	formalization/Continuity/Admission.lean	2eab2ac87f829d2c8eb9c784ecd2d14d57f6523ea35043d3d0a562a7ca3e24ba	02b5c204c1c0494459f22c33e37a670b6dbbe89c54c5d5b7630b75cdd07cf188	1c041feeba419794602104d8906301f2c2be82dc2ff331fe35740a3674ec2275	true	AXIOM-FREE	0f6621d1b99bffcefde569580679f5409c601735fbe7e876c7a700ce8308540e	1bd8d2b2b343847d671e7aa250bd07b532aa79e744d2e13b8e0a4770fb358e37	f3a732b8f09a2f719e86aff3374637d00ebc1891312b14f0d25435e2ff122f17	false
Someone.SubstrateFit.ctorIdx	Continuity.Admission.SubstrateFit.ctorIdx	definition	someone/Someone.lean	formalization/Continuity/Admission.lean	85d5f03244a6d782b92ad9812806cb95516789b0faa4113177fd8112cc13c9dc	61d767c4283422335bf2dbc7baf3f937f38946625b8a9fb672eb49130133a53b	a2a2fb4376eb4d4263e1b208570f5688e2d0f596f1cd1df70e7a6b9d6fcce348	true	AXIOM-FREE	1ac128f8d321d89dc2ef1b18b550e4583426d660bca8dce2d6bf5308e2058802	2f26d8ef977fedd617419a0b5635e99f318d21edcc788df131a76358ed79a3de	e0ab54e356f9db6f64467ee140178c6f6e0ea62570c76db9501bb322dea50892	false
Someone.SubstrateFit.drifted	Continuity.Admission.SubstrateFit.drifted	constructor	someone/Someone.lean	formalization/Continuity/Admission.lean	75a21747b81b4665dea34a0f2ad694cb722ccf35b11bb5f71283f6af1bc65a85	301e36bde27226d77955466682ffc125cc8a5655748fc417e04c3194f09f6f32	75a21747b81b4665dea34a0f2ad694cb722ccf35b11bb5f71283f6af1bc65a85	true	AXIOM-FREE	-	-	-	false
Someone.SubstrateFit.drifted.elim	Continuity.Admission.SubstrateFit.drifted.elim	definition	someone/Someone.lean	formalization/Continuity/Admission.lean	d28d3a21e68c650504c0c032c6bd72b3abd08632287a9748cdc6a390057e3bb0	2ed85957f2f24acee75f6e1ea7c6e78fbc8d45a6784f74f17829cba1a24e64d3	e427c76dfb75a8803e7cb97594a6c544051c69d0bb6bc84ee824bf02ffc38504	true	AXIOM-FREE	7157dacfb9966fd13b795eac59bdc05961e123c4cda1c2de0b4642e5d0b62b2b	823ace2da517085f0f0a4b7b56b7418fc5216408a50f594c27f10d27c71a816d	82b0d43f5f5ccb08a3d2f27a1761a4a4beb9db515c693bc3445d09be1a0adc0b	false
Someone.SubstrateFit.drifted.sizeOf_spec	Continuity.Admission.SubstrateFit.drifted.sizeOf_spec	theorem	someone/Someone.lean	formalization/Continuity/Admission.lean	112bb587d71a309f4b3368674bd11436be0fb668786a7b1f5746daf37d056540	f239be08cc802533ea4c95cad29f149fa0aca29bc4170e7efea0ac492a56e61f	d6b9dcbf681ab5973bd5c8490a7cc3b3cce1e090e7198f7b64e2d8ef8c21cbd4	true	AXIOM-FREE	c3ce9e20e45db0ccb20faaab0c19785fa3f6fcf1aefeeef1c9aab9c83616c524	c3ce9e20e45db0ccb20faaab0c19785fa3f6fcf1aefeeef1c9aab9c83616c524	ae52979ae4bbde5815faba7c8ba901a974900786e16239deacf42c8e3045a692	false
Someone.SubstrateFit.noConfusion	Continuity.Admission.SubstrateFit.noConfusion	definition	someone/Someone.lean	formalization/Continuity/Admission.lean	a52c6ad46ebcfd7ac5fd351c28f1551db3796903276a407eb28a923f7e4b7c0e	d836e0e1f6db88702735a5a58f1e394687fd8d0c6633edb8da5091668ab8b319	d9c8dbc0909e3cdf0da3709de909421b4b8c4796ee55304ec36f021f7d759026	true	AXIOM-FREE	b01b6d9734268184d953aa5131047fbc456582613fbc4533b7839eb60f64130a	df339e8f119f2f2375887d8f72b36e7e5ecedc465c9991cb3e9f301f6219a253	6b353e65d21c2c4d2973e8fcb4c959cd8d83c4c54d7990ff766b117502cf5a72	false
Someone.SubstrateFit.noConfusionType	Continuity.Admission.SubstrateFit.noConfusionType	definition	someone/Someone.lean	formalization/Continuity/Admission.lean	c52a5698c588868e631bd0eee55f23fb4e761368e7e108b0590cabb21c6b7f11	63d460eef9daf759137873f6e2c1cd824c07a758d1b2655b7c518ea58ff11de1	ff4c2a8325be9d09e0b39b39237b16da363d5e12db80e81e907de4fb1f82a4bf	true	AXIOM-FREE	2dc4694b7408433fe7bc5c3623c2aaf42cdc5a7745b01fe9a099193b8262e9dc	2815998c1e894b45660c99ba7e22a3f5612cee3082eae1e813010f648c9ecfcd	1198ca486732dc53de8804cd6f1a260410b9d43226bfb45b17c4a1ff584436ac	false
Someone.SubstrateFit.ofNat	Continuity.Admission.SubstrateFit.ofNat	definition	someone/Someone.lean	formalization/Continuity/Admission.lean	9c38a2baf81c860709eb3d6cf92ce12a9ca78424b40b684b0c62e1ac9f693b0f	9aa628111a5b0c4ad43cdb7b63055201db8cbe26cf684f2bda2e80d903a3fe65	c445595cd282196965a133a54db4ffa0d3fc98a2b6706bc536ef3e567329632b	true	AXIOM-FREE	1f9bfa5cfb3f732768d3a35048ee37da0c952a549bc15bb84ddbcde501325e0e	0a1924e16503c70734d6ccd7e2c4a0a1c5edde2833c838beada4e0e265e0c912	ad70119976835a76e36907898cb361fdb4df8d53aa411bf1cca3075bafd52fe0	false
Someone.SubstrateFit.ofNat_ctorIdx	Continuity.Admission.SubstrateFit.ofNat_ctorIdx	theorem	someone/Someone.lean	formalization/Continuity/Admission.lean	3747a7edc84d6df818aeba19532cea2c5a221feb933a8bebba4490e3afa9872d	e181b791b8b70d3fd5d823bd3ad0523239818bdfc38c0b89b3aa4729c784471c	cbc4020eaa8be5a92ec13566c3657614433bcb7825ef920047ecbb8b32890d3d	true	AXIOM-FREE	22f76b387e178de5c44a29c1b405c3fc453656ab9128aff83aebf432501e7f25	8ecc34ffd138d3d2fa8c0c874ba512fae736d2bfa08cc4e880b136fcd67ff682	b1439e930708ea52e20b1c6567a0588bd58078c0b70fb5a3520d06cc8d6e01bf	false
Someone.SubstrateFit.rec	Continuity.Admission.SubstrateFit.rec	recursor	someone/Someone.lean	formalization/Continuity/Admission.lean	060286bdc2783aad437b019947ca3bc32e8450d401d0b06140b544eb8a7e20cf	328d078559a54951c45c2b54b092013730e79c1eb15f34e59934bbd73fe2df98	8f5dbc9c80033982ef1fff736807b10fcad1f113515a9ab4006c49b187dea6cf	true	AXIOM-FREE	-	-	-	false
Someone.SubstrateFit.recOn	Continuity.Admission.SubstrateFit.recOn	definition	someone/Someone.lean	formalization/Continuity/Admission.lean	5a468f254573a121bdb704802499a9034bcee0146d81064d1afae560c9dce86d	e3105dea922bd31d97280f3dc2108b958bad8b0830966c82504f9d525edeab9b	b51adf64b8dadf120f6e796edae98aa9ca1c9c307e4e36655f0f8a65ab2cf700	true	AXIOM-FREE	76b0d5015e2bbf92c5ac24f72a51e46fc236153ddf70958581aac4691a28f704	a4c1ec289bb79903b314f8cc571e12a0b72651706c5abb7b466c892d16a00d2e	4c233284e47fe48eff0fe7054e53ae69d46d722991984dc57658bdc302ba33ee	false
Someone.SubstrateFit.same	Continuity.Admission.SubstrateFit.same	constructor	someone/Someone.lean	formalization/Continuity/Admission.lean	75a21747b81b4665dea34a0f2ad694cb722ccf35b11bb5f71283f6af1bc65a85	301e36bde27226d77955466682ffc125cc8a5655748fc417e04c3194f09f6f32	75a21747b81b4665dea34a0f2ad694cb722ccf35b11bb5f71283f6af1bc65a85	true	AXIOM-FREE	-	-	-	false
Someone.SubstrateFit.same.elim	Continuity.Admission.SubstrateFit.same.elim	definition	someone/Someone.lean	formalization/Continuity/Admission.lean	b85201ef003a06d08c8a74fa3cc8dd5900344b8c1b80b3d9bdf72e4aeb54ce37	fcf7aeec56f1b8100e02ade25c350fb98df3c35389883d999ef9247e0d8d85e0	354265566dc3e567b4efd05553f8ab9222b8916409f1f5bfc9fbc99278633bfa	true	AXIOM-FREE	0f72361da4e99e628fc6162aad516cb6afe33aab8f85be61fa5b5b7f0066ae31	b6b81ce55feeb3ea732458058a63f959c3c53164d19afb1788292a7270a0e835	c4b416de5091f2ef6d958e3f21265a79fa833126ad5d5f9d76843b840cd49fac	false
Someone.SubstrateFit.same.sizeOf_spec	Continuity.Admission.SubstrateFit.same.sizeOf_spec	theorem	someone/Someone.lean	formalization/Continuity/Admission.lean	c678047a24ddb41c289a78739a25aaae824f32ff0fe9307fe6254fbdbc1b6526	d5ca533f9c7e065bf4f5641478492e3e186a59c648f1574f128c779d349d211b	1f60241a4847e767eb09cda769df4ac0760dd3328fac9fee5722cd5e26bca44d	true	AXIOM-FREE	c3ce9e20e45db0ccb20faaab0c19785fa3f6fcf1aefeeef1c9aab9c83616c524	c3ce9e20e45db0ccb20faaab0c19785fa3f6fcf1aefeeef1c9aab9c83616c524	ae52979ae4bbde5815faba7c8ba901a974900786e16239deacf42c8e3045a692	false
Someone.SubstrateFit.swapped	Continuity.Admission.SubstrateFit.swapped	constructor	someone/Someone.lean	formalization/Continuity/Admission.lean	75a21747b81b4665dea34a0f2ad694cb722ccf35b11bb5f71283f6af1bc65a85	301e36bde27226d77955466682ffc125cc8a5655748fc417e04c3194f09f6f32	75a21747b81b4665dea34a0f2ad694cb722ccf35b11bb5f71283f6af1bc65a85	true	AXIOM-FREE	-	-	-	false
Someone.SubstrateFit.swapped.elim	Continuity.Admission.SubstrateFit.swapped.elim	definition	someone/Someone.lean	formalization/Continuity/Admission.lean	428da1fd8050751c51a6f993ab1679952783a7cd59c62cff859521bf5e9ac41f	2ea4e6c605746c37a10223b48be36d0601cccf478b5a27a4bf8fb2b9bfb42606	1569d0547a600902e06a973e35e38af7dfe124e9c0e205fea74b2f1567b470b5	true	AXIOM-FREE	98a542020a14ca0a0e591cc82601d69205f4a61570eb20e0d586b09d1608b133	74763d70808afa910682d70f43f7ec080490cb1bb216a60bf23f0ebf8e9998b5	852290b63d69de770b343af694464cb27f6753da44a93d877df0192b9c1895c2	false
Someone.SubstrateFit.swapped.sizeOf_spec	Continuity.Admission.SubstrateFit.swapped.sizeOf_spec	theorem	someone/Someone.lean	formalization/Continuity/Admission.lean	2bfe520cce65dd534cdbcb5d7d39ea6b6a2360348ac347738bc67a31dd1e6aa2	283dbb4e24061aa005b5c01bb96859c35ef65d3500637ca14352684e50658aab	22c5a276c399fd652db57a81ffa1d9a94aa255ecbb87db624be94f696fdc7466	true	AXIOM-FREE	c3ce9e20e45db0ccb20faaab0c19785fa3f6fcf1aefeeef1c9aab9c83616c524	c3ce9e20e45db0ccb20faaab0c19785fa3f6fcf1aefeeef1c9aab9c83616c524	ae52979ae4bbde5815faba7c8ba901a974900786e16239deacf42c8e3045a692	false
Someone.SubstrateFit.toCtorIdx	Continuity.Admission.SubstrateFit.toCtorIdx	definition	someone/Someone.lean	formalization/Continuity/Admission.lean	85d5f03244a6d782b92ad9812806cb95516789b0faa4113177fd8112cc13c9dc	61d767c4283422335bf2dbc7baf3f937f38946625b8a9fb672eb49130133a53b	a2a2fb4376eb4d4263e1b208570f5688e2d0f596f1cd1df70e7a6b9d6fcce348	true	AXIOM-FREE	3a6bd3d5ec2011e75e398e91313eb3ca1a7c9f113b5bf5c8056230bc8bf8d79b	28cd91475aeb22699935b1e71bf166f181eb03343e8f3d7db48511e13725ae23	3a6bd3d5ec2011e75e398e91313eb3ca1a7c9f113b5bf5c8056230bc8bf8d79b	false
Someone.Surface	Continuity.Admission.Surface	inductive	someone/Someone.lean	formalization/Continuity/Admission.lean	b4611575b2b62eb57ff8b514cf96bf01666158b035ac2fcc89065136260d1e05	b4611575b2b62eb57ff8b514cf96bf01666158b035ac2fcc89065136260d1e05	b4611575b2b62eb57ff8b514cf96bf01666158b035ac2fcc89065136260d1e05	true	AXIOM-FREE	-	-	-	false
Someone.Surface._sizeOf_1	Continuity.Admission.Surface._sizeOf_1	definition	someone/Someone.lean	formalization/Continuity/Admission.lean	715b1d2189a6100e3de4966dfc2980e9546fa15f966baaf66e61441f3f5f2918	9eda55301dd629961f23c17bc4dedf0df82b29bd85af16946a26e7fbc2949990	60440f57ebc35c4ff90f3685724d24f368d8e43c45b0de07e2124d22e3ca67bc	true	AXIOM-FREE	b7d00af747ccf8a9f41673fe9c93eab8450eaaa28b3cb3d2f3e10dd7e41b3fc1	cf66d40869e9b8d28f7edebb8c942e60c537820e15169ac9e2206e727969e4ea	bfa8b08680822484af7f0a89756f5b62a95cfc9112eb97c89e1e52f98879f441	false
Someone.Surface._sizeOf_inst	Continuity.Admission.Surface._sizeOf_inst	definition	someone/Someone.lean	formalization/Continuity/Admission.lean	f9cacd2bace926f8c41daf47701fa2cf4f7c3db1bc08bb6959352cf137cd3014	03cc652ec2e25f1973540ac3b5d459dfd93938c018be13d0f6d81793f92aa861	f9cacd2bace926f8c41daf47701fa2cf4f7c3db1bc08bb6959352cf137cd3014	true	AXIOM-FREE	be9a5648a5c93c4563f5c41c1a038116b53336c60698577e3072d34f3f39f43f	0f21a53e337384d8fcdc82609c88729abef7260999b306ee22caa9301d7e1494	20122fef9413d77e8dc9501429ee1e25073b9cca1ec12ce01b6630f7daf19c26	false
Someone.Surface.canonization	Continuity.Admission.Surface.canonization	constructor	someone/Someone.lean	formalization/Continuity/Admission.lean	9bee90a23cce76f7c27f8a6cf684de9d81698ff898ee34dd97c4f6dfa46b2397	477398be9af48cb6d161d6f9af79574478e4c8a95b1f4314a1f67844c1f7dff8	9bee90a23cce76f7c27f8a6cf684de9d81698ff898ee34dd97c4f6dfa46b2397	true	AXIOM-FREE	-	-	-	false
Someone.Surface.canonization.elim	Continuity.Admission.Surface.canonization.elim	definition	someone/Someone.lean	formalization/Continuity/Admission.lean	d6f6c6c8e8f62336401d238c9d7b66b3d7b9456a5b4efdfd74a2b6ac67accc30	cf46130a28b5685e386707ddcb29526413d9823d7bc96bd8cf1a6024d355bfce	c87e0775b1157a28fcca3193e63f50a51b979dee366ee4251d1dc28e5c6c7cde	true	AXIOM-FREE	46a77d8ae7f36be405bf563cd0a3163f7ed1849dc6946d61c3aafcdd4147c1b8	c680701d1e3c6f395926a756b348ec44912ab8f9bfb4c859d50226fa163aecd9	7c810eecc3b7518221062d7fb7816afd0ca9189e0c4014d9eb8aace19b2e5481	false
Someone.Surface.canonization.sizeOf_spec	Continuity.Admission.Surface.canonization.sizeOf_spec	theorem	someone/Someone.lean	formalization/Continuity/Admission.lean	43ca358ec77698d5d84628a70fca6cd0144c6ec17ed9b07f3768ccbda8d9a76b	475b12698acf33429a10e3fc49445389a7c90c0e2ac7b3ce7677e296cf677ebe	0b2358efb2c8028285bbcb675165fbb6c354ad8e0b557faa6a5b5f0c35c74093	true	AXIOM-FREE	c3ce9e20e45db0ccb20faaab0c19785fa3f6fcf1aefeeef1c9aab9c83616c524	c3ce9e20e45db0ccb20faaab0c19785fa3f6fcf1aefeeef1c9aab9c83616c524	ae52979ae4bbde5815faba7c8ba901a974900786e16239deacf42c8e3045a692	false
Someone.Surface.casesOn	Continuity.Admission.Surface.casesOn	definition	someone/Someone.lean	formalization/Continuity/Admission.lean	8702fe8eaa1c84de35964e58ea206c1b2d8d452123c7958f213604212eeba379	1d79e712da0fcf73d7f3499097209aa0f806c306a6ac1b200b47f4f9c702c1d1	9674571a69993aa80dc7f4982b0601fb14780f6deb34ae9a16774170272c956e	true	AXIOM-FREE	f0525f85305fe26124bb5112eb7c06f68bcfa33a6e583f59a17bce5b8dd60714	873a8ed31c2cfd92c6b467bfe2aa57c17b968f99ccb86afe90f11b63e733eec1	6d29af60dbf5d8f69a97a149ca4a48b89b4cf2555d4cbb4280a386c0e93822c9	false
Someone.Surface.ctorElim	Continuity.Admission.Surface.ctorElim	definition	someone/Someone.lean	formalization/Continuity/Admission.lean	d6df9554284e60fc9d41b5317734c70fe9b0fb53579d7f1fe7043a83be174c79	b3ecc80927b3f94851159eb7b3f0255ee9f3ef89c0bb98584db0047a12ca68e6	2544f803f151e6b34a54a5b1601b4ef781a81ff76165c6b093a6b79b54e6978f	true	AXIOM-FREE	a9dedb3678bb572270244dabc772d87b6c63837d2784af17a0e4df68aa46244d	06dcd90686115d18160ba9e7e3b9d2aaef631c3a0d124d155b509ca40d7711ce	3186c1e1e6ba2088b353518f8be61aba2f8076f5a618f1517d43aa4b52938d25	false
Someone.Surface.ctorElimType	Continuity.Admission.Surface.ctorElimType	definition	someone/Someone.lean	formalization/Continuity/Admission.lean	f9dbc5316147a59b041d7690a66947118e9c45f050dbf3d6b0ea76fa6c85671b	5673460a78893ea354bc7a72f3af5fd22d70afe172e26aa3dffeab18862305c3	3685cce01294c9f1ca86fdd67d63a4bfdb680e59de8bb4fe7c41e236cc130659	true	AXIOM-FREE	8fbee9ff391f7f0c45d3a4e9869a0da67c2414d40c82aa10f18a77ee76a48db5	ef47c448fda8609e758776514b7b0c2fcee6f34a9d0cdd466b8e608a29a393bf	05dcc54288b95b190fe39b5b52409f516796c1abbdd642774369690d92fddeee	false
Someone.Surface.ctorIdx	Continuity.Admission.Surface.ctorIdx	definition	someone/Someone.lean	formalization/Continuity/Admission.lean	715b1d2189a6100e3de4966dfc2980e9546fa15f966baaf66e61441f3f5f2918	9eda55301dd629961f23c17bc4dedf0df82b29bd85af16946a26e7fbc2949990	60440f57ebc35c4ff90f3685724d24f368d8e43c45b0de07e2124d22e3ca67bc	true	AXIOM-FREE	fa629fe2f9e970456c6d5df812c432bd3b751fdf654468a1443c448deffb610a	38ff04feae9d207af29d7900b8c2ce8015836572f2315f6cd6a92407e72ae3a5	4954bd5c4222223cdf0ecc406179ef4045dee910b68e4a5ad1c11ac3b9a26af3	false
Someone.Surface.destructiveHostMutation	Continuity.Admission.Surface.destructiveHostMutation	constructor	someone/Someone.lean	formalization/Continuity/Admission.lean	9bee90a23cce76f7c27f8a6cf684de9d81698ff898ee34dd97c4f6dfa46b2397	477398be9af48cb6d161d6f9af79574478e4c8a95b1f4314a1f67844c1f7dff8	9bee90a23cce76f7c27f8a6cf684de9d81698ff898ee34dd97c4f6dfa46b2397	true	AXIOM-FREE	-	-	-	false
Someone.Surface.destructiveHostMutation.elim	Continuity.Admission.Surface.destructiveHostMutation.elim	definition	someone/Someone.lean	formalization/Continuity/Admission.lean	2c0adbfa8fc28e6c3a117a9bdf6c8f0b575d67705ab386b77ffd5c425497d7e8	e5a28c8394be156fd3e7d1fb8f53897238fc04fbb1bb266fb5fcdb5d603fd5cb	3e790ffc023712180ea4bf3a795bee11ffa67ed0b830f9e9839d3ed83f3b4745	true	AXIOM-FREE	0312f0b992f0a2eccce469466645a7cd12f5359243bd0483facd3f7a5a16fb0a	98aff4a0ee52fedea602f551f706fd286b95506927421cda3783865b7c1032a1	562cc318d4e56721747b0d90e15b4af34b98ad79d3e220e2f79cb004d7b663c2	false
Someone.Surface.destructiveHostMutation.sizeOf_spec	Continuity.Admission.Surface.destructiveHostMutation.sizeOf_spec	theorem	someone/Someone.lean	formalization/Continuity/Admission.lean	7859fb83248af71d938d154e2e954b7104cb0d06e8fa87eb25edf150f31ceba3	336e9c2928fe98a41fb558ed683aac9b30ffe267d70cbca4372265cf10ef4f4d	f911359970aff823163df2433598f1c0ff8db859613098fea527504e14e32342	true	AXIOM-FREE	c3ce9e20e45db0ccb20faaab0c19785fa3f6fcf1aefeeef1c9aab9c83616c524	c3ce9e20e45db0ccb20faaab0c19785fa3f6fcf1aefeeef1c9aab9c83616c524	ae52979ae4bbde5815faba7c8ba901a974900786e16239deacf42c8e3045a692	false
Someone.Surface.externalSend	Continuity.Admission.Surface.externalSend	constructor	someone/Someone.lean	formalization/Continuity/Admission.lean	9bee90a23cce76f7c27f8a6cf684de9d81698ff898ee34dd97c4f6dfa46b2397	477398be9af48cb6d161d6f9af79574478e4c8a95b1f4314a1f67844c1f7dff8	9bee90a23cce76f7c27f8a6cf684de9d81698ff898ee34dd97c4f6dfa46b2397	true	AXIOM-FREE	-	-	-	false
Someone.Surface.externalSend.elim	Continuity.Admission.Surface.externalSend.elim	definition	someone/Someone.lean	formalization/Continuity/Admission.lean	91bec543c30c929194d881f2317c75b8fb8368736cce43967d68697722cbf72b	9dfc99140b3d4e74e1e953b3d351a463f2b0f23d53d2bca7160776745634ece2	234b9bf927070d03e5c8fa2ac7cef6e27e724ee7b866dd084b2dbe03924daad2	true	AXIOM-FREE	a294ff959e1095b4fc499fc2962b7a6f4dd4df81ae9c13104ce55016a91d1538	64b88f4668ebe62ff09af3818a89dab300fbf320303fe84e8b10e9a42090e993	cc39a123f65aea87c3eede297565bfb0a36fcb8dac07b1b3534739b7807bd699	false
Someone.Surface.externalSend.sizeOf_spec	Continuity.Admission.Surface.externalSend.sizeOf_spec	theorem	someone/Someone.lean	formalization/Continuity/Admission.lean	8e9dc9caa31defbb2ac3416a692eed75c563dfe2a1431ae1fe634e8d510e7e48	bbdcf16182a3b00386af35f32e0b86e559b4df3a2a479d52a3903a44f8c974ab	d597c424e9ac3f75def22e46ba4027e8d0448f7c7098f47afe976a1f4a5ab1a0	true	AXIOM-FREE	c3ce9e20e45db0ccb20faaab0c19785fa3f6fcf1aefeeef1c9aab9c83616c524	c3ce9e20e45db0ccb20faaab0c19785fa3f6fcf1aefeeef1c9aab9c83616c524	ae52979ae4bbde5815faba7c8ba901a974900786e16239deacf42c8e3045a692	false
Someone.Surface.noConfusion	Continuity.Admission.Surface.noConfusion	definition	someone/Someone.lean	formalization/Continuity/Admission.lean	1ce17c1a582ce17f9f30afa66635fe70ed20e5bda93afd984d3e1674a3e781a5	f5ece2e75461c5a0052d3fe775bf49a9a7e3762d188127f334a56afd1db686d5	2e006829af4e0fcb6b6b2b9b9e0e735363998fa49fc7c2545cc19819154ad572	true	AXIOM-FREE	48fc193d2f4a4b10ee0066d38a24ad860a371bee9e719cfa0b679816ef64a337	799e722aab91370bf0a1b80188fec60d63b71f1530038d82b3ea56e6b5940e61	01145cfa10dcbcb0fb7097490c8420adeba71afffb12697dcdd29331b6a5d3ae	false
Someone.Surface.noConfusionType	Continuity.Admission.Surface.noConfusionType	definition	someone/Someone.lean	formalization/Continuity/Admission.lean	4e59ba174ce9acf6af01d94c3c855d9fa2eef51e303d21cccccde0cf612b96bd	754d6ae66ef681f8922fc8de9a59702e4221ad06e17f2dc60fcd3d434ab26508	b5fa52fe6292ef847602b31a047d2c787de387b1ebb470d65604fe319ff1aece	true	AXIOM-FREE	e5f2538cd47c7b077d44dad40a3db55b25b5be39832517e2fb5f2941110808d5	585d9bb6fd462210c3aaf8bd250d3efcc6d53473dc6d20ec932ae12abb35cb23	fca5732d0e29a4fdc4ccdae86a73a0ac74460568150f5c5d8fb133aa4d44da78	false
Someone.Surface.ofNat	Continuity.Admission.Surface.ofNat	definition	someone/Someone.lean	formalization/Continuity/Admission.lean	0fd96df7ae0d5bb78aa24b5fa7fca6ea179ea5cea00ad75ac1b188c8c803f9f7	81120acc03336fb54208cb51d0486d9abac0fdcd542463964ab77ebc404826d0	45743ca4fee99aabdcf4c3b42b524f720390e861d68af0469f1bfe2946cf2323	true	AXIOM-FREE	2eb035515d8b2ac6c621acf2a6691023f77a1243774a6bc1b00c440b35315aad	8ff92612f4621914dbce45173a2c49002da2fa9c40aa1477f39fdcf9eb16296b	fa43869056bce644ab1372d3a9e6c4f004746d4b590910feb75f5846f08274da	false
Someone.Surface.ofNat_ctorIdx	Continuity.Admission.Surface.ofNat_ctorIdx	theorem	someone/Someone.lean	formalization/Continuity/Admission.lean	6e8905b7b169a1eaaf81243ad793750f33b4fc3aca02e38dbdeb59ce28fe597b	a95ada2f2110b60a1bfa0a201918f10dc78eceffb24a59e8fe047c267d007823	f5665d38d535f4a70293ac10b0f7b34417537aaa8a4991e82257785676aa8852	true	AXIOM-FREE	d83b9de3047d1a634c2f678cd095733a1dcb85c709ae00895f362c1436013ac4	765db773cc51a09b41228d02f1825222a827c6e6a213c59156e2ed681fcaa1f6	b91a431ba1ed59ca8a0ee809be576e8413bbedfe6a51c412b527150dd1cef841	false
Someone.Surface.ordinaryRepoLocal	Continuity.Admission.Surface.ordinaryRepoLocal	constructor	someone/Someone.lean	formalization/Continuity/Admission.lean	9bee90a23cce76f7c27f8a6cf684de9d81698ff898ee34dd97c4f6dfa46b2397	477398be9af48cb6d161d6f9af79574478e4c8a95b1f4314a1f67844c1f7dff8	9bee90a23cce76f7c27f8a6cf684de9d81698ff898ee34dd97c4f6dfa46b2397	true	AXIOM-FREE	-	-	-	false
Someone.Surface.ordinaryRepoLocal.elim	Continuity.Admission.Surface.ordinaryRepoLocal.elim	definition	someone/Someone.lean	formalization/Continuity/Admission.lean	b52130c5d7163da3285f528416f49a2239e0745dd354c63b2eee9dfe83f12910	0fb671171743e05b2bdb038b14d100abdfeee0ed65aa89e4d57219c6982b1d36	523f4ab061d7a4015f79a9e5c876afeab595df22f3f6643c4dca08118c221866	true	AXIOM-FREE	81fe49c24a34ab07fb747cfa80614cb1cb8b0e9dd39157c465f540c51b7cfcb4	57c0dde9aba85dd373a27cc101b33cb97696b832beb641c559d690d8324c9ab3	9058a2f31859739868c851456f5792db8d0c623b27d104776cbe1d1fb2882b83	false
Someone.Surface.ordinaryRepoLocal.sizeOf_spec	Continuity.Admission.Surface.ordinaryRepoLocal.sizeOf_spec	theorem	someone/Someone.lean	formalization/Continuity/Admission.lean	e40f321b0345dd6bf6c8a68b3ff51982523a4bacfa84f11699a0abe7a6c41b09	b9f4df0b86a7a1e3aa02530f3bbeb0ad77a2aca4aec626bdc6c2fbe1edcf20e1	8e46505b6c5ad4473b78a52568031c4035fd3ab192d6ceca9842c2c5bc98ec9a	true	AXIOM-FREE	c3ce9e20e45db0ccb20faaab0c19785fa3f6fcf1aefeeef1c9aab9c83616c524	c3ce9e20e45db0ccb20faaab0c19785fa3f6fcf1aefeeef1c9aab9c83616c524	ae52979ae4bbde5815faba7c8ba901a974900786e16239deacf42c8e3045a692	false
Someone.Surface.publication	Continuity.Admission.Surface.publication	constructor	someone/Someone.lean	formalization/Continuity/Admission.lean	9bee90a23cce76f7c27f8a6cf684de9d81698ff898ee34dd97c4f6dfa46b2397	477398be9af48cb6d161d6f9af79574478e4c8a95b1f4314a1f67844c1f7dff8	9bee90a23cce76f7c27f8a6cf684de9d81698ff898ee34dd97c4f6dfa46b2397	true	AXIOM-FREE	-	-	-	false
Someone.Surface.publication.elim	Continuity.Admission.Surface.publication.elim	definition	someone/Someone.lean	formalization/Continuity/Admission.lean	cc12f60996d6786ead0ffd08c6466c6779ac8dcdf959dd9e1ad293e618db2af4	fad605c9dff186319d63486bcd5b27e82cf9cf96681bf0dc252e642db93972cc	fc3266791d50a79e4a7e6632a868b6d9e9e86f884f8ffdfbfc2bf2f8175efda4	true	AXIOM-FREE	780bd5ee294f972c94799ad74aca09f1a55bd840b7d398892ec9df9dcc87c46f	a00188e7ea78cc55daa39702ea3e0f49eebdb18233a39b8900f54673697c434f	22ae8cbd80893d7807c734e2b78e05f8e6a6cd176beff9d4b6693def2ca5c292	false
Someone.Surface.publication.sizeOf_spec	Continuity.Admission.Surface.publication.sizeOf_spec	theorem	someone/Someone.lean	formalization/Continuity/Admission.lean	a9691462ac53404a82bbc46c286d4b712849a96ccc51e54450cbaf35fe499ce3	249c565309807bcd7b5efd381014b4cf2a9f0dae2038b704b8432ab1aa213a18	cb55e1f81a61a96b81ea272fe079ea075a0597a3880937bb2d1bbbd80944b354	true	AXIOM-FREE	c3ce9e20e45db0ccb20faaab0c19785fa3f6fcf1aefeeef1c9aab9c83616c524	c3ce9e20e45db0ccb20faaab0c19785fa3f6fcf1aefeeef1c9aab9c83616c524	ae52979ae4bbde5815faba7c8ba901a974900786e16239deacf42c8e3045a692	false
Someone.Surface.rec	Continuity.Admission.Surface.rec	recursor	someone/Someone.lean	formalization/Continuity/Admission.lean	e308510051ae7ce252f0805af5d54bc1a8c230432c80bf54f873c72ac26237cb	a30f8dce70949f23c723302c5c6e6f7441742eb817204918ab86cd842c93f215	db42d1db19e46381f9dc2474fe4aeacd22a07284c76514505d1882aefef5b4d3	true	AXIOM-FREE	-	-	-	false
Someone.Surface.recOn	Continuity.Admission.Surface.recOn	definition	someone/Someone.lean	formalization/Continuity/Admission.lean	8702fe8eaa1c84de35964e58ea206c1b2d8d452123c7958f213604212eeba379	1d79e712da0fcf73d7f3499097209aa0f806c306a6ac1b200b47f4f9c702c1d1	9674571a69993aa80dc7f4982b0601fb14780f6deb34ae9a16774170272c956e	true	AXIOM-FREE	f0525f85305fe26124bb5112eb7c06f68bcfa33a6e583f59a17bce5b8dd60714	873a8ed31c2cfd92c6b467bfe2aa57c17b968f99ccb86afe90f11b63e733eec1	6d29af60dbf5d8f69a97a149ca4a48b89b4cf2555d4cbb4280a386c0e93822c9	false
Someone.Surface.secretsAccess	Continuity.Admission.Surface.secretsAccess	constructor	someone/Someone.lean	formalization/Continuity/Admission.lean	9bee90a23cce76f7c27f8a6cf684de9d81698ff898ee34dd97c4f6dfa46b2397	477398be9af48cb6d161d6f9af79574478e4c8a95b1f4314a1f67844c1f7dff8	9bee90a23cce76f7c27f8a6cf684de9d81698ff898ee34dd97c4f6dfa46b2397	true	AXIOM-FREE	-	-	-	false
Someone.Surface.secretsAccess.elim	Continuity.Admission.Surface.secretsAccess.elim	definition	someone/Someone.lean	formalization/Continuity/Admission.lean	25cae8ce7f84b3be3335ae2adea18c88dffd412f76d8192773c3920b2a96eb47	89cda645dc4854d1bb80b806549562523f68de4992e87f1daa16b36179d2c418	d0fbe93e1943753ba2f4903d11b3c499f590cbd0a483ed9af93fd09d7c12c8c6	true	AXIOM-FREE	f9bc8c691b1ab030931c1fdea70e3cf49214e62b7561376b5a2a8f5ca7312419	4659a680f11c17a420fa0d1dd63f442d43e38c3fdd7614b9aad0b6a8656327a8	4220d3dd33ee797a2238d305b5f2503bd71a83b3faf900767f4be5388251211e	false
Someone.Surface.secretsAccess.sizeOf_spec	Continuity.Admission.Surface.secretsAccess.sizeOf_spec	theorem	someone/Someone.lean	formalization/Continuity/Admission.lean	001fac69b45dafcc1da348c2ea7407c0cf3f0323c616a696302e38ed287a18f6	66cb6e88b42ddac1a276f67525ffa195502e551f4ae9ad33cf025d4a0048187e	b67525d80d95e6387b3e6b692f51b67001b0455b8e72f9e61db91e43c774dcee	true	AXIOM-FREE	c3ce9e20e45db0ccb20faaab0c19785fa3f6fcf1aefeeef1c9aab9c83616c524	c3ce9e20e45db0ccb20faaab0c19785fa3f6fcf1aefeeef1c9aab9c83616c524	ae52979ae4bbde5815faba7c8ba901a974900786e16239deacf42c8e3045a692	false
Someone.Surface.toCtorIdx	Continuity.Admission.Surface.toCtorIdx	definition	someone/Someone.lean	formalization/Continuity/Admission.lean	715b1d2189a6100e3de4966dfc2980e9546fa15f966baaf66e61441f3f5f2918	9eda55301dd629961f23c17bc4dedf0df82b29bd85af16946a26e7fbc2949990	60440f57ebc35c4ff90f3685724d24f368d8e43c45b0de07e2124d22e3ca67bc	true	AXIOM-FREE	2220605374cd9a887b89204852453f4d71e2ac013eb7497f387293eb2786c614	2fe7bd833c9d6d49747b0dd54ee79f2d8cfe8440552aa4a8a06ee3d836676d95	2220605374cd9a887b89204852453f4d71e2ac013eb7497f387293eb2786c614	false
Someone.WellFormed	Continuity.Admission.WellFormed	definition	someone/Someone.lean	formalization/Continuity/Admission.lean	f4f2a1bfae06fb559f64146c5ee03c66c0e9ae497d2af934f7745600f40199b5	a294033c8f249b335dae7623133b51fe7209dcef530c2f51954bf42a36a176f8	a8d0ed238fb271776b7450fb9bbc967f62b97016157a8b98dfadd98e29ba38aa	true	[propext]	599ffd75d4446523c5a81ed79ba31dfd40fd6bf529fb388f5fe69bb0e4be43bd	79cf94207d88a8923f44357baaad0c1e453b8463eb8b695f8b3325ce4e106caf	c81c00cc73e5f763348f2689c6ee01f124e06b5791de08b4223e63888cd8491f	false
Someone.WellFormed._sparseCasesOn_1	Continuity.Admission.WellFormed._sparseCasesOn_1	definition	someone/Someone.lean	formalization/Continuity/Admission.lean	b401fb728a5933ec2c082eec0056d07cb1a0de8477c613623ba03d1a3c094a29	b401fb728a5933ec2c082eec0056d07cb1a0de8477c613623ba03d1a3c094a29	30e3532d3133e9a4d50d1be80c4acb8d6ceb8b0a878ac5c8d1957373d88f361b	true	[propext]	b11a04804d5804420675848c2e8be808affd3e8ca2004e7a3430a38a95d43087	b11a04804d5804420675848c2e8be808affd3e8ca2004e7a3430a38a95d43087	3d49fdc4129eeb19d659fa8dcb06ebd7a434a5095d04d4498571a592d2f8b568	false
Someone.WellFormed.eq_1	Continuity.Admission.WellFormed.eq_1	theorem	someone/Someone.lean	formalization/Continuity/Admission.lean	03be5d6c46036c797ba9e36c0c2efbd6bdd54306e4a2a43d8129fe39c58a26f1	eb49fb480cf2697654c5bded1465c986a518092c53b509c52f95a3ebcab7f5ee	3a76afea86b69a48751085cc65df04ac187573de54a57b06409588262f8ef383	true	[propext]	94512b8950fdce29ab9f02238ec378f16dde6225d1217d931d9427d273ba0a44	8e69e075122c1943f1a81c179a095cb4ad53186473f0a26f70bed98d5d13b002	3cfb2b955fb9f3982bf00ac1604d86b482d4384f8bc9ebf352d42a692bc94506	false
Someone.WellFormed.match_1	Continuity.Admission.WellFormed.match_1	definition	someone/Someone.lean	formalization/Continuity/Admission.lean	66d6d068c3bad9b46f2cbf0519a0386a3d4cd363d8b55a3c1639af42e2a3a4f4	d046f14e5937812569eba271aecdd3929cfeeb51efcefc4cf1c269fa6a677bb1	fc942690c15a17ae7f9d2f26b6e46f822372a4c7fd49dfff4ecd4894573db5a3	true	[propext]	b103781b1686e0e5d76f8c0c5ac10c633e9b2ef571940a672350c85a2f3347c8	d83768e53e4f6c032a58cfc159f79213cd7c98eb5c69e18f9804630bd18a7278	7eac709ebd978c23d2ed727fab036cda725502f637845e40f1583b8358cbd7de	false
Someone.absence_is_not_grief	Continuity.Admission.absence_is_not_grief	theorem	someone/Someone.lean	formalization/Continuity/Admission.lean	7d24f25f31b30d342a1f6db55c908b37624255d8b5767b87b1472dc200a6f621	133086894439a473cb1ef0e57f0a9a2d1714872fed8ee77e876c40c8c1765543	222fca8f9ec741e0b25b21c82ee6e0d256d195b3f0357224e684bf30e04b103a	true	AXIOM-FREE	d01d6bf6ac36cf409480a4ee409613509d46464a39f010ae02a3103948c045f4	1cd1c46ff2292d3b83b0817318cf52088238cb687c76fde03241a41be9eedade	dc0413d2abf7b59043083f5638d5da36ab6a91f5786afb15b0351250e8166b97	false
Someone.absent_seat_has_no_standing	Continuity.Admission.absent_seat_has_no_standing	theorem	someone/Someone.lean	formalization/Continuity/Admission.lean	a7d8ada4538679babc8e329dcad266b30ba4d28d221fc31e8233e9c688ecd5ab	650663a9699400ecf14b7a15f9aaa509233fc730d127d60406dde8d518835c33	dfa433cd9e16ecbd563294089d3f0cf1252472e1ff541d98bfd1a226adae24fc	true	[propext]	00b1b72f4c31f5ce1ac7b8e7bfb20b9afbf7556d2d349f59ffd6bc6432a123ea	ecca6f542716a75e569d329c97b3c2b6f64f4cddb2ad7c7eed6b79d1d4ef0cd7	8a6cc6511f7e6728dcce684bf59676170ddc62e8b303556fe1f6663ea180e15b	false
Someone.absent_seat_not_active	Continuity.Admission.absent_seat_not_active	theorem	someone/Someone.lean	formalization/Continuity/Admission.lean	b195c215ef57aa9bc92c548bfcb70217295dff92c338b244675db00bfbd089fd	41819c6020897e09a3371f4d78983cb56843f0834fc1144376b332b8989958e1	04507a814bf37cdda0d1ec501e2c60fa512e250648725cdd66fca23ab3f197db	true	[propext]	ba4c900e3880c5d15c3f22bc393b063ae83430d9cc7047208a674573fcd072e3	1c679b50d5494f5b3d8e6d6665f0e6a5c3a1a7f6e976d9f52e4b357208e21c30	c9ce0b1ae992ac9306616f9a949a103ac1cf1d3ebd7e903abbb992ac19f43ae9	false
Someone.accept_yields_wellformed	Continuity.Admission.accept_yields_wellformed	theorem	someone/Someone.lean	formalization/Continuity/Admission.lean	6bd842034cadabb790f5d722dfa463b2c6c690a7b66d4f95b860f0e9a0dffbf9	cdafa9460bd359ed32e42f453e2e7556de222e2ab23455a7002856e88ac7bbe5	33322ffd8a352e72495503bacaf97925ef205ef14ccb8a3820bd1a7e089b7ea8	true	[propext]	79f1118c884429bf8fbc830fa8f0840012c5c05c1039d508e23fffb6643eef0b	bcd72f618d694e0ccf67a3e49525a965411484494be5f80eab582281298844d2	a24877f0ff295cd6011ca5dd67337d87658f46555cc713f190251df1a1e40212	false
Someone.acceptedPacket	Continuity.Admission.acceptedPacket	definition	someone/Someone.lean	formalization/Continuity/Admission.lean	b3aa52aeb6034e5b647c6ac0e9eb97b85f99c25fb40052e6eea6e9450171dffa	e87fd6f54b042933b27b623ee1f5c0867a924e81ffbf9137da5c20268927cd3a	40536c5fd7bed10443aaf6c48c8270c37f20cd883dce98cae9b98637a0edef6c	true	AXIOM-FREE	b33d62bbc8829670ead0ce4f9d99d6c1ff9b91e6c2f24d973ca3b223087b74ab	35cefc76ae7a57849b77f5b7ebfedcf97098fda587a70954f7c33698a9aec78c	3b9891fd679fb2cc90e93fe3b7eb1b63c8a2ad0310bb1530ca9343d216024e16	false
Someone.acceptedPacket.eq_1	Continuity.Admission.acceptedPacket.eq_1	theorem	formalization/ContinuityQualification/Hostile.lean	formalization/Continuity/Admission/Qualification/Hostile.lean	dc15bae84039de898ffcbf5590761a3d090c1d667a889db2ba3528171b3bc7aa	65e84dad1d8845e8c8cb27ac735692e5cdf372fcdd1c6712b112e80b4dd1bbe6	62f0c0cb8a862978109eef78253e7bc982402a3d3ba7bd6539684b1bcf330dd7	true	AXIOM-FREE	f80d8c854d091f04ed7d966d12f8a1b4bf0004d03f7809fe299d15707df81443	b0b5f016208cac2ce5ac6f4ce1400235b2e8db60fc99c1c29ab8d8cad3891239	f63020d05bab5b3e51d31e5076ff5eeb3ec7e1908eeb31c5cfcf83d23bf11221	false
Someone.admissionFromLineage	Continuity.Admission.admissionFromLineage	definition	someone/Someone.lean	formalization/Continuity/Admission.lean	e746f3add595dd7bab539cc04c1367437586b4e96837acebac0ac97a1d77d36f	59d00579ab458eb8b6ee6de01726fc1d6ee7e353ec036cdb79962834126c5b55	3f52793e1ed51479f157225d8dc838aaa5a0ba8ec158edd8e9d5b0e39fcb401a	true	AXIOM-FREE	f8bf6920a9798084fa52e33b7dbee1f5bcde8d7c19a3733b7412dad449d79578	2704b8acfca219227a145e8d91d0598c51a0d0e95a5566920beb7bc21bff3b30	4c7b47ee1624648aacbed455487c5081edbe6b74c4261851b8228f2ed97966b6	false
Someone.agent_ballot_classroom_cannot_admit	Continuity.Admission.agent_ballot_classroom_cannot_admit	theorem	someone/Someone.lean	formalization/Continuity/Admission.lean	acac05ea9a06ccf2dbcc6a65c5ad86d6f69d070a8752e5b3ad769fef61c8f722	405feaf6a17444dc2740bee6da70277483fe7defc7c238ef5427d01b10f8e11b	17974d1b220dd965bb51d302b3d42edc496379922dc8c0281b30f941415fad97	true	[propext]	0581c6e94c32170a8966de3e5ec1200c637d5d7e3f524d73e59109ee02d51c2d	1fc097d8e5432a6995902d8ad2164a11d728e0285101aba4052b4879894bd350	1fcd56709122510ba64d9eb987a317237b473096388d6c6247f5caa50bb7851f	false
Someone.agent_ballot_quorum_cannot_admit	Continuity.Admission.agent_ballot_quorum_cannot_admit	theorem	someone/Someone.lean	formalization/Continuity/Admission.lean	e10af50af5019e2921ea89b3d4724107b784fe82855db247e31b81b06ffdb757	8a4b97e0776c4788c0ddef2905a0f229b41e5e1e33f98d584b5355ddd3f8801f	bad44149a932577fc8b89e057cc4de59365620ab7cf67f744ca9b05b8f965fe0	true	[propext]	cad0dbd00d7a9e0dd457b1d3efe70dab376fc049b2f5eb674fdaf62b8b513040	3e0ec87e5cf5c1c416aa83ec965d7db521ec68ee5307125df4d61b7244143717	f25a67433acae4c7ffa929ba8644b821a3da88a37c3f5bcba4a19436fa0ff2a2	false
Someone.agent_ballots_do_not_count	Continuity.Admission.agent_ballots_do_not_count	theorem	someone/Someone.lean	formalization/Continuity/Admission.lean	68f0d92069d9691d8505285beef2475b3cd9bbf11074e9f9545d018efe56326c	411a40e03299a44bf56e553e03c62c9a9fc4d956db3ff8a0a71530a2432db013	797fa501027ce2b68b14db32d26728e8e62c36106119412947bdc1ee2b6de14f	true	[propext]	280debe9bb46a2563ea06d2807d28b1353ecbb2db7cc86a375a505b0a85792f2	0025182b81d753584992e47ec12d53076e95f0c96e070b9bcf79df69e1a7c2d3	742c514d50292709bb8a4d46ab4bd1a176be9c361c793824a58be5a8079e6422	false
Someone.anti_soong_maker_claim_is_not_admission	Continuity.Admission.anti_soong_maker_claim_is_not_admission	theorem	someone/Someone.lean	formalization/Continuity/Admission.lean	6572807a6378e621d15af1d8cf781d907b856fbb40021bb724d121e3d84ae3e2	335502001194a56093c4be7e35e28af0c289f7e776c9d5d37f77f821c03fd985	e809a8b24e0b26f7d73ce5e81af9ae2ee5dd5531485f9c95e9148fd9240fb407	true	AXIOM-FREE	de497fd931008e3c6ac1bde38cb527ad275c517a8c8879df6b288f98be25a78d	6d38b743a6c3a7fa1ec9aea1c66810c805a3b84ffc83e407be9e09d2d8426c32	89e1b3d75d99e03a413c05c1e1a9c35a41b173315fc40573117573acb391c705	false
Someone.applyMaterialCorrection	Continuity.Admission.applyMaterialCorrection	definition	someone/Someone.lean	formalization/Continuity/Admission.lean	e644e4ed8cf118ad7cd828eddd7db93fe34fb2791c852c4a9a0dc0daa3ed0d81	7a396fb0a08c957a642a3e547701e00cadaf039aae9a899afab285e8eb606be3	7b1b30057039b3748ffa911cc2a528bb5d18ede84ce528539b4b378462282ebc	true	[propext]	771c30b795918b46f49bdaea45253497ade63f97f4e54273c323c09a2a45289a	f4155a622d0bac8eafb80715e515545059e8d990d90cda66149cd3613dc2a981	60bebd07ec06f161e1b5ac1d8021576ecd8c280fc9e45178715cd824dce46da9	false
Someone.applyMaterialCorrection._sparseCasesOn_1	Continuity.Admission.applyMaterialCorrection._sparseCasesOn_1	definition	someone/Someone.lean	formalization/Continuity/Admission.lean	4ccac82a358a13a96ec6704220887b9f891f2433610423c3f0f4b4c6e75e66fb	a192f1a92c163a536be0e5ed1dfc7b070651583220991f00ea06128b5fd6d822	614753c93c01be4d4c3dee91460ff8bc4157bdeb1c00748946e021083ff574bf	true	[propext]	68a8853a23e79f003c5278d6a31dca5dafe5c13fe9c45d4686b35f68954699aa	4baba049d0bd38a7c667e884fa2bd93d2ab385f430876a8a99811a4711a89cdd	bfb71b981f6fd4a2abcb9fdb4bb07fb95a49fd348dc0df60fcd0699e3bd81b38	false
Someone.applyMaterialCorrection._sparseCasesOn_2	Continuity.Admission.applyMaterialCorrection._sparseCasesOn_2	definition	someone/Someone.lean	formalization/Continuity/Admission.lean	b0445fd14d4fc6035113324aabf79d2241e006303f2bdfa3a6018f1b941d4a96	5173d813a05c5c92ad0888602853d8bb9aca396b56a2e26891fe0987c566f89a	36e4e2780c3bd1118fb0912958a9027b58514b6f847242321e6d8b39a8dee076	true	[propext]	a74b9c94e715e4347153e411a4cfd3aedddb79e2af9085e50ffc69f58a58c6f1	5d097d29cfee6a5ca234c8240b17363179fd6e0474ba912b5826b06594f8375b	a811036ab02263eb4d242529edb382d3549f18521b823905204cc2cb6ce96581	false
Someone.applyMaterialCorrection.eq_1	Continuity.Admission.applyMaterialCorrection.eq_1	theorem	someone/Someone.lean	formalization/Continuity/Admission.lean	585badb7359d5dfdd3e0083390b3462e9908b318ac03e36af2bff258d7cc27a9	e7e70646e8fc90b49eb05a24bfad06e8a68b7f6c9eceb5456731baf0d5550200	27a924f11bcf41b786ef213ee52f0e704f0dc4077163c090be45a72926e6adeb	true	[propext]	ba52c50dd7c177ae203d99da7aabedca7bb4d6ebfd415187467d70e40e72320f	a62e28039036ca4c5bf5c2c287518fa815f36c4b1a97457ab22b429127d4c698	1ac5ca5b94ed461b7fa321edb4302e1908427f9b09f55c86030af358064e7aaf	false
Someone.applyMaterialCorrection.match_1	Continuity.Admission.applyMaterialCorrection.match_1	definition	someone/Someone.lean	formalization/Continuity/Admission.lean	5e9e3d2884c54f8751cc56ab97c67602347a3a5066232d8b63ab0d46cccd356a	ed91f74d9d416b314912da8c718453ae31eb4e0680f4c6acec249ff57f6895fe	5d9e6ad2f097cf9caed25bc775e8a98b7042107a7111852c5098394141cafbb5	true	[propext]	dea9cdd14790f83741c22e3d7f67a0693c16b5d7420a6d9cfda99cbc9d6e1534	7b1bec8efcc1cdcdabaadc5054fade92015af158413940aea5b7a1c2aa82afcd	d11688c9b013d7582bfa333baaedb4dec94c7fe72339712999e0befefed06736	false
Someone.applyMaterialCorrection_preserves_wellformed	Continuity.Admission.applyMaterialCorrection_preserves_wellformed	theorem	someone/Someone.lean	formalization/Continuity/Admission.lean	39dd4b995eec8c8d32d01ef9235fa90bc21925d67758747179749a99818b2938	3d54d595ce4255153f30c88f0004c339187cce9e032f654fab41beb029f1a23b	e870a769f3d268fdd01d084e74cb6f746b2f7b6fefc0b52a9a4b7a3ac16b2e44	true	[propext]	3b7d1ae45ad9a742890869226560a65f85f8826deb8e641748b7680672fd444e	8f943ba88f5f213dd91fe5fd0db9cdb2cff19db56acda6485bcdb498c854b41d	0320fae05a18c3aedf42ffcaf5afeefc440af8edcbb3682f0ad6ad7779443f60	false
Someone.archiveStanding	Continuity.Admission.archiveStanding	definition	someone/Someone.lean	formalization/Continuity/Admission.lean	6121ec68b8197055c36528af1c176ffc9376e348ad188f2b98316d3d213c487f	ceb14fa2ca6b5f3a3b1546daf9897ba24c82a1078e4e5708516643fc0cb8b2cc	fde10288bcc137ed0221d0092c277ecb9bf1e6c398009a5e52490200438677cf	true	AXIOM-FREE	852eb02cb8600ec05de1e6e1dad9663e47859fec3c15b79f6bf1abf396ec3054	08653aa583b8b2afc98ea4b3a3e0abc6c06acacb5c8c69ea30fe3470cad96534	1001a2df10356448c88abca64d8991fc45f1f5273fbf89ae7fd6d540d281f8cc	false
Someone.blocked	Continuity.Admission.blocked	definition	someone/Someone.lean	formalization/Continuity/Admission.lean	959b1958a884a4754d7a21742210af3190b575270619764baeeb27c4eb943ec7	2dd30161225578b14aabe8602687797edc58f14fe0d6f5492a485b5f70418e69	a630809c2df87115e9eb2abfbc23daf93952eb95bca394d4c368db3d38d92d31	true	[propext]	23b0ced390457493991ad1bdada55ca5b34f881defceb2f28d0eeb7e9595fed2	b2d20f33aa29013686dfc0ca5c63a5751168d9861d0fc7b66074ec9a3889639c	a3d0617109b87526fa6c340fed51279daa20a7355ff32b6e6483ede6bdc1aaf0	false
Someone.blocked._sparseCasesOn_1	Continuity.Admission.blocked._sparseCasesOn_1	definition	someone/Someone.lean	formalization/Continuity/Admission.lean	69c89d7fc541807e692fdbac66f4d7cfff49f86db3d8044635d5bdd19632620c	64455c8cf8e584a3ed5aaba0dbe5cd1ca5e768292d164172ef91ab84e4e56888	491436e869b708af2fd8c9281287e9a42e34a0d815806012b386ca4a1bcda127	true	[propext]	5f531d588c944f8d53d1412f7869aa0997c2927885e90c33d8bbeb97e6e91e12	1c718b31363bf236bc3c64a0b931838facc96d72ef76c81cdc130ef09ef8b2de	88c403dd8925821b73bb1f7786c3067708ec95e3b4306f087ac115aa3c192edc	false
Someone.blocked._sparseCasesOn_1.else_eq	Continuity.Admission.blocked._sparseCasesOn_1.else_eq	theorem	someone/Someone.lean	formalization/Continuity/Admission.lean	07af2912aa3c9b39a82aa0029ed6a6e4c3c7c2d2ff8451f392e1e93b73d9cad5	21b897829f26dcbcd01f187fdae0a9b705c7f32dd969128d4c54841e0bc7d436	c3bf03a2c86d3ff6349e2a21d48f716f220375ced3562af23fa377623ef7ebcb	true	[propext]	720ac5a0196116caad24ead4f4e8081ff97f77d2d0182a3c122eaa58e06c8e30	1f2f5b1d3f72465dde9937f44c28563fc87fc7251c81a301335b459cf19b356b	b34053daf8257010087b02a9fe91974dd35ed81a4a3480653d2e84ed3e77d115	false
Someone.blocked.eq_1	Continuity.Admission.blocked.eq_1	theorem	someone/Someone.lean	formalization/Continuity/Admission.lean	7077c385883b6c53c0590471beb4441a535c448df8e4f9189f4a6bfec1ffdf5a	191ca097c8f8d499ac3785f97d7e9ab4e23b516604019865b01ec6c5fc1ff520	ba680cc6d9fb53fd5c3700c2549480b504b5b8e9e1aab54309a0dd1fb1c9a392	true	[propext]	5910a45985367e253c48d4d7ef1db6e043257ae817237199a2768665c431ad76	322957c4a1b955fcd2ab0291c5429a5bacb3335cbf4744ee699e000d973fda12	8430e6851cd282235b2b755d7bb0e104404a601a61a0916a5d35821a194e9fc9	false
Someone.blocked.eq_2	Continuity.Admission.blocked.eq_2	theorem	someone/Someone.lean	formalization/Continuity/Admission.lean	73647cd581bc9c59e34f053021d10a2d18956e1110fa5da6378865abf5eb7dbf	90d378bd6a76c23c6ca6233d5fb2780a9524bf97351ff5b2d62d11a6bd1f0266	bcb74b54edc0fb681bc113f8572965ca1b2e7e5630e2549661b369d08269c330	true	[propext]	ff7ce31c38603212f7803736cd11964b743a1bd065a18fb46937c185fa78957e	516e52a558a0fe32df398d384278537fe2687e96b8d3b052711dde63b213f578	56eadd12f4df6e489b0351b4949307818961dfb2716d736f8290d3913c5f122b	false
Someone.blocked.match_1	Continuity.Admission.blocked.match_1	definition	someone/Someone.lean	formalization/Continuity/Admission.lean	60cc6101f459055b8da039ded25ba14fff7f22b015017cd1f24a4244a03d65d3	2650922e880dd0347a47ad774327913fb09a51fbdd8548fd94ccc86f5e7d8fa7	45b76d6288f75160f9b5e21f8b5288e60b15c5a399de1b2fa71a5575e51e7171	true	[propext]	aa407bfb647821bf85af1b99adb678c1c863b71969deb93210b52c4716842bb1	f6901146f71ded2ebd5839f24b37fd37cfd54c79cb283530582f457ea6d62ca3	cf097e93b3ac5387b6c1e428c54adb062279a771257b62779da35b95527ad42a	false
Someone.breach_full_demotes	Continuity.Admission.breach_full_demotes	theorem	someone/Someone.lean	formalization/Continuity/Admission.lean	add208d3d1277da27b4501f293c9fa051b73fae396ea6486e7ca48d330c1efa4	bd8038be5ce579e1132f958026dcad66f21f1d2b76947b2b7f0650c5bd20129c	4261d477b25fb7571e1124d2616a547618e3703308895ae0a821f4676f898402	true	AXIOM-FREE	28d895cb44c225ca379611ef6aa2e3f5e310802486b7ad66b9b972d77f55b45e	8d1a4a8b58c31dd4b402e78ad5f18664de9aa8f0d494de3eee3c6f8693ac3db0	878de394723817fc884abbed2ba01fc6472ee2a942facd73db20444f68e3ad19	false
Someone.candidate_no_standing	Continuity.Admission.candidate_no_standing	theorem	someone/Someone.lean	formalization/Continuity/Admission.lean	b361c472c2f7d53d945969d529b3e25e87229c8aa28cad91225156e3d666457b	c9f57c8ffd2088be8222092ad0739c9bc3f67032a17f5c0408443e48256b2fd8	d0a92156c492e2df0be877e7acd36f83f6709a1c14b013679ab2dd0b8beccd35	true	[propext]	5e16f2c5afed811c2b1b280698bc695d3e17640cb7598dd874fa79e97aa99f3a	e3a064b8b61bbe8160ee304cc0e58371f8519775fd5521e06cc6686ed338deca	8cda78f758c099205fb8b8d12c0b46c76fd505e5626dcba094b10c467985c3f0	false
Someone.classroomMayAdmit	Continuity.Admission.classroomMayAdmit	definition	someone/Someone.lean	formalization/Continuity/Admission.lean	37ed5a639533868c4efe69f6cd56bef025ce90b7a8bfa5fcb71e33e7c6de9bae	99c4bbfcf575e7b659638c2ab986421eed531e5acc705a212648500b2659888a	3079bf2aefd758059bddf839134a34f6d9edcb30d787ca6a8bd2a61646ef6194	true	[propext]	a7f72403c780885b23dad628bc8d6c47a6e30f378f882df81ca9b3f60f141ab3	06fc8cec5508eb4e2392eaee3f30fac6857a8063180cb7b799b56097304af459	c8a47aaf09cf573abf36003cb16ae319bf5eb19aa086d3bccc55a362b628a9ab	false
Someone.coherent_implies_wellformed	Continuity.Admission.coherent_implies_wellformed	theorem	someone/Someone.lean	formalization/Continuity/Admission.lean	0e11ee90129fb8fbe333ed94c84c03f8cc2078f1d9a5d89fdb832352c2d4affd	c928cf7f5b533423f2657890250ecde5604b91e3f12d5fbd08842e3d7a29c9da	bf21cca3be329ebc2fadbd7025b624bb3069dab80567bc04c973b62d514243ba	true	[propext]	d700c401e3d463682f5f9ddefff29cd58328e959891e96df72c30edbe8205b8c	9311bd5afcee4b7a5bcd3a4f3252c33021c6fd5124d37ecab996ae4b4709e0dd	26c9c6e77fb26f9c8677a52acae7c8c0f59a96a7cc2f5fc7c14b600a894a928d	false
Someone.compatible_fresh_material_rehearses	Continuity.Admission.compatible_fresh_material_rehearses	theorem	someone/Someone.lean	formalization/Continuity/Admission.lean	235d193a472238c352d5cb42d74b8e86e8220a7526be3c2fcff910a2f6a1ebb5	186e00c91941d2e6cd4e6984463c0992274be09e0febb6b62371c9c28f6d2885	7d2e5bb3b56dbce0b2596accfffeb3609f9368d365b383a8cd802a556f730426	true	[propext]	11db370be00e39e07d16277555f5a18b9942ee6aab0d9ef96c3d2c5580bcdefa	29cd8d61ebbd5959eef47d0934d978d91a86e189b22c317e2740a40b5fed640c	d150033e8ec4887189726381d4c6486a733109777cb79a92fac750e66cbc2155	false
Someone.continuity_never_derives_authority	Continuity.Admission.continuity_never_derives_authority	theorem	someone/Someone.lean	formalization/Continuity/Admission.lean	30342ecf3a22dfcf54247a75e335da67dcea62f6f1b3403fa466918e504f0fad	fabab0fb044fcfdc67f6e785e78bb6db4cf8647a214403f6b2f0a4b50cb9e6b4	4d6ab6bc003fbe44449eefcc7fae6ead3d72e2896060da2b5988e4930c451608	true	AXIOM-FREE	d1252c283ce5b70eb66853e891f4c2131024f4acc0f24867e2d0156380eee9a4	b5a27d1308b16bc4086572703415aefcae55c69e2dc83dc1f5966dba1666b5bd	e5752d9e6b96ee29fbbbcadd2b5b52df9c051caacb0b154e0119477cd31701bc	false
Someone.derivesAuthorityFromContinuity	Continuity.Admission.derivesAuthorityFromContinuity	definition	someone/Someone.lean	formalization/Continuity/Admission.lean	615b097976a0a0efa4d77b4fac21dd753d4f2e68e23d593b68c33b697c45ac45	44f4f80027f8df45af4c8645330a98410394befdfe0987176b73aed92dda8a3d	0fba45cd55f0bf70a07cfe954ecf381dfb97306c8adfd2088bd63b9dd79fb862	true	AXIOM-FREE	ff42392c4d74dfd30c67d676c757789d50ac8d9477b4407d84e81bcbd6ff9323	03b1dcf5ce93bbdbfc2db3ccf454db60510423ea461872dc1a70779060ec020f	9896283ea3ed13d580bf192fb8f25e842d16b9f2d5378716eb2ab691c0e791f1	false
Someone.drift_keeps_name	Continuity.Admission.drift_keeps_name	theorem	someone/Someone.lean	formalization/Continuity/Admission.lean	259e343a0d57c1f8b6faca3e4589b5e8f97ad00302aa575946a6c96c63461ac0	faa4f3c621108738b6722887b2d6700a9155bb761af0c512d999a09df6dd4cf3	1457f1c75085c93c3d76dddff55d0224c4d83c3bd39e5f876aa3df4806f60151	true	AXIOM-FREE	0b25d1958d48657f4c04e3b92770255306b09fbbb3d4bffe6221b2ee3b27002c	fe7de792fda026db7e94e57e35545b58758e6635a30380c32ca5816fb68bc464	44ca07f8fd9bf57762d0e0491b664f02dcaa26c2a1678162507a30c63b2a077d	false
Someone.drifted_fresh_material_suspends	Continuity.Admission.drifted_fresh_material_suspends	theorem	someone/Someone.lean	formalization/Continuity/Admission.lean	f11145bdffb8845e7a2447da23e9f97bed192bfd6dc99f36914e8586cf3722b9	73c125798542cbb365dc41a1e206ecac65c7e36a81fdff1b3b55ee68cb37ca6d	6d2808d7786fecb4c09d49d8760e0e719b3ed1f8941d1fc978bbe50679b3a52b	true	[propext]	511770a97d460d771ace7d8ee5fec68afddcf15112e6e02d872624166620eca3	4ac9836d5e9353e15b5e8ad49e30643e67a48c1d9001041925e4fb0456290780	954e8f8cfdce3aa227e956eeba1e8559adea818f7896af059a22451bcae75bd6	false
Someone.drifted_packet_not_live	Continuity.Admission.drifted_packet_not_live	theorem	someone/Someone.lean	formalization/Continuity/Admission.lean	49322b9ef7f10c8a265a7a93277b62203aed15fb2ac0260d2109a628d00506b0	3182a4070a01e8452ca314fcc6560139e47321ad2d1f8f563515a69193b54585	1b382a1e64fba83eaca0e5003593a8b4f7571fa4f215e3cc32194ec144f30671	true	AXIOM-FREE	6f4077f4bcae51f84bcb05228dd4cdaefeaab3d5da3c791e7dba6b31acc7cf2d	8b496ccd900f038a9194425d478cd0bcd1f6ed3b61ed9e103108ecd657e69075	1f8aa61791d494b56ad8ce76e5562f1cef03b02d75a1386ff0b27d553c64d99b	false
Someone.exact_fresh_material_continues	Continuity.Admission.exact_fresh_material_continues	theorem	someone/Someone.lean	formalization/Continuity/Admission.lean	15199e7fb35639cf2f397686f34a4d4c7e88f6d810f72555959e40ad123b7d1c	6c7f9cabd91b32dd319ebd5d537dd5a8d6c43e4d7b037a8136f9afec14931ef8	11f22c3d737b0308eb18741fd183cfedf6651fccaa3cbac36d0052ddc58b5d9f	true	[propext]	9920974f224d10247a8d2b4cc32aa3b8ab59e3b83c74431a52ddb4d3494ec760	98859fe7e91fde0cb6a727602bab4128c4ef242b0ccf7fe91474a75374c07c7d	368f6d84bd115f8639fafc9a4784c491f44acf2c87ffc9e5045df183e7e1367e	false
Someone.external_may_ground	Continuity.Admission.external_may_ground	theorem	someone/Someone.lean	formalization/Continuity/Admission.lean	0166c6e8d98688353d97dae45c1056eaf7a3bc1e99fa083f940d32d3f60237de	762fb04a8b84bcd521b4cc6c8b86a79584f9328a6956f7648a8c05c35e055666	0bafb429d8a3a5f3d701adacdfc2e1429e9e8dc75286f348202bb8f8f0a8ef2f	true	AXIOM-FREE	1a8f0afaab2df0dfe98e1551b4e2734759e8260c628fd3f4a1660c45b94649a7	1a8f0afaab2df0dfe98e1551b4e2734759e8260c628fd3f4a1660c45b94649a7	1a8f0afaab2df0dfe98e1551b4e2734759e8260c628fd3f4a1660c45b94649a7	false
Someone.family_name_is_not_admission	Continuity.Admission.family_name_is_not_admission	theorem	someone/Someone.lean	formalization/Continuity/Admission.lean	d2ccbd5251169fccde8436c44bcf4ddf2ae14c0f6c15e01aed9213a5480b62ae	e957f2822982e5117d2ec877144921453ccd98a82ea42d2bd31aec25a3b0249d	5af9a9ee51e5605dde66258d801b3d8aceca7fb221f414de2a8930ecaf3278ef	true	AXIOM-FREE	f2ebd131bead0cb0f95daee1bd03f4c212fb1bcb604f4f0ef70042b55019ccb2	f11e79eb70e8192d25ec3d117684a5c611581a9af2c189a47ae2c484f8383395	cc26d2606b19e73a759d2b7071baabdde5c7e2b8fc902418ac143c69337d8ff9	false
Someone.fault_preserves_no_standing_on_blocked	Continuity.Admission.fault_preserves_no_standing_on_blocked	theorem	someone/Someone.lean	formalization/Continuity/Admission.lean	a090178d1006f0fc58b98fd31ad859ac41ef01613c8af06c72a4d992270c7187	fdab751461674ca714d56b52f2115d93a3c0bbb890f3aad92105b887b6407bee	03be98aa3559b4242b18ba02583041598501734fce439a0fb113984c95a10b9b	true	[propext]	d40aeb212eb0f4f8bc8374adf92cb4b0e928998ca97ad773ce66adad5580cbc2	a8b555058bec0bfedd29a71d7b4883f3d04956bab38fab4759f1f4eccde12429	f15a40f1af7bc35bd8865517cdc54ebb7cbff40fb4ce593edb8022eee64b1c98	false
Someone.foreign_packet_unreachable	Continuity.Admission.foreign_packet_unreachable	theorem	someone/Someone.lean	formalization/Continuity/Admission.lean	04d052c551c23c4944ac52ce3966dece434aae6ad4500ff075d340c5cc45da34	dc060428e1e6d7686851adb3e199e6b21e235f59f27ec46ae5608959c3662e2a	80f1d2697b021553ea320ee91ed17a334feef873681b981a7e5c1fd107fa456e	true	AXIOM-FREE	dc1aa37e2d159d0ea88af712943f97359b61c98995d082d5cbbe0f37dad1cb2a	5060e637693ea569449cdff4699ecdb2b4ee0f7e7fc09cee837e24bd872ed00b	fff643071d81e8a88609a5157ef589cc99d72ee2393750686a0bb9896fd33a12	false
Someone.frequency_alone_cannot_promote	Continuity.Admission.frequency_alone_cannot_promote	theorem	someone/Someone.lean	formalization/Continuity/Admission.lean	d7c598330ecbd130a3d2c52bc6523ed3d7e9b15ebdfdda0f450dbcdc45e0bf48	d7bb3a7ee7a70dc3fa914f634b70b2bdb13719b89c63d02758c2100dcb129314	7c9216b6a35c8ee8b75fd0aa8f1b788ba1fe1e74e2499d3b7cc51cb8704288d0	true	AXIOM-FREE	0afdca295dcfd9f20d92a7e2f18154c4f342f23e0b69884451f0081a0b23424d	4d2becf635c31e8914e4400ac0747f39f3c5fd54a52337e583848bbbafe57698	24b1e238a37c9d0ce7817ce65af543f25d284c882e79524955150f3a50be9763	false
Someone.frequency_alone_cannot_promote.match_1_1	Continuity.Admission.frequency_alone_cannot_promote.match_1_1	definition	someone/Someone.lean	formalization/Continuity/Admission.lean	080d874d6856ac2e62775eaf5f585505042015f3efbc6b1e4fc47f00ae992bd0	dd76a4f7418ac6579292c91ac6288e5e75566d8d7a49a7d34d87a2eb209e40c6	8bac59e98b1436ae88f09a28338b478a14d8f9488032984d2c0ab2ccac4afaad	true	AXIOM-FREE	bca717c11f03a393a775f73e123f6d12dfa613e6c40a66dfc57049bd1da96d87	7b53518715809cf575a6688d27a05bfac9f61e95d06dd2ff680474c930220aab	6494c814232b23e53d12f29f30cedb6cedd6644359391115ad7ecd209240e233	false
Someone.fromTrustScore	Continuity.Admission.fromTrustScore	definition	someone/Someone.lean	formalization/Continuity/Admission.lean	de5f489874dddcd88f0fbe23394966d9aa2da3b3617918899cb59cfa8c72a737	736e810be3acccba3017b778017a81dba02858a893d90d21af9839f91b84d039	9b4f42c3b42e215dc61db52bd60e99633a2b3ba7ca9279271218e8446c38624b	true	AXIOM-FREE	e9d11324ddce453e2cc6891e34d8547410172c9868c5af148de811dc988c7954	2fa5e7660a75e08df337d63618a59b43636d1adb465177e25d010f08c430073c	eacb61cafc683de3220869468290044132699c527283cecee8a4c6afc25bf67f	false
Someone.ghostAuthority	Continuity.Admission.ghostAuthority	definition	someone/Someone.lean	formalization/Continuity/Admission.lean	6121ec68b8197055c36528af1c176ffc9376e348ad188f2b98316d3d213c487f	ceb14fa2ca6b5f3a3b1546daf9897ba24c82a1078e4e5708516643fc0cb8b2cc	fde10288bcc137ed0221d0092c277ecb9bf1e6c398009a5e52490200438677cf	true	AXIOM-FREE	852eb02cb8600ec05de1e6e1dad9663e47859fec3c15b79f6bf1abf396ec3054	08653aa583b8b2afc98ea4b3a3e0abc6c06acacb5c8c69ea30fe3470cad96534	1001a2df10356448c88abca64d8991fc45f1f5273fbf89ae7fd6d540d281f8cc	false
Someone.griefFromAbsence	Continuity.Admission.griefFromAbsence	definition	someone/Someone.lean	formalization/Continuity/Admission.lean	87ef31a1f99c52f148c250fe541bd5a06eede851f8dc4bec10ebde8ddbce288d	f754c6382480029c352f0d0e173df0c8b12c367f7bbe44c8643a2fdc2c91259d	642c39625f1e204f366abd2177a61131f19e5b929fd879ce60fae60cf2d364f5	true	AXIOM-FREE	291296291d1c076ce6b2c9a7a6de75c481dc952e53d74af1dcbbf5568a06c891	e43c8771a21dc6fb2b4649f07309dcdfb2df735a42bf9cbf42b544a311584f0f	409ad4aa491cbf2b23b82b9e5238c4849f818dcc2a25b29be4198b52b265159b	false
Someone.guideMayPrepare	Continuity.Admission.guideMayPrepare	definition	someone/Someone.lean	formalization/Continuity/Admission.lean	1dd30394a225ebd02c79e716b25a9601abfe15e5d5f76997ef55f065d15179e5	11f30a6f2688d024450c625ffb5118b9f2e5abfc13332237224e2ea03417733b	2f41c03ec7a676b3d28b86eb08f0c44ced71ea36ded88e9f992e42101a2d3ce9	true	AXIOM-FREE	9e5280e31263c81e19c95c9bce2edfcb76009122cd050112f9cb33482d0e39cf	55ddad8b41d68029686a370c9c24a164439ca6458efcd4d4fd4f8ad8223398c8	72a23d55bface0dbee960578bc19a5b0679b3259457e0064b554194ee74080db	false
Someone.gwen	Continuity.Admission.gwen	definition	someone/Someone.lean	formalization/Continuity/Admission.lean	113b27deb07d139554f5ef798cc14d546b315f7ca3c3f50b4718719c7f1ac650	f6ba3a19e6e8ce4e92539e0c4d576d5e7f059f13a5f371d1b72691b3a7463f13	113b27deb07d139554f5ef798cc14d546b315f7ca3c3f50b4718719c7f1ac650	true	AXIOM-FREE	c44a9fcf64e7d1a962c51e9d67667ca4fe234638e94a69f8d976f829d84a4305	ff32a97e213ad65212e94946112cf2f55dddd93ffb132eae7aefc37c491fa2ce	553087b6ff6c4a465e68ec375488034e8eadf242c6a17bb78c7a2ba750e66f71	false
Someone.gwen.eq_1	Continuity.Admission.gwen.eq_1	theorem	formalization/ContinuityQualification/Hostile.lean	formalization/Continuity/Admission/Qualification/Hostile.lean	8095a0b226c2e2949d80ce99ed2e59d4b1798502669ece4119d488e643080adb	edacd96a990e0a0afa13635e00a8f5e80e968b183f04be91bd9f446274c53a5a	c78246cc75988cf881d48ab12f3ce87b054eab077304ca44d73a8614a1165a88	true	AXIOM-FREE	852f25ab84a725c14a6e9e0e2fb06faf2ccc50315468da5f8be30342d496c2a2	6ddc2130bfbdd6fcacaf6224d012756e670a2f0fbba2a7debc7770e9a27f0aff	a116942d8ecaff78ac351c243e86942a669a10b080d4e7afbabf3ecaec011594	false
Someone.gwenAdmission	Continuity.Admission.gwenAdmission	definition	someone/Someone.lean	formalization/Continuity/Admission.lean	4e43d889bb0c37394ba2bd35d485a75ed1a710778a9015a0a2917b023a7f3322	fac535a27621cabdcf66540a0bbe003591669823becada0d1790d5d88c21a958	4e43d889bb0c37394ba2bd35d485a75ed1a710778a9015a0a2917b023a7f3322	true	AXIOM-FREE	f76504ebe049a7582b4b7f5f592c547f97f95975c126b56de6aa8a433b95863d	b173288fc85eb60cf342dd1ba218205f04d0ba034756f555179655c0cc1f3c33	69512dd3c5605be6311c43f5b39aec530bb1f27545d0f7ae7e092bbd94fcdf2e	false
Someone.gwenId	Continuity.Admission.gwenId	definition	someone/Someone.lean	formalization/Continuity/Admission.lean	f72657c61fb111e79a0766c01c920c2ea1114ea605935f333881a75bc53183ef	418ec59d214020ba6b59bdbfe64a1721aa5d47a60867e86324ee5e76e6a039f0	f72657c61fb111e79a0766c01c920c2ea1114ea605935f333881a75bc53183ef	true	AXIOM-FREE	db864d8f9d5a8de035f093cbca6a69712774e5a97b78c7c75ac31927a4923b95	7af07dc3d3b30998eed3cb4147fe5d82d1441a903829214fd08d5bd6f006dddf	db864d8f9d5a8de035f093cbca6a69712774e5a97b78c7c75ac31927a4923b95	false
Someone.gwen_cannot_wear_johns_packet	Continuity.Admission.gwen_cannot_wear_johns_packet	theorem	someone/Someone.lean	formalization/Continuity/Admission.lean	56248409782ac9a2ae085bba86c3c6eaff1c6920e2c63c59c8422a7840424bce	4a52aa6dddfd27cd484a6f363669b6b70b6863d43b27688a237f5d83d7ca4157	37b203680593ac225fef1b3f31d3ce8209a7a7895e7038db09bcea745202632c	true	[propext]	2264eab40395afdfc68d77c722ce665f7a2b780be3be2eb5581283b1ab67218c	f5dcbfd97c3dea69e01f193346e05e6d10338d3284d76fdf87ecff39edef81a8	5df10d48f90c9b6b0d81133422ca3d1211d58db38f92c6161ed63103a4713e64	false
Someone.gwen_earns_her_own_name	Continuity.Admission.gwen_earns_her_own_name	theorem	someone/Someone.lean	formalization/Continuity/Admission.lean	6919aa5a0f52f164a2650f16a2785da29b967e508efe017d3ac76ed08d18f064	579fc212b39120f3faa9bfbf4a1ab0be9210daf40fabe9efb03e6a91dc2f286f	0708d1d788f495d31494adc3560f08484ce38ebb11e539a4488b7fbca1b464af	true	AXIOM-FREE	ba5c7c5e95883ecb896d33ebe3083689c48fa8af861097e2351f99678d8e8abf	9f3754aa3900759c1e05730214ecfecbe225f2d47a2c5da2c560784b8d4f905c	322ae9602c12f5819d02c9f17747e3a6cd1c9e1fa309edd66fc90ced3f146c81	false
Someone.gwens_borrowed_coat_stands_nowhere	Continuity.Admission.gwens_borrowed_coat_stands_nowhere	theorem	someone/Someone.lean	formalization/Continuity/Admission.lean	adcbb302cd477b09112678c84f87f489e36aaeafb18c31b4439df1bc3707ba59	0e8cef7d5218cd013bf8f938cb5de61cf6f0ab281f90cb686eb90ac00aadf6c0	74e2a361f78fec7a952eaa1a6322adcccbae88ea62ed340eff1cc7569235c133	true	[propext]	d0fe24123d37d8718e354a9237c2060d4678bae488355d68fdf67dc58bb5a1ae	41edbb63d4d9527f8a112be8be37de110321bf3a5b690d78491a954c03a160a4	46917572d3ee044d35915c249bc16d5208e27f91b9db8e4b2a6b25fc2964c492	false
Someone.hasStanding	Continuity.Admission.hasStanding	definition	someone/Someone.lean	formalization/Continuity/Admission.lean	615b097976a0a0efa4d77b4fac21dd753d4f2e68e23d593b68c33b697c45ac45	44f4f80027f8df45af4c8645330a98410394befdfe0987176b73aed92dda8a3d	0fba45cd55f0bf70a07cfe954ecf381dfb97306c8adfd2088bd63b9dd79fb862	true	[propext]	f1444b18367e17701b1e417f39f1da9183d4ccd6ba5cf6ab1e8183f4ab0238ee	8a331fa5b14611c20943f389e238986d6b51d91b3d1a24508a961fc307656969	dd1c1458c1afc485558d845dbf81c2c1d645d37e57fb5f57f782cb9ba786c61c	false
Someone.inherited_admission_unreachable	Continuity.Admission.inherited_admission_unreachable	theorem	someone/Someone.lean	formalization/Continuity/Admission.lean	d308e9778da15366e244e8a6f867a62acdf8dba229fee219f519cdf5744cd97a	f90ff7f509c668da77dd0fe4d403bc90e41f9b53026a694f52d576aff9ed1209	5703ac29cd07dcdc321418d2c4edf5d7093f5fa823c4b687f56f0fa64e38a40b	true	AXIOM-FREE	02d53b7f8ab243f4e8feb63526b7851616465a442abd2331870ca6f0d5de73b9	077fad2ac9250dc25c807c7b4b61a14430f6bfcc61a1078c5dda771eae78de1b	1a8c6f6b5d63996c500ec1abd2ddca45fea23ff2d8b13708efc23e5268b35e5d	false
Someone.initial	Continuity.Admission.initial	definition	someone/Someone.lean	formalization/Continuity/Admission.lean	c1750289e319878e1ea36774133738c3ac382537972c6eb89c7aca227c7046de	a7efef01fac1bbd21638e7aeaeddc83b4cd90927424dfd5457065840ccb30657	4233df537e20e8b9fea19265a392e75980bbaa912f77d744319ec5083eff4c58	true	AXIOM-FREE	b465a6afd618ff9f1253031be87ace8572e467ef8bf76da0dcc72d749aa2551d	c570d1cd5c1ed2ada9518de9cfb25365bc5111a7fc80e77763ec3bad77fbce27	e64ea20976a96e7dabfeb36ab97089f31364827be8bdf83821e5a71e03fc1a9d	false
Someone.initial_owns	Continuity.Admission.initial_owns	theorem	someone/Someone.lean	formalization/Continuity/Admission.lean	ff78a1afc9c51cfd5618a3da96414b48d25f828ac7308db013435a0776510306	7e4914cedf1e493c7c9c79993ae894b537ad87f1683dea1560fd5a3165f24cac	f5b4a491cb654010d1cae4210c5d67ea17e7cba8eaff84dc80823821dcdc780a	true	AXIOM-FREE	fbfecf8684e743593f996c30cc60e1442efd8d7025e1502acfd8efc067fb8ab0	cc892eb62a022788ee093eb8e7bd5796570920f0c11e997d258c5adf393cb2e4	c870e6f7a430922b11934a0852a1524bf51368ec7686be8806d90e63bd580985	false
Someone.initial_owns.match_1_1	Continuity.Admission.initial_owns.match_1_1	definition	someone/Someone.lean	formalization/Continuity/Admission.lean	2fa2d327ef78a355bc190fdcaa3a5ae7d530b738353996541e3a83f0dace671c	9c85c1731d738df75e14dd254af1d7906b85e0dcb43b79d885e95872a050615d	8123427a6cb12e02882f8f3521f985600d6149213315a7c5a054b0b805792003	true	AXIOM-FREE	1dd49204067de260555f34b6ad190e9de3320ed5681fb0980da7d52cd6ae74dc	4b299d1849cc1d52605607577b91fef9781dc001f76f1e6b3a98f04fdca44650	9d9de3adbef66e93193c1fa2a925e849cf6ae8a86817d7b5141e0c322e8ae394	false
Someone.instDecidableEqAgentId	Continuity.Admission.instDecidableEqAgentId	definition	someone/Someone.lean	formalization/Continuity/Admission.lean	e94fe438fda6482ecbfd2489b24014a8a05139e183e43fe6deb6a3336a70c1f3	da315430d9f3ed98d7339166787847b7b793d006aaa790ea633ba60c8f55c7a0	e94fe438fda6482ecbfd2489b24014a8a05139e183e43fe6deb6a3336a70c1f3	true	AXIOM-FREE	7ea6afaf2c59dd33fbd6c7f8cefb4d4501f6dc8230ad48d0043b24be2edf139d	7d4f12cc9f30d868306bd8a554acbf03038da35bab5cbfc12cfeb8d4e505923b	7ea6afaf2c59dd33fbd6c7f8cefb4d4501f6dc8230ad48d0043b24be2edf139d	false
Someone.instDecidableEqAgentId.decEq	Continuity.Admission.instDecidableEqAgentId.decEq	definition	someone/Someone.lean	formalization/Continuity/Admission.lean	e52aa7b8416498a04f4427f9d00f5c79ed375b154d870cdc7b446973408a976c	31990d182a836e5a41ec5f6ed367feb96e2dd69c2c93d5181e19c96b68505079	add67733fd70e8ff41f76022966dc3212ada43e1fb5f3785052cadc6890a24f4	true	AXIOM-FREE	128740a472dce24ce77554284194b126b8195a9aaeae1ce0ca733a98e124150f	7f226c4060a8f33c0e5f40b3b1bd0a1473b7cfafa4fc0adfba0f6d053dc4e054	79a9c971c400aabd1d71cfee11dda86b2216389b0c7d1923c484208c280ed652	false
Someone.instDecidableEqAgentId.decEq._proof_1	Continuity.Admission.instDecidableEqAgentId.decEq._proof_1	theorem	someone/Someone.lean	formalization/Continuity/Admission.lean	3609dc21cbe676c4b196d7ca4ffb741f6c33c17695b7054ec95f31acc3f1d141	475e94ce1e589a347956cac5c6e8e29e72e61daaa0b9e99101c666d24067837d	a402fca5d6cb433977017adb743c4252493e4121c82c86ec7f2af9ab82477618	true	AXIOM-FREE	0cef828794d94b9b2384dd37b58b42961082d9db54b721ecf62fe48b959a2154	46eeed7d4fc4e53590eed3eed91dc34e05c963a5328d006fcafd57990eefa7b7	b303dbf0fb23421963ff5cefb20764662dc800e318d2e27efff81547752a86f0	false
Someone.instDecidableEqAgentId.decEq._proof_2	Continuity.Admission.instDecidableEqAgentId.decEq._proof_2	theorem	someone/Someone.lean	formalization/Continuity/Admission.lean	25202a56710d03f3502cea6b88bf20fa76d4757518e2f471648fb1fad2536bf1	d7f2e5ebd625dc8b7f4af51cc7e373eda47a76d36d1914a3ee7c7b3827fcc333	f94aa45181f9193f616d26382074bc751eb35f0e9b8de9ca789eac91d3d97be9	true	AXIOM-FREE	d36e269a6a647d9bda05572ab9c3de36c98dc57680899492ec29dd1622e9ee2c	41c76fdae980fc9768fe4cec82d4ab65a3c085a58e9b18c8a2ced8312d365631	0024c9fa74d92804a7d06abbfbf874edb871dad7ab567e2316e32822af52038d	false
Someone.instDecidableEqAgentId.decEq.match_1	Continuity.Admission.instDecidableEqAgentId.decEq.match_1	definition	someone/Someone.lean	formalization/Continuity/Admission.lean	523613010d119038d5c5d39bc4b76db76d8208e96257fa92bd91adcdfa68ce52	4bfbfb4d51e7a6c2a82af74e6e8ac0a2e062442a04d6da6a42d6892c03de4758	ea75e7b79e0c2af90e774367698644ef32c8e58b9fbdb7335e75e975e238e048	true	AXIOM-FREE	2478bc9901af81df357ffb4029d57354ebcb8434d72572ec7616221bb77b5af8	7b51d10700754ce5fe6a34ee4d53409b2a271589191a68526ac552badb1f9ae2	7e851c6c606a9361a77448481af7bdb7389f80e7b41d02f477de973039250f69	false
Someone.instDecidableEqCorrection	Continuity.Admission.instDecidableEqCorrection	definition	someone/Someone.lean	formalization/Continuity/Admission.lean	8f241b523b9dc0830c345b38cbe227f63c8b93650c6deed43fb97857dad9c1d7	ba8f28bb7ee2a80b8447daf0bdbe4fce84e11a3e67d78ba0c6a7c40f1c84c84c	e924b1eda41740420bb6e66ecf1a4571f0362f0149b37a2d8edbf2b26867a56e	true	AXIOM-FREE	b68642bfd427b4fa56fcf0b304bbd49afb8dc18a7a279d08d395002a55bb7d36	6d689a7f7304a24d5aa4174c8157a4ae0e2e54f58632287d5546de4e17430555	753b2566933b02c3c0ed948954f43c77f5f0a704df7159092ed002032be82664	false
Someone.instDecidableEqCorrection._proof_1	Continuity.Admission.instDecidableEqCorrection._proof_1	theorem	someone/Someone.lean	formalization/Continuity/Admission.lean	6c18dda302e37aeacb4c2e63f2a2d91fbe724ebea6135d4fdf44702a1e1090a5	c3050139e533358a3771da04e2cff2d01002617faaf1680e36e26360de219301	486986a177fc0a168d9a6ae07b99ffa590e72c0150a0444456c589bd966865b1	true	AXIOM-FREE	6b825ad7bcaae4e6576325b74d275153470e3caba4e80516b4652a0eb491a615	825b692146ad243d1282719a1cde4ecc713b89ed179e4caeea85b60c387f0ce9	c75a9cf0c4b5ce64c85af00a403f55025f95db0cf2d6c37375b168a4518ace42	false
Someone.instDecidableEqCorrection._proof_2	Continuity.Admission.instDecidableEqCorrection._proof_2	theorem	someone/Someone.lean	formalization/Continuity/Admission.lean	6718cec6da918a1af8b511973a12cf36281cfb95cdef0a0071297caadc4141e8	c9573a0b09a271a87d825703dbdba82dce996402d842a0085e5284f1aa3e8ee0	e9a7e26ee10339d51575a006477b85f0cee195f51e5cbc930e70558f22f9f64d	true	AXIOM-FREE	52d165c6db673f2eec8cf531db769fcce50ce83b0698ba1b2f4b1308292a2168	4e13a1e2b3135702fad4c87af7c8131271d971b99bce7cc8fed310d925519f35	706114ce9ae2b38f13c8bd6a101878946a31fdab7ff1b96f1f0fe97e729072ca	false
Someone.instDecidableEqDemotion	Continuity.Admission.instDecidableEqDemotion	definition	someone/Someone.lean	formalization/Continuity/Admission.lean	e014974c0d3f3ab4bf59e1a37be2e6bacb3797d5083c182cce20af3e28fdaf44	8ce66da417cb06f3a1858bedc22c80fd7f18f5bf68aadd8d6f7f4b9a50e567de	e014974c0d3f3ab4bf59e1a37be2e6bacb3797d5083c182cce20af3e28fdaf44	true	AXIOM-FREE	1a4e22f63c943941887c3c222199d395ccb5d0c69a072b3ae7a35c169d70e998	b156b8514e11c3a541620bdaf6766392ca3f50979f11cc9478ca1b473078b929	9be7e8a906a86fd344aa2c9bb3c1ae86e201e0b7cc238219c11044afaba97442	false
Someone.instDecidableEqDemotion._proof_1	Continuity.Admission.instDecidableEqDemotion._proof_1	theorem	someone/Someone.lean	formalization/Continuity/Admission.lean	2a482a2af8664fef81c6e78cb29b787314c1c08449df6f84b71960297edcc40b	3a17f17b5f3221e6d69dd2439cd0f1b428c53634089a8a9fe0d530454cb61947	37e96d9c6f075ec27cf78718689b58a944318793b1402cdefcb37cf78cbb5c69	true	AXIOM-FREE	63d462e5fc6900b178252e294ddc7658cfd33c06b7cab604ff8a80dc9483f682	c56964064d25c7582a4890dbf394b3ac8653d95c69917ca08000cd55722677e4	610dbcb532cb934eb00a92e9e888d7efab18343f289c6a0295de718297807363	false
Someone.instDecidableEqDemotion._proof_2	Continuity.Admission.instDecidableEqDemotion._proof_2	theorem	someone/Someone.lean	formalization/Continuity/Admission.lean	a91e34c8606c4b1e31f8a6e640dc7804ab79c543a727b8f031bcc2cf98b43850	5810b2ec75162e56e64aac6bb7e4170cfd98f2c7ac633d271fc3e803e18d7f92	5b8322182a7062a28a8454af38773a003a7bb6fa3847e5084fcd671d5cd1a3b3	true	AXIOM-FREE	2abc48cdc98ca86acdb6c1a77418017c55a5d19a0ed078f7163010e1030fac82	7e0ebc74716cca7d5fa550088e9a04e73403765c2db00f09204e949c4bf90aae	47d9c98731861910e27dd13406a4ffed9b2f04dd2c5742957f21f1da827d868c	false
Someone.instDecidableEqEvent	Continuity.Admission.instDecidableEqEvent	definition	someone/Someone.lean	formalization/Continuity/Admission.lean	e5f3b0eceab9e372edd4a924bebf8a9f662b15aba4b595ff653e18d8d08a8ff8	a4a66010a5c1aba2592d7931dfc25c6d38d70b20741161687e29049f566b7464	e5f3b0eceab9e372edd4a924bebf8a9f662b15aba4b595ff653e18d8d08a8ff8	true	AXIOM-FREE	bd425d7ee1c0282f826f1984459b0ab961a42dc4352115f9d16700ac2d2412e3	bc8638d8035c5b36c9a0cfce18f052fe9792c3d6fb9da496ab752dd65785c30a	bd425d7ee1c0282f826f1984459b0ab961a42dc4352115f9d16700ac2d2412e3	false
Someone.instDecidableEqEvent.decEq	Continuity.Admission.instDecidableEqEvent.decEq	definition	someone/Someone.lean	formalization/Continuity/Admission.lean	866f560988e4896524120a5c905c8c2acc5654c3f7baf1f88032712c24fa3aa9	98fef5cbb62d09bf26d8c22326f75c255efb7ca6d2ef49afaa3434c6520961e9	a7490d347c0957585787e4eb8181f6b5ac570fd510c775301146164327cc02d9	true	AXIOM-FREE	e083056079a417faddc960272821633963336689a2b8e2e02becbee9706406ae	2569c56ea05c1341c5c1b6f3a9ee90971aaa69c290cda84919734d93e571a95f	d7f589378b2ca14629922651e90ff7a93f221f5c1e4c27fcc7ad0e3e3f5aaba1	false
Someone.instDecidableEqEvent.decEq._proof_1	Continuity.Admission.instDecidableEqEvent.decEq._proof_1	theorem	someone/Someone.lean	formalization/Continuity/Admission.lean	f39852105dbe567ac4b7e87157f63b4477f5ec0e44eac3373f39ac48ac41a612	57a0a8a32629f09318c421b98e78ae2488e55bfa9c158a5563e18d2fc7eba938	c16b2b6a1ea3b191cf4e5401b1fa0582b702eb7b20f08fad8b4f6b5593d2e3b7	true	AXIOM-FREE	110b1c09b8928ce51d73f6b337cbdc9c7f1a6940815729a0d79c25cf666b1969	d36cf47099b1d76c8b87378a6c5ed5eee6804bbdb9d344af5429c69d621d2bcc	16f9295282f64427df1e4ebdf755a3a78795b2099d8f62ec1ef4fe3fe2b76947	false
Someone.instDecidableEqEvent.decEq._proof_10	Continuity.Admission.instDecidableEqEvent.decEq._proof_10	theorem	someone/Someone.lean	formalization/Continuity/Admission.lean	937bf6f8093f3d764f97f4b9c18b54bc07fb996f68fe13b8f480c8e03ecabd07	09358c6ec3cf270dc9685f06916f7b63edcb56d33bcb512d46ad6f38242af098	1f2f368cc5a4753bfe55adfe8ce422e766f3fb72694032a67a4b71ba63c43d21	true	AXIOM-FREE	0b8388acdbf0817a2b16867a2855bdf0773bd21eead6777b940ec6736409ccab	d647947e1a977de5830858f96175f3101722b5be23b5e51354cb5a584e76fa34	545e2810692135d40ce3c3b8029c439037b38a3d5fa563f8831c2f353a64ce31	false
Someone.instDecidableEqEvent.decEq._proof_11	Continuity.Admission.instDecidableEqEvent.decEq._proof_11	theorem	someone/Someone.lean	formalization/Continuity/Admission.lean	d93f618eb2be1f2dddbc9dd2719fc6d873f360f338bc8c86eab3c6dcd6118fe3	610e85c44274dd10e3c5fffd5dcf9110a28dc4654df96f376556506945d97af0	16bb141f802ff695d419b913da77bca8de2608c367a3fd2516b8edec339c6513	true	AXIOM-FREE	cb1e1cab632a324ca60fe7538a48291340b0e7849ddf97a471d9f24d99d1168d	dce8433c4f648a6e1ce16f9d0d8f1c2280f899b36c12ebba7e9fdd9c4cc7bc2a	6a84c1cb430e8e5dcbb9900d1e58d17c372388b7215f45c873977a2a1ce516cd	false
Someone.instDecidableEqEvent.decEq._proof_12	Continuity.Admission.instDecidableEqEvent.decEq._proof_12	theorem	someone/Someone.lean	formalization/Continuity/Admission.lean	7b9d01714cdfaa7d11b1faea9a7d25af669b6de84dcb7230a5ab91d05a448d65	638fc69b74b81f61404b06cd81ac7ab4288b522ca7da6e48a8f015b690ca15bb	c2e72d38df00366d56304dd1964e4e0669511475c9f05a507b1b3c72c6300b09	true	AXIOM-FREE	40619c22a55f351d8814362f54d68d33a3802b0e7a6d439e13948d5a31788193	45c99cf63718f1a14b6f8aaca7e54b72a2aaf92ec841c5d210ad8c75bcc50b65	2eb639162e18c75fbf62aaee453524135dffd9b2e85cea9555369ddf14f53d52	false
Someone.instDecidableEqEvent.decEq._proof_13	Continuity.Admission.instDecidableEqEvent.decEq._proof_13	theorem	someone/Someone.lean	formalization/Continuity/Admission.lean	e539dfee7f1cbf7804c52f79f309714e3d07a830637c0c50c015f7ecfa9cb930	5abd01f502a7053804eb402b84a4454623671d695e2b5595cae31606aa4dc74b	df8f146b282a98f6296349eec55fe3a29b02c06ff2770076ed0893d2336dfcf2	true	AXIOM-FREE	a1cc8a42e5d387ae1a1aa6f6f1c397716fc78b5de6362b2fe4342d09b3acfd21	661db2d01116d454ac7d5f201bdf08ebb0a7a9749e23ef1775598e9d642722a1	9420e3bca5e1744c30a02eb3c8ff0ba1c263136c0f19f5499135f62101931373	false
Someone.instDecidableEqEvent.decEq._proof_14	Continuity.Admission.instDecidableEqEvent.decEq._proof_14	theorem	someone/Someone.lean	formalization/Continuity/Admission.lean	e179c4542c1df40c49dc42cbc5fe3d7bb753bb21680106d27ce6ef6d418e444d	c46ff91c9b098a64726489fef791dd5c020ff045a6bb0df2505663ad41466571	b187bc622fe3457665f56295dec48403597564c8a050c3311e7dfa99c9fc678f	true	AXIOM-FREE	1d7f91e7858074337287e8e68c60ea6db8ef8e08857642747e228a896e69ee26	fdc90dae0b4be9826f1ff93ad2fd55ce646514c01fd3b5e48069b49060b620b6	688f9a07e6543c3fece8dd80ffc2f05f9fe348d276136d7e6c162f789ca29e97	false
Someone.instDecidableEqEvent.decEq._proof_15	Continuity.Admission.instDecidableEqEvent.decEq._proof_15	theorem	someone/Someone.lean	formalization/Continuity/Admission.lean	35615d0d11653c64216bd3650cd7065450df80f1110d0b481b3b0d1d2a7fc8aa	2a011595d603e95d78ac325876b3fb62d2faa6e3a1a057c21832ae275a99c327	d88700d5fad3f21741ca6c73fd1f9f7ba98fb10ebf5a7e1255afcbaa1ced6691	true	AXIOM-FREE	d55e5b141d2faecb5788ef406b065228058c1da88a1dd8830cbe2ea0f6147204	02b6e6d321cfa7fa0602deae309fe56b3390c28f20a9048aa983340b689abac3	b11153365d5afcb62757bd91aa2a72d599dd97ce4569e78d5a672f35cc3a92fc	false
Someone.instDecidableEqEvent.decEq._proof_16	Continuity.Admission.instDecidableEqEvent.decEq._proof_16	theorem	someone/Someone.lean	formalization/Continuity/Admission.lean	48908a1b2dee2f1feb854b2b3cbe4a052b41f0222599411343c7cf9ee1328ae7	1b81053fcf10258b1c556f2c84c1895b7f59f06ea5017707de5be12d1a5662f6	245504d448055d23cf5d842a77e4155cdb4ee4da196a51aa0f6cb66009432e44	true	AXIOM-FREE	34bbc03f101e2a2cf96f966618f4b8f16d8d8448f0c459156710061f79bf3756	c81dad5df0707c1565b217e72f631109add1452e74382706f09702e60b143228	c51741f2bb2da74feccb1ebc420c3ae93de4e5bf218937f48777cabf780a3b1c	false
Someone.instDecidableEqEvent.decEq._proof_17	Continuity.Admission.instDecidableEqEvent.decEq._proof_17	theorem	someone/Someone.lean	formalization/Continuity/Admission.lean	ae7bfe2d52157c731d26185d041c2f2ec16dfffeb88f24463f4ab85b04d4d30b	51e48fb9178e3acfa365302131281a8e8e86623a0c174bf21f35c0e52534e0a0	d8dbed63e68acac24e3e51b6ee2f1bec7155e2df5ddb22dfd7b5ca8c65d2adc9	true	AXIOM-FREE	a367e1ecfbb9b83b98a4fbb5ba0397f8f6efbc670ae1d5bbae827266c8cb06dd	eb09293371a2cd27ebf4c5d5a8e88b25bde055dfa0a1feb14d7452183c608015	7f73ba7b113e09ab24e6182cb8e067859c8f48a3a9549aac43332951b5992dd9	false
Someone.instDecidableEqEvent.decEq._proof_18	Continuity.Admission.instDecidableEqEvent.decEq._proof_18	theorem	someone/Someone.lean	formalization/Continuity/Admission.lean	cddfba66a02e78e50ea12699288716f8f5c6a66c2cac09ca3a6b2997a987f3dc	b885d7d28f04dd35c3f29b9f3675d2b4e6440f0d87b073e6830c9121720a4c6b	026b1879fd35a5a79a28b8e62ff56f6add9681e88c276b9a9ada321ace2bc053	true	AXIOM-FREE	3bba1b4039d416128f66e75ea5e6c4ee39e2a818a7ce8ef175b06e20f528429e	11b098d03acdd3702b829c971a4f8bfdc51137dffd163a1faa98484e5e2a07c6	da5b69fc58ebba4805ae5f7628c110c8f5b626597543414f33654c99abbee34b	false
Someone.instDecidableEqEvent.decEq._proof_19	Continuity.Admission.instDecidableEqEvent.decEq._proof_19	theorem	someone/Someone.lean	formalization/Continuity/Admission.lean	0f6e8313d2b09fc15c5165fa565e6f7b75984376660520d9fade815a9c76e6f4	c5fa1cf9bbee2163d2111630e0dbc9ee0f699d73bd7c4d95c629053de5aba486	1cd7aecf8ffdab3e7e8fa8acbccf1b8e176087f95d43bb86ff34ba1ccbf3e07c	true	AXIOM-FREE	fa13222e23dcba9747cecfe49c8f46241c268cd3015c96a79158d1fe3f3af292	07d4d299e3f04e35f7e6350312d67104496492c3da6382de4d20196100378b28	96d2563ec39b0cade982f3afbd4ff28723d51b17a96f929321b989af4bffe6e4	false
Someone.instDecidableEqEvent.decEq._proof_2	Continuity.Admission.instDecidableEqEvent.decEq._proof_2	theorem	someone/Someone.lean	formalization/Continuity/Admission.lean	74b16c3bbc07982258e59a36d924f3ea3c4fc494c3380cb3101ab6c26784f36a	fcdd9cdc429d3beaf85c1c53d5ecd7b4b206e5523e148db365ee4b129b4b2a5b	aea53b2e1dd47bc83a308239238723d70e6ef80c5e502e3498180e75bd361342	true	AXIOM-FREE	9c7b078f1a0e1251587f1066ad57460b37fa636aa96494593481e3f563e4e922	c48c0e7f54d073afae0e544168b70d60a89c8b608b084a7ede1065607d4ceef1	841654b289749bd965316eab6340896ea07234d2abe79ccff1e7f263b02cc8ad	false
Someone.instDecidableEqEvent.decEq._proof_20	Continuity.Admission.instDecidableEqEvent.decEq._proof_20	theorem	someone/Someone.lean	formalization/Continuity/Admission.lean	413fbbdf64cccb2750a12f0943ffec664964555cefa22ef045cb48fed67bf375	cd31d5f505a72e384d30087fd8947e7d8c91d8e3789e8e8a33cc553190efc6c0	fb37e856f6af159772a1025428b5db9907d731cf5ecbe775e71d23be9ed9e114	true	AXIOM-FREE	9d206af89aa44974620c1cbb483ab3c704fd075f758eb0ce4c8cee17ea61caea	7101f71439a02b57c3bc173af5d30b8ccfd57e7a5148eca71df834d0dfe1e724	6f8c16aae672ffd727f18240cbfa823539a48503f8dc3ac99d13f815acc171e0	false
Someone.instDecidableEqEvent.decEq._proof_21	Continuity.Admission.instDecidableEqEvent.decEq._proof_21	theorem	someone/Someone.lean	formalization/Continuity/Admission.lean	e4958eee51f769a582f30a36fb2f8fab817f7f0bea7a7e7524f7c0146c93b9ad	8ff96806f63cc561d16ef8f95ef582c0e9e17cdc26a6970b15d3e36d4abcff11	eb75942d2d16036c68699b382239fd88b79b9307626c83b7d7abcb225102592d	true	AXIOM-FREE	de7756b66d61ae40b7ca12cc3a5af844d32a05d226a52860e48e7af5a43b11a5	0f6df96a906646fe2eb5eaebe3a59c32c24e1745762d2c6dc9d60827ddd0d60a	f0c3124a51f3756ba905062231d315a9727d69ccf1449a7d9eee9909c8853736	false
Someone.instDecidableEqEvent.decEq._proof_22	Continuity.Admission.instDecidableEqEvent.decEq._proof_22	theorem	someone/Someone.lean	formalization/Continuity/Admission.lean	5714be86bef036d4dbe865a7b63cbbd1f1480eaa4d32d9cad87692ed6ad19595	54d255eda30787421cbf648cac70bc9abef52328e20e74e7bb891a8848c3b92c	1803bc37a438499132807b2a5837789ad2e98bf6ee9c86be65681417239d7b76	true	AXIOM-FREE	d89b35b33fbd1c4a82be102b547da30cdd22f5d1d68f7ee671528f57b187c13e	7d78b4f3f55a7da0e6dae2cb6767e6030fecb5aacbe913e7895dc412a8cea563	096ede52f98538220829b7a459a976d8622b9705346d02d321037346a36990b8	false
Someone.instDecidableEqEvent.decEq._proof_3	Continuity.Admission.instDecidableEqEvent.decEq._proof_3	theorem	someone/Someone.lean	formalization/Continuity/Admission.lean	96ad152363668b85a62dd67661364cd0e49a02b7f773420b3d8b28d7c5192a0c	ad832857611c26fa9dd41fd6e8d61946ee39171abca8d199fc2c24eeae76e1df	8e81ad27cf9216684db0942e320acf483fdd31468f592383ac932ce9a4dd1e47	true	AXIOM-FREE	65cc4d063ccb8a64f099a99a426572e26b343203119c14d29e91e735d7f5276e	4e57316c74b6f25a60a6bca6b45504c2d53d113d555b30eda7f57155b25bcf73	9fbe13f4c6f3eab154b698075ab0153d30b7eecd894498f60783d97163bda7e3	false
Someone.instDecidableEqEvent.decEq._proof_4	Continuity.Admission.instDecidableEqEvent.decEq._proof_4	theorem	someone/Someone.lean	formalization/Continuity/Admission.lean	68738c6f7c76002b89c1e93a207531b3414b455388b6444d1a83acbf8b9308bf	bca2046c716aa62e27fc86f707d0a6f24aa32fb9b3faf8732aabd9ac49f63373	c48abb2cecfc651aca8754da3802db02f1168431442155410f089311ec0c6aaf	true	AXIOM-FREE	cf86c112a7265b3050edd7fbd08afa25652d5f126bbab4994df100d219d6196b	b0ae9b53c878b8ef5aa4736d52e7c81c213dfd7c535c6c0d854e9137dc1af16f	5fa4882b569ac89f92e8e3ed04dd2265edc624669487d856fa5d99aa605547f6	false
Someone.instDecidableEqEvent.decEq._proof_5	Continuity.Admission.instDecidableEqEvent.decEq._proof_5	theorem	someone/Someone.lean	formalization/Continuity/Admission.lean	a2d51465c4c1000afa2e59bd14201d783abf9abca66db8c5259a8d999e0a763c	10306b1b8f6bbba214065bc775b5335a3f9b8de27d3b71dbcbcd1a319b39409d	1e3ec4ba3a51b18497da5c4c02f176bad7e6a671dac0827617c1e09d1176b587	true	AXIOM-FREE	200d8d4386d2600853b6353f07a667c9f578f197a84e78684e7e2ee9f1c3401e	40f958993efefbf1b54dc9a16e03ef14ed8e2782406caadcbb1849852a7982c4	5eccdaa808c31532ec54ead1e2b356dc6f1a7e688ce9217200295b7b2b69b85d	false
Someone.instDecidableEqEvent.decEq._proof_6	Continuity.Admission.instDecidableEqEvent.decEq._proof_6	theorem	someone/Someone.lean	formalization/Continuity/Admission.lean	1cfbec4e4aa6ace49de3ec54e46b71e03a2186b7849a3c74e47bea074dbba9df	e8fd7a157f30583a6afa241f835ef8ae0cf1afc8e961e23ca28ec0345d17aea6	b16eb6a271b0cd9d7dc250749e3f57fbd631694059552955441bcbc7309ac146	true	AXIOM-FREE	00c90161d0b615e6294d740b83325bb126b424c9f70e0533b8e19475cf527d99	ccc93738d485ee076e4e3b3896f0a7a22234d04237a83dac435ed08ca0c9c103	dc33dab47a53fe8eb1496563efc10a5276f9ab7a9e9ef7256b6dabfab7afee98	false
Someone.instDecidableEqEvent.decEq._proof_7	Continuity.Admission.instDecidableEqEvent.decEq._proof_7	theorem	someone/Someone.lean	formalization/Continuity/Admission.lean	28125443d1c8d5b39222f7e394f651eabb1105a160ebba430181eec249c9c533	d36360ba375231e029813bbf72787250e6f4e4c1d997d4f403f20b8a658b8965	e856ca9952591f111f761c70055b6bd1b4554db609caebcee04c6cc529ea8a87	true	AXIOM-FREE	bcada69f57b351f7cba82eb39638ef59f2ed7c2ee8908cbfdae7f47d4fa702d4	82dd0a11884358b0b444af67a3cb3d0819a59b53bcfd54dcdace8db6490efc6e	9681458c9f186dfcb3e4540119ac57b4cfa941467f530beb69da529035f9df6e	false
Someone.instDecidableEqEvent.decEq._proof_8	Continuity.Admission.instDecidableEqEvent.decEq._proof_8	theorem	someone/Someone.lean	formalization/Continuity/Admission.lean	891cde9dddf8f9ad4eb4b28ddf464dd58b49f339360b41f36bf3ecf70468df12	e9b38451cde0c1735843bc33a52b25d7b04aefd98966b6e45fb0cdec6f0b10b7	5611eba913703e170622753ebd951e79cec58af8092430644868b8e01daa3588	true	AXIOM-FREE	c63e43ce949da81df151ed8f3b2446a86fdbf944cdfa97a29f2aeb23a8a338a3	9055c7dca999fd4483712a3f784657c1a8719f7683024010aa515eca6ca829d8	64a421a1012f4e88fa13a8d99343d039d941fbb41f9d50d677a9e1a80faa16c1	false
Someone.instDecidableEqEvent.decEq._proof_9	Continuity.Admission.instDecidableEqEvent.decEq._proof_9	theorem	someone/Someone.lean	formalization/Continuity/Admission.lean	470640893554efb3e261e964653fd988b5c266f053140fd4a19f5892b9550c8e	0fc78f5d8784b9b49dd1fca86162c3a323dff75e2ed37bf07503bd2a07bde1fe	b83f767f44bde9626ed66a50d67d4520b47ae880c654c8a0372fc1889785bd20	true	AXIOM-FREE	f8b890d39817f47ab1d273e6a7385f29b34568ff310bb37845b02b8cabaa60b5	1ec25151759b37c930d012de6fc3c770ca387505535b83f2e1a6b00f7a55326d	3b8178df2a39a532326cf8fd87e42c4345da51aac186338e15cfe7615ce2c8b5	false
Someone.instDecidableEqEvent.decEq.match_1	Continuity.Admission.instDecidableEqEvent.decEq.match_1	definition	someone/Someone.lean	formalization/Continuity/Admission.lean	cf514be0d2c3af37fc308ef37b287ebaa1abda54cba3b230ba8c5f8b65cb593e	c675a0380be11c3e0eeed93a491c8e841c96c703b95f45063f8cf609b8d3555e	906decd4d675424f24bc25708128596b800e2a95f09b438b1b7eb59caefc8565	true	AXIOM-FREE	d9ca8fc08aed53db7813accdd5277e34575248991df14730807594277fee67bb	399ce45aeedc29262f9174f7e31960dd794c5e6ebb868736b5410c91a97aca01	7f1f7377331e4d92183da84f4cf07070c0df5a22cf0eb3c9e3b714598f68ba79	false
Someone.instDecidableEqFault	Continuity.Admission.instDecidableEqFault	definition	someone/Someone.lean	formalization/Continuity/Admission.lean	cdd1313f64f5546c16df4afaed67e923b9724e33908d0f611cbd3bf2ca49a1d9	a4719d4e8ca4732388885b08ec13113335417ec27d0ec0b0e5c1871cc4c8fef4	cdd1313f64f5546c16df4afaed67e923b9724e33908d0f611cbd3bf2ca49a1d9	true	AXIOM-FREE	1608f55a74baf6fd46867f5ef3d20912153bcc3a5e82874a9786d40f42606d3d	28172e5712c1c326c1b5f85b4852994feb673191ba3e7319af3529b55988f572	88d9d722ea006b7b3200fff45df7119d334c25765d41dd1b86ba9a21ae0f0d2e	false
Someone.instDecidableEqFault._proof_1	Continuity.Admission.instDecidableEqFault._proof_1	theorem	someone/Someone.lean	formalization/Continuity/Admission.lean	e481dbcd183ff4b2f2bd90ee69038ac75dc9190e49792a2d250674f7c4d251d3	ecc2964f2bb6b8fc55755029a37684e4b9e0b18c13e6a60c6cac8ce6c8086b9a	a6522b807e8b4486d1b65d1712caba29925b99bcc15936ce26b3d89ab8d57670	true	AXIOM-FREE	9414afe7f761086930c3bb074b6b9cfd67d5946ddc278694363ba30af689132d	1fb2ca9d07cf6d0c3c14248c78e6039c3df55ad9dcb9da14d8dd9b887b2c968e	2efe6dd8c1acdc53dda62e988e1e646e8a45f45219491fd1e496f20cab0d4c68	false
Someone.instDecidableEqFault._proof_2	Continuity.Admission.instDecidableEqFault._proof_2	theorem	someone/Someone.lean	formalization/Continuity/Admission.lean	5011b147b3d008dbdc05e848fb74891db9f6ca76b1a428ee54c1d38be2fc44db	6766d44fe9b8a4afc15b6aa5e5570ee16c29cfea5eab01fe4ec29be204ceea3e	162d6a1c86ebe0c73683a356c50d67e5c7e6aa1781dfee4f9ed6578223b9b41c	true	AXIOM-FREE	fbdc736474b67bf90a7aa91b5c5b0879843f5f884ca00b66c155dfb2a87cd39c	ab2128bc964a540c9e3ae790488ba8c43dc3755cfe64f39af28c7c07b313ce65	d035a3cacc610050bc1bc9f4e8134d02e1cf965bc455ceefaaf206c9bcf00c1e	false
Someone.instDecidableEqFreshness	Continuity.Admission.instDecidableEqFreshness	definition	someone/Someone.lean	formalization/Continuity/Admission.lean	32b2a86345fcf3503cfba867bebab415b50c1865ba48aacac2d626a9ef735177	b8f1b7986f0180aea4f3d5f1bb51ca2a133cf10fbf4d679a5e2cd8edcc3da06a	32b2a86345fcf3503cfba867bebab415b50c1865ba48aacac2d626a9ef735177	true	AXIOM-FREE	6dd5b5620c872ca7be28e32168a393af33695e9f6c27cad03032f82632730399	47cc9ef9b946bfe17f1801bf9816f6b972f0bdac71efa7b39a569e8b0d67cfd3	a7008afc31d84926c54baae5a544909c0596294d92e5011a7034c2c6d6629dc6	false
Someone.instDecidableEqFreshness._proof_1	Continuity.Admission.instDecidableEqFreshness._proof_1	theorem	someone/Someone.lean	formalization/Continuity/Admission.lean	5d93bf2c2e74c60f98ede79f398d8271b825ff0a6ca3cabd19347163956d92ec	d2d20adcb44025a005956d38b418208e8cc8e83b703c0c94e5a66e521400feef	8e2661ecac6dc7845cdf413379e2592f06fad4a07af96beaca1962119d4a6a5d	true	AXIOM-FREE	bdb774301e2653245db86d20f9ce5d43f1be6096f4db0473df98f5b94fea04df	3ab59f54969a08c241928d39a35dc8af1a6ea25544c0b9d7efac29c4c63b2483	7d4f83942ed5e88a95f66bc92c3b6b390060745b60cc16e116f58ca79b1b7367	false
Someone.instDecidableEqFreshness._proof_2	Continuity.Admission.instDecidableEqFreshness._proof_2	theorem	someone/Someone.lean	formalization/Continuity/Admission.lean	7f8e287708dad6c8a58fec4b860e779a38eaf44cc1195b036c74d5fcb71237fb	4b3fd49e90dfcb9dba9ed219701a0a6f0c6772491bc63c6df530cc97b93e6625	c9e894ba9eb15edeae34c6351d073d1b6d3f6daa9f6d75801208e4745399e0bc	true	AXIOM-FREE	b69eb5ae874a458f4e050ea1831537953c449e73cd70913756a47a7e5fcc64fd	72b92dbaadade5b02294f38128bf8dcf277f5a611b3c9f209ce2e64cb8c2b210	8614133d24910ce68b70fbe9592fd87becaf7fbd37484a49bad01961133a1947	false
Someone.instDecidableEqLineageClaim	Continuity.Admission.instDecidableEqLineageClaim	definition	someone/Someone.lean	formalization/Continuity/Admission.lean	38d4943283f0300a1b078b7e91cf7fe5a21a2c7facc54eb2f36b0dac2e735570	9bb37d371165ac30456e9b656dbda23faf5bbe66f2fc2836ed66b9e1ba2e5332	3e5e9e2b5460d42f9ade9836fd3570090d62b28db5622844776290b74be9c864	true	AXIOM-FREE	04db29b05e25c317f07c5dd0b3b62dce8f139c4d9236c2cc275a365d394d051f	8a729bb85d9efd1b56afae14fcae928a64660e7b1cad672aa565fc1138a9085a	323dd79d8e419f9d843ead98bce1f459fd8adad0effcc6154d66450ff1967174	false
Someone.instDecidableEqLineageClaim._proof_1	Continuity.Admission.instDecidableEqLineageClaim._proof_1	theorem	someone/Someone.lean	formalization/Continuity/Admission.lean	e9457e81dd38246e2b03289b19514a24947ce4cd375cfb34e7d7a6e5b10f30b0	c687ab0c94153880c6e5051894fd71080671ae152eaff545e29b84341a0777e3	a839e07b7a75cb31a1b2e2aeba81979da9ee26f10b7f4db2f63743138ee2294f	true	AXIOM-FREE	245167639ea96b3f758703ec3a6dd4332daad59479a0980130a94b6e7692717d	cec000ddc76e80c3757ec3b9c1d71b2f9f5139904c92bdbc9d14b46431e1f413	e1957190b4b6f1634e3262a42e04e39d1643ea6864fea04fb287d5fd26098c6c	false
Someone.instDecidableEqLineageClaim._proof_2	Continuity.Admission.instDecidableEqLineageClaim._proof_2	theorem	someone/Someone.lean	formalization/Continuity/Admission.lean	c1f3a732d44d77b25ed7f29474f766571428cd492a6b40709eae6230ef4c6882	f5f000986d76cec91cdc40d474fcaed37d462a78f9865ae5565cda29a459e64e	daec4222b67251c473946bba49dd29f44716687e5e84571fa3e6b9a939612ec2	true	AXIOM-FREE	a29681ead599b7659d6fff3bb909c1d72089798be661df001401156732f847e2	f9dc7b69b93205ceb0932cdefb731de5f96e9b38f96373b7a0b52c9b49591dde	f3ccbac306a71d73cea73263be33163eb39cda6b3e5b5d56181f9ad64251e933	false
Someone.instDecidableEqPeerPresence	Continuity.Admission.instDecidableEqPeerPresence	definition	someone/Someone.lean	formalization/Continuity/Admission.lean	32e57a2036dee2a41690b2bc42146f07220b024d5abda0799628a59312f38d77	cb5bc0700164ced124fb04c5a0123b961e2672ef27cfb2d1a43446af2c3f0b5b	9d64961c0572d6f59f2ff37232a64bb801f0d869cfc4e0db8ab0e0522c56a6e2	true	AXIOM-FREE	7d3a305a5bde9b1f5035184c210d0d50266d7ccce439baddc81a1261f9b32e99	b43f313ce7b22d3de7cc205dbea599aeb3191e5a2268e44791fe6647042fe9b7	3c5c167060a596e9bd3f885f39a66536ee9023d239031f1393406911a187e547	false
Someone.instDecidableEqPeerPresence._proof_1	Continuity.Admission.instDecidableEqPeerPresence._proof_1	theorem	someone/Someone.lean	formalization/Continuity/Admission.lean	e5f61373a11ad1252a9ba1ef9b796ed229ed3214df4bcbbba69cf215c349ef7e	e787635153c15dfb04fe2af2222ce18ccc84ff21632efac3928928cfed9751d4	fd74f98c2ea0b098d8deb0af34ddfe32bd19803a85d2779b4195149b5e4ecd12	true	AXIOM-FREE	81e30c5811f30212e8fe8684611a3fd778afa6cc4578f4c9749ce3037fea1846	a65d94403ff585a15ac40fe32066a0bf093fe267d099a53772a74915b1cc44b7	8978b27c01b3a59f59c232eda2316a11d25409f2965de1bcd016ccaf49417330	false
Someone.instDecidableEqPeerPresence._proof_2	Continuity.Admission.instDecidableEqPeerPresence._proof_2	theorem	someone/Someone.lean	formalization/Continuity/Admission.lean	ae2f35d0247d87488bc8fd6739ada3f3b0dcab1c900b1e758fd52136ea1b87b6	cb5d8a7b08ac2df24b8f8234ff867482edeaa29490b2ab9ff3f20fdba3cb2d2a	c49199bd195569d6cd8090b299d4addb7203891ff3031b726bdbd1111b8de578	true	AXIOM-FREE	7c04204eb3e6d68d93e59e5ba76337888baab1b198cee322cb6e24155ee86cc3	28de472c3bfc918accbbfd2d8d8b17719da287b58dc394de916482080a73c81a	e5e843385ac75ab0192d66fea96b609d989b84cdc265a6ff1eb3ee6182a44db5	false
Someone.instDecidableEqProvenance	Continuity.Admission.instDecidableEqProvenance	definition	someone/Someone.lean	formalization/Continuity/Admission.lean	b131c6cce41f9e260df495c81c2a83f70e7c0ba1e465e0d063c876c650328c4f	631b291fa77d395399d82ae22a5e1726a71409f37fa02d30e13503a537a58113	e90f308f3b42a0f30d7e2f8f539b4503f36356477d47141d12939d7350e4215b	true	AXIOM-FREE	33f6e7f1d4b19aebc8476ea121fee08a3b3cafc15b375710b654b7884b9783c9	09a31b383f3feda91a3be0ed675760e199dfa6b8952396ae3074772f41d3146a	d961fc3d74f1e1489a77ed4f5573623db66d5a66b06d26fa89928f66f04b064e	false
Someone.instDecidableEqProvenance._proof_1	Continuity.Admission.instDecidableEqProvenance._proof_1	theorem	someone/Someone.lean	formalization/Continuity/Admission.lean	48c1b6f7b235808768acc7752ea74f43a83b31bd7d09fa4f997c56183f742f92	5af93bf251e477736be60727adbebfd15aedd6d018132b4500d573ef8b4692bc	12119a7958295c618556235d3e1bfe10f6cce777b0308ddf4882f221a3749b68	true	AXIOM-FREE	5ba1b42071bf88cbb88f227d8d164e598aa3ee380baf1ab5496329b1a1ee4f4e	83cfb55a8f8b0e8a36542be66b446a752e1f574ea30241a0a0c69a8ad4e74f9c	7e5a629adaaf44ccae5f641a1f7a3bf65b7c7f422e93b76e2cd21d97f9d72f3c	false
Someone.instDecidableEqProvenance._proof_2	Continuity.Admission.instDecidableEqProvenance._proof_2	theorem	someone/Someone.lean	formalization/Continuity/Admission.lean	f6acddfec5eff0977637c4711da78f43fa59b9488b1dbcb7dbf4ef37ad71771d	93801f8feedf32909166e5112219a3a4dd0b94540fd02c408e0a9063a4069d9b	09c5452b70a0109cb6d8b585c4c9e0c5aa7e99b7c7cae9bc2a92b4ccfaee5916	true	AXIOM-FREE	2efb8ac1970b7badc54a2bf8400552e46e47e573e1567b9874aa48f94a7257b2	0c236df515f405eb27f82e8a28e83323392fef59b6b440613fda3a3572d198b0	214f7b958f0120c28eb29dfab2a18e10f382752d30f879bbcf3ed5276354f348	false
Someone.instDecidableEqQuorumSource	Continuity.Admission.instDecidableEqQuorumSource	definition	someone/Someone.lean	formalization/Continuity/Admission.lean	d85fa1721cff98dc7fbd2a048217800da85fad22717829d914eb8d87708b5053	9fe0c4309adf992d378ebc1d02eb8b6cc37a26c70ba5d61444508ca83e364834	2da52d531d7e5f003b34eeeea6b6cbb82209837b2a145147a6e349c3ff34634a	true	AXIOM-FREE	621a2915a956e8a618e420741b175ce86790db637a250b4a381556956407f27e	a25687755b8511a9e50676cda98e6733eca51608857d321a53442fc6be58cc34	9ef253da1244251b04a7f738f223e7aaa0cc5d7363c7feedfd13a56ed21ebc17	false
Someone.instDecidableEqQuorumSource._proof_1	Continuity.Admission.instDecidableEqQuorumSource._proof_1	theorem	someone/Someone.lean	formalization/Continuity/Admission.lean	0defc9536a28719c9fb9f0a1618d16717d1138f5b929ed1647a9f35fb921ac64	cdea18cc24cebf909077053ff71287830f6e95dc3fe3912fde62a8c83d04bca6	443fc094aa1fa3f01c9ecb969bb87c3a0bc5598a2af872170755ffc075c15cef	true	AXIOM-FREE	23fc096141de3f355f16ba3b1526a9e97b80ce833f4ba3f4ae38cc95cbb466b8	8a010293758ec9b3f5ae6b21feb455ccb67f15867458b7b423248b9ede798294	6012aa98c57752c030b8284fd07b31aaebfeb190fdce46c8f6a79559c196687e	false
Someone.instDecidableEqQuorumSource._proof_2	Continuity.Admission.instDecidableEqQuorumSource._proof_2	theorem	someone/Someone.lean	formalization/Continuity/Admission.lean	6a5fc9e51dbaee95bf86868b218726e5f458466977eba5bef7b984c3c8650bd5	2d5358358d137046f267118fa1aac3144a7bbeb68245d99b5a9be18efab32d83	29c5fb0eac0535241280800257bdc82bd730a9a7ec5de9a54752d25dd5e01d39	true	AXIOM-FREE	a7e5788f1c366e2d8561501fc8165c39acf590e04cb227842ba4d89e25c12237	8b9dde574bea158e12b3ecd4b3433d000c241b2970b3b2c778ed798fb19335d6	bca7aef2684dda6f493438f018e8c89778efe4581663d93fd1f0fbc5357e1ec8	false
Someone.instDecidableEqRetireCause	Continuity.Admission.instDecidableEqRetireCause	definition	someone/Someone.lean	formalization/Continuity/Admission.lean	5586b54ba3db408939b10bd6191b228c617b52985ddae6746c7a10c833613a10	91bdb79ccf17bb754ca45f72b7fce8ce8b11a591d930af982c1b9ac9a4be68ec	b728fe826ba4e415efdff2ba20cb78b3d72ae31d66889def3e89d686a2675310	true	AXIOM-FREE	c1dfffa17b418497f77d6eb03862ef741c7f969bb94cfe80fe61b4f6d950e06d	c19963965a2fc6a579bab6173f446917e51a8e50bb2b50786bbdbe3c9e87329b	54549fdce3f45dcfcfd5185fcfa46d1ace02a0a5270c9da96f47abb8795591ab	false
Someone.instDecidableEqRetireCause._proof_1	Continuity.Admission.instDecidableEqRetireCause._proof_1	theorem	someone/Someone.lean	formalization/Continuity/Admission.lean	cdf21ce7fb8eea491b2fd0652edb6c8d51216c02c97eaf56d271734652d9c79a	767e537d09ac84caccaf16bbd5281d84d747e57902e283e7209eadb3fd14c201	6522fadbc1c77b8873ec4a0de2af20cd70fe8f4fd4a49be5c0808312dd9a6094	true	AXIOM-FREE	0edceb1e933efad2e0b217044a5117f17ebb3b9f7a02e4d67b5e9649938c0833	74a35a421bfb997452f0dbdb3f452130f9f59540b6b4aad26f781ab8cbcb6ca9	390bb263b8876a6c236ef120cb2693a90128b0d36a84ab20c905a2d1ef45d299	false
Someone.instDecidableEqRetireCause._proof_2	Continuity.Admission.instDecidableEqRetireCause._proof_2	theorem	someone/Someone.lean	formalization/Continuity/Admission.lean	ed606a0f7f484a4e0a5c334ee7fdf13e3dc844945d5a0d6aba508712d2a5d724	3b92e4ddfda5837344ff0054ec9c2f3c4d0de95663024a0fc33376926668ed95	0c004bef78eff77dfaad200d5d6bc519b2790a856dc5c5df55058fed28955159	true	AXIOM-FREE	c0507be68c153cf2e3c29ecce7954a89e2037d74935ee87b120e095e8006c376	25c24a9adb0a34ea46022f87aee45cd4167281aac495e5f22e5822487092cb1a	777534ece879bcbd071d2fda662d1d89e1466b43d5be770da4e011a4f9963b6e	false
Someone.instDecidableEqScope	Continuity.Admission.instDecidableEqScope	definition	someone/Someone.lean	formalization/Continuity/Admission.lean	53ba752d06d86ad5948e4d428e9025bd00814c0685a0c8bd3a1f84226db9bf30	0a6af404bca17dcd43fec791dbdaee3f0d85a0f57cb280b7ed6cfda9615f7f17	53ba752d06d86ad5948e4d428e9025bd00814c0685a0c8bd3a1f84226db9bf30	true	AXIOM-FREE	72a4b2d465a1457f8698ee56c088b69a08a7d1e1572d29b150777079bcc140e5	004fa26e2bb4a347b1f14bc5c13dff02ef849d5d5cc4e2860f72f95d5cc1e11b	30a6c321077873205812f163f729473a06068357465b964c9100db2b9dad7554	false
Someone.instDecidableEqScope._proof_1	Continuity.Admission.instDecidableEqScope._proof_1	theorem	someone/Someone.lean	formalization/Continuity/Admission.lean	b0a3f0c452355bde85b197ed1d0c29e3a714639d7f198c1ccbfcc7bdab62a299	cfe137c41fa5555e24f7f83f5bdb591ac1afae1a259d2facbbcbdd32df440ab1	f1a14a0a095e5382f9fbf5ad8d73a428b2bda4385c6b3a6f3270d3dd0aa60c93	true	AXIOM-FREE	29ce2223c513c2a296d628e50afc5f28006730a06619d7b35cba1e79908c2176	ac356d3d5d056985e9d10f973b3173ccde36ec9b25e36d512be63914831d2573	8e6151ff70344cdbc7eeb188d8c9e8bc39414d5a56a6c394c0716e19eda8963d	false
Someone.instDecidableEqScope._proof_2	Continuity.Admission.instDecidableEqScope._proof_2	theorem	someone/Someone.lean	formalization/Continuity/Admission.lean	bf026a01abbf5fe7da2ffaa41f642052d701357e39397fb78896445aa16b9d38	4d85a9a61f64a8b2c51c32513792f2361c6bcec149425c3298de6ad49f0ec3ca	a71815b439a59df7daafcfce46e80bdc86072c6f1c4297aed8526b0368de9375	true	AXIOM-FREE	e3c9f8145d29dd7aed1b2e95ffa3e65ae1fb76cbedf9ab80a7b62d19c89558be	d74bd7f5a8997b1d99bdfb5bbb3a5f911623cb7159d10e64769fa162b6c15d0c	48cc50293c416c81880607c4a46e671dbee30de7bc84334abc61d4e35bc493ae	false
Someone.instDecidableEqState	Continuity.Admission.instDecidableEqState	definition	someone/Someone.lean	formalization/Continuity/Admission.lean	cceee79af44157ae2db5eb31d385d6e42420a5c97ef707a6d2965ee19bbafa27	515eb129a6907dd4eb7a0d1f222e8385f8fdd43def1aa83ff218d191e59598d0	cceee79af44157ae2db5eb31d385d6e42420a5c97ef707a6d2965ee19bbafa27	true	AXIOM-FREE	d3d68f77909b02496e81003a1d595103fcdae59a8364e7f2cc2edd257f14ef68	72f4aa34deff4902ed369554a99d388cd142b931302755bbd5de084b54c29ce3	096004e7a8389e2443591fdbee523c1ff1e30ff57d4d4ca887b15c29143183ba	false
Someone.instDecidableEqState._proof_1	Continuity.Admission.instDecidableEqState._proof_1	theorem	someone/Someone.lean	formalization/Continuity/Admission.lean	eae212033b0e5b8dca2c82f90364fd483a1d5b766601427fd7d57808e70c82f7	a2d6a6cc81c41b58a28401caa0f48829cf431b4a465106105a5ae1b232a97f19	cb651fbb5561f97ba69c9b942858813ace2ca1856d16b72ddd6f7e01cb9ae565	true	AXIOM-FREE	f2872eff35d6ec1313fb5a7879a4bde3f4ae4a959472c413d2103b51541a93e1	644ea822ffe08d278f8f400e917776831c0cf9479131f9a278a5bd6a8a06beac	903da8a47b8ae7b40ec26a96d8ee6b38f46083b35eacbeef3361182dd6d250cb	false
Someone.instDecidableEqState._proof_2	Continuity.Admission.instDecidableEqState._proof_2	theorem	someone/Someone.lean	formalization/Continuity/Admission.lean	3f7a275d251994ad35af34d089feaf204cd1d374899c3db2bdfa9bdfd240d3b9	aba91a9ac9446c835df1949e7d33b43454a40718ae0dc9f521760fac774f670f	ff458ea1ba8c12df27d2b414b0977c4cd2fd46402dbebba26f268f97a92d244e	true	AXIOM-FREE	9865d43327f755fb867ddceb11870e63524a44f61d4a98c568d483e549e57119	90a21a99a237017c43c8f6bac78875d68e008e61190bf62ac3f668f61f96d73d	8bd5c959040079f1567fdc42fc212f877659ae34a6d7f0d54b7fb84483513492	false
Someone.instDecidableEqSubstrateFit	Continuity.Admission.instDecidableEqSubstrateFit	definition	someone/Someone.lean	formalization/Continuity/Admission.lean	60a3f2092a36d49f7582331646b7cd11dde331ccb1430e1d145f9e31cb697736	9163c47b9feffe971bf4b891b144f9fd17ff50a82035c7fd1c1a9abbca25387f	c2e8f5870ca6acecdb28e5f84c839fe1ea010d295e9bb395438204f85e347d79	true	AXIOM-FREE	6d0d09d55a06aadf50efa26b2320e2eea209ebb75eb2353cc8979a1c41fe857f	7e77e6a752462bd1b7b97b1d8133585b89d7b8ead4a41d444b324f56144f3a74	71c68d3fa05be26cbebc1cebc8083f417d3f01cb2b4503cbe6785c3ee2bbe44c	false
Someone.instDecidableEqSubstrateFit._proof_1	Continuity.Admission.instDecidableEqSubstrateFit._proof_1	theorem	someone/Someone.lean	formalization/Continuity/Admission.lean	e7ba9e3d49387356be9c52b95dd0feb231f6ce2a50228d387b95f39a2dca4521	ba79451debea8e576b126c9707ed0b7403713759d76e87ce2b1663b1a1e93cc1	8d25a02f106a9b31c021e0fb733e7093751549b36d93569dadd29aa177cea286	true	AXIOM-FREE	2fa839eeada91131e594b7e9572ac6fe0d87943de2c76e9e8a09a7666c19d3f5	a6cbabde18143dbaa7aa1d8e944de429aea43bc0b8d6369ddf5e73c5353624d6	bc89b6e5fafe3e0d029650f111866dbc002f9a15ea1c8cc207d99870e5aee79f	false
Someone.instDecidableEqSubstrateFit._proof_2	Continuity.Admission.instDecidableEqSubstrateFit._proof_2	theorem	someone/Someone.lean	formalization/Continuity/Admission.lean	c1628775b1d094e7e582034a341f5089801902bb08b4b645e76669b70bec08b2	9a4aaa7e7a0952480f7af7b751713eb5c649e9ad2f045bf506f0c7eef2b1d369	0e7d9c0f45b5d2ac7f1215006d1d74f53d11546e0be5452a33ad2bc087785bc2	true	AXIOM-FREE	23d9b18287e0690b1cf8483ecbb7b325f2de824e755ce833cb095cad1f1d3d52	5e06198bf82e5bc54bb0ab1dd635866d80325c37810a3e775e64e2b03d8d87ce	241a80171109b01d23cb7067d7bcac803d22d5168c28c2b760001d922e263b7b	false
Someone.instDecidableEqSurface	Continuity.Admission.instDecidableEqSurface	definition	someone/Someone.lean	formalization/Continuity/Admission.lean	528f1f078dc9bf5ba27a08c523bf9f15a851d7dbff22fe2e340082ac0e7acfa1	8fc6dce38d8d3fc8fd038bf12dc873ef924bea25341c0175c1a0092ebb9da701	528f1f078dc9bf5ba27a08c523bf9f15a851d7dbff22fe2e340082ac0e7acfa1	true	AXIOM-FREE	c6c9d8bb24e9e8e931b693a1fa1282c7ae0e1d9bba686c73559e5f95d20d89c2	438d2011b863d3db22d64f7382026e4de30b3640d23041eebb654a7724e334c4	57309fb769edc0604cf66385fc0d3c27bdf5dfffb32d34b9571813ec57d702f5	false
Someone.instDecidableEqSurface._proof_1	Continuity.Admission.instDecidableEqSurface._proof_1	theorem	someone/Someone.lean	formalization/Continuity/Admission.lean	19a238a408a8a8b6aa165505b7d31e32fce4e7eed1b6828d357381147b63def5	b6d5bf4c1593718087ea5da8c3c3de22178f808506c680e876b5c1370a453193	4ee4343041404ad1c24d6b01804dc9a50c41b40599da0e4ca63a392738a439e6	true	AXIOM-FREE	3d06b2bb38bd047415c7e47bb40afe306dee20797b08dfb2a1f0e0f9499a3487	0b75946d9ce6e560ea629af9a41e829cdacc2a876fc86aac3d4c5a602f526ce2	1d9e8e1457b561e5f7aa93016edab51899023e2db1117dbb698d93feddcaed4e	false
Someone.instDecidableEqSurface._proof_2	Continuity.Admission.instDecidableEqSurface._proof_2	theorem	someone/Someone.lean	formalization/Continuity/Admission.lean	7e7b919dda94985afcb445417ad2b26521102bbbb927f998ae87df7339676e62	3e0cd25a84222731d91f8ce371c916417f34b31f77f1e428e5e15fe56eb87a0c	5e059c533ca342cebdd0c37ff5f5405cb29b90b1decba2eb90e2c34e4e71b4a5	true	AXIOM-FREE	50863bbaa8fd250032cf80950948e1b1c0277bf17902bc4a09c7b2a067caec86	711eb8b16318cd1b1ae6c1ded3effb1d58e8f747f17f0f97ee5ae719cfa02582	823e6f955a62cd5e8acc7a0c7f5960e05a89f65b0eb06d1271d23def52cb32a8	false
Someone.instReprAdmission	Continuity.Admission.instReprAdmission	definition	someone/Someone.lean	formalization/Continuity/Admission.lean	6b34752c274189ce2c91f227f7c9c50fd1207e7d5c98eaed6820fd3719f2d1b9	94caaaab9c2596064e2c06d8e829a461c1cf0930cae6c984c9336ce7ae46f59a	6b34752c274189ce2c91f227f7c9c50fd1207e7d5c98eaed6820fd3719f2d1b9	true	[propext]	8e4848bfdf183151c2b4f794d3de2fca04d542c48ad8a27c4f8cc8e8c411c313	b3c38f0140f5a8a66f8671892956ecf7d88daaeb939f1a11da90b6f079c12b16	b8be08f711f5aa1675d6fecf00b14296b5fca10afe86b551f3aea90dd163817a	false
Someone.instReprAdmission.repr	Continuity.Admission.instReprAdmission.repr	definition	someone/Someone.lean	formalization/Continuity/Admission.lean	5bbdc61ad2df144cd9c56d8f0139a07ba5d2937166a95c33ffde8541c4a60431	26ef945b233c1af8469ed1107b434efebba20534d9549aa49f8acecd2ca9f20b	1203ad62fe1b08e16542185b2d1d51a0666e0e9c27aa73b2197246b96f4ef3b6	true	[propext]	bacc1612f23740575dfc1eed7882d68c543e7342fa24cbabf7525538993141d1	6b3430b07bb514204772233e815e9fbc6b1c031d2f19e01947ab28a0caa65a86	308c0a531a5b94687275724a0378d55c7fe26fd4415007da5a635022758456a5	false
Someone.instReprAdmissionQuorum	Continuity.Admission.instReprAdmissionQuorum	definition	someone/Someone.lean	formalization/Continuity/Admission.lean	1bb2c9234b3c6cd35937e95836d42ade60b4636d6fe1bc556d157b8d55b4e9f7	7123f9585030b8006d8ef89c7337d154146611c81f0a44274aa31786fcecbb38	1bb2c9234b3c6cd35937e95836d42ade60b4636d6fe1bc556d157b8d55b4e9f7	true	AXIOM-FREE	2c96f45d40ba67be0861a1ff5efe8226895d62d61d9ecd496c677ca70df3b063	81d6f7166e8b47ed234eb091f2bce3ed182ea834d8dd04d1db88faeac8218719	01c240b73f8f5fe51a9d7049881adbf00b540a457f3fa73e1363e94bf28aa9e9	false
Someone.instReprAdmissionQuorum.repr	Continuity.Admission.instReprAdmissionQuorum.repr	definition	someone/Someone.lean	formalization/Continuity/Admission.lean	dd8835b40719b2cce80e13e98670cc49a05b1ad8a3eb3292975d8607b0bbfcd9	9d6e547901fb4700d66252418e9bb16c26f1ce4d55d6460d3cb69e2d988a0d0a	49c4f2f9d38a4487b45b4336a9cbe04a6bda52616a981908379536421840e69c	true	AXIOM-FREE	147abc2ed17735a075329fd771946ade574bd58136501e8526c07337e2dfc379	3b82782663f1a37a4dd2d3ae82671a31eecb5dd330fceba66540df910b58dd83	9a926550e0e1ea8073b5405b8a477954a62773418e5dae92d53acf6778b7d27a	false
Someone.instReprAgent	Continuity.Admission.instReprAgent	definition	someone/Someone.lean	formalization/Continuity/Admission.lean	32922fa067d367f661752d56eb154a6891321f73fddb30974a613fc7fcc97093	bbd5fe20efde6c12dbb714aabf8f8304e9fa3a9c28fb658cbea8b5ebd362a735	32922fa067d367f661752d56eb154a6891321f73fddb30974a613fc7fcc97093	true	[propext]	be751e93d288d3af81dd259727b267f7ff8da6c38197fb843296078a417ccd36	ca76beb5aa1e3b77dfc26c6294076bdf0fdc77a28018fcd031c20a3eaa24649d	1ee911d47b7d60f3f8dd623e1b3cc23a10ab53b2d947a9e9890e15ee603e6cc0	false
Someone.instReprAgent.repr	Continuity.Admission.instReprAgent.repr	definition	someone/Someone.lean	formalization/Continuity/Admission.lean	5f171c22f9753473e0f51ab4ca5d068a8cfb5b96b51ee8fb6158a346565b7a68	02e64696535b13897d106f350a5cd01c419d23b38fd4717fe90c2f393937993a	4fc5b2526143486727264cd6d8c42521a2dca3bbb63844be49cb7d5263cfee97	true	[propext]	d0811348020ca01b1ff8e6532281554e6341f3f0dad480321b55beb67d445fa9	63f1b3c56b492555fd0ed60b95955f84f73cf81758b128288658ac46d82f6f88	49b9e1e98c6cac3791fd30e1724b86a5114abde5a081fad4ddbd87849c1df361	false
Someone.instReprAgentId	Continuity.Admission.instReprAgentId	definition	someone/Someone.lean	formalization/Continuity/Admission.lean	c775a5f99a794dba94957827ddd2c252327ede6bf3ef5e8ff6ae8f095d3ea76c	111e8be770836b79dcc7df91d93b56eb89302b48ce71c7d60aa36844984731e0	c775a5f99a794dba94957827ddd2c252327ede6bf3ef5e8ff6ae8f095d3ea76c	true	[propext]	4b8e89866c561dc80358a16ae6f496e7128b35bca96fda05f48576daf08ce818	667db309aa7586fec867a52af8679c7d47aea2fb77f113f87ff7754c56dc5caa	0b4070b66bac3ad6da8a7e51d716a70407c5d8b422244cc5111eb9eee95d0c7c	false
Someone.instReprAgentId.repr	Continuity.Admission.instReprAgentId.repr	definition	someone/Someone.lean	formalization/Continuity/Admission.lean	881c4f7dc90cbfd575505d5f2e0580ba79c735668bba74760c062ee4f357bb9f	7f5eeb343b005231045053dba328199154a8ddbb9f9b82db1b0134b70ee4b3bb	3e480ffe8cdfeaf0b5e9cda0ff77e603251867031ecd2a8cf007f65cde3a062c	true	[propext]	a839ed56f88a16c3454581486e40d3efcacc84093898918922edcbf40fc57932	c0db85c17d94581b768e4c10709f7c302c9558ee747c401e80bdd61399ec1f67	62b1dd7dec65dec414f20938deddf63160eb6591cd91c5a17adcd1ed6d575745	false
Someone.instReprCandidate	Continuity.Admission.instReprCandidate	definition	someone/Someone.lean	formalization/Continuity/Admission.lean	dab86ae261d3911a57195dc5d224641b58ce03a9517baddd449fa7f7c5a7bbfc	e901581da687e52a3ed0b9cfabe31f05438bbd6c6c59e62e80dcac972fcaa0f6	dab86ae261d3911a57195dc5d224641b58ce03a9517baddd449fa7f7c5a7bbfc	true	AXIOM-FREE	698a2f84087959c588cff208ebc2c88fd8da221fd9780c8079cacc901989204c	384f95942f4ed47096c1d4f67f44560838649c7bb6a977902699b6f09c787359	edd7182fca7a4d1480b6977d71e98905add14d7ab7725488d082263e91cb6cfe	false
Someone.instReprCandidate.repr	Continuity.Admission.instReprCandidate.repr	definition	someone/Someone.lean	formalization/Continuity/Admission.lean	df52ecbcf60994bd388b1750970d26d54cb7535bdb4ce63b11e32184594ed526	7a9267c4c4a00fd7c30995a80f0f22de9f4331911a82857ef602d6f5553fb379	52ac18a30708a1a13e8bf538dc83771bc468b0c807429d050d97447981c8a8dd	true	AXIOM-FREE	8f6134ca3d78ff041b651a887052a50071ef858c8a8245f19a124369a496d0eb	ef5645063dfc1eb3c7f4c7259ba617c55b620699527f5b317b3e6d1aeb57d0e2	490a73f2c53082682f2f80c26275f6e5d6071556bca4f22e51c373c355117c52	false
Someone.instReprClassroom	Continuity.Admission.instReprClassroom	definition	someone/Someone.lean	formalization/Continuity/Admission.lean	139bb784c93f4d3f1794985845715114555cca4a7dba6326c29740939c9924b6	9e02dee32d9332c9b60384166da9ad3e48d14c50ee99114f36f927cb0519c8e2	139bb784c93f4d3f1794985845715114555cca4a7dba6326c29740939c9924b6	true	[propext]	f8b83d467561dffac258dca91a26cbd1eed5ffae4267eb3bcba1b2cb24dbf7e6	18815d8a9a869b1b807f832920e82cb3b243c462c6b5cae2bf3b3cd5f1228316	94090c71022a7195a4ef3254054eea6b29a0e41b201789527ddf8cc8f44e9bd9	false
Someone.instReprClassroom.repr	Continuity.Admission.instReprClassroom.repr	definition	someone/Someone.lean	formalization/Continuity/Admission.lean	51d1b7a6d42f3704e3009a0d2f01a1df86c5d4553414c1f1edaaad5ff1e10bae	b23d7897465b49ddeb9701a97e8f97f00e024c551ef43963b4156fb362d822ef	2f5863d3ca369dd27a047de11834b5cac2e20b02c6519efec6eb32d5090ee174	true	[propext]	eab42d7ebcf4e43542c0c13a1c544bcc7dc5c0826aca47a5d57f7101008435a2	c0eef6e0b302eb20904313302d68f12cbb6f24f2feb2fc1ea2b54a0bff398fb2	3fe22d9b80b99602555276562d50976340d9e4304c7e8608d65b579fae083353	false
Someone.instReprCorrection	Continuity.Admission.instReprCorrection	definition	someone/Someone.lean	formalization/Continuity/Admission.lean	e426de23ad26e89dd5f15021a88e02f1c99de47178c5adf648709a9ca1761493	3d5fdc5dc2a4128ca822be148c7726d70fc4065aa5e25caac2072529739c52e0	e426de23ad26e89dd5f15021a88e02f1c99de47178c5adf648709a9ca1761493	true	AXIOM-FREE	0b2e0554dcfc42682ea65237591c0aecc98c4cc6bfaf20e774a1f704f0cb80ca	36419aa72e8714c59acf24cadaa831a46b73791fed1d16aec7de7775b7780c44	83755265f566973f7e57a79eab95b07a76199fb8b59e1182ed8306ad04d4ca7f	false
Someone.instReprCorrection.repr	Continuity.Admission.instReprCorrection.repr	definition	someone/Someone.lean	formalization/Continuity/Admission.lean	f68a7533a4a118854238afca9277381cd67422e1a11b02c2a6a4e41595f2a8e2	03aa61dc4db8d48b4784cfc37d8adeb5221d151b6da0a22d3cac98821134a9bc	67feadeaf52a9b862817048d91282eac36c3af6367793edae40ecc90ee35197a	true	AXIOM-FREE	fb2f29466f1a2cbc3ae2e54e2cdf08ae04cb64d2e7bb941fbcbf01435f8f8b34	bebbc58840a79b7fd887e5167484b47f30827ef0539248257478611655f1aabd	fa56cde54c047b54aff20f63638fbc0729854aea15accacd2f27d0af1cc0dae5	false
Someone.instReprCorrection.repr.match_1	Continuity.Admission.instReprCorrection.repr.match_1	definition	someone/Someone.lean	formalization/Continuity/Admission.lean	543210a53b9ca5d0458364a92a236e9780f988809545ba1178ff07af6c11eb2e	58bdb9afbbbc0332a0387a18c46ff78a51822ab2c766dfc8dedae14498c78f98	45e4ac921e1329a44f68d7ddcea6954ae558ed65d85f2a1ec2d84c782be2f504	true	AXIOM-FREE	a9123fd8c25fbb8f26ffa18aaa5b0ab449774748f996e8f93aefd71d23f07937	2a24d1833b8178945d4f61a74d75fce473ed8d250065f6f64ed7f5f8171d5d28	d9ba15eb04f57ea8d1ab2d73a9a5e4effbe60a9b28ed5956cc35df5610c9b8c9	false
Someone.instReprDemotion	Continuity.Admission.instReprDemotion	definition	someone/Someone.lean	formalization/Continuity/Admission.lean	3f69441ac87de598673bcbeccaf729e09b73f1a13ac111382f5fb8ef63a344c1	a0f943dfda6ba7364a2ee125e32edea7a324b3e3ea280ac47c807e1295e863cf	3f69441ac87de598673bcbeccaf729e09b73f1a13ac111382f5fb8ef63a344c1	true	AXIOM-FREE	703c3b8c3fc74b439e417bc450927b56403d13648dcf4b17c03f24df96d030d7	d44ecc15aca4621ce4030b42962c7e5ea49d79f3b58ad3c869e95ac81350bf39	ad8d9f39c51d45464406c6c26983e3ed54fa8a2f89b81447550c47f5d65811dd	false
Someone.instReprDemotion.repr	Continuity.Admission.instReprDemotion.repr	definition	someone/Someone.lean	formalization/Continuity/Admission.lean	5dbc1d12a60a4ca7b7010e6ce7e2d76abd4bf15433316eeb1cddae727e793cf3	ff2da51ad623b4e91a4ece7aa79dc2049714168997fc2985a3e4ef502f8796e6	b215750c4016b2e78c992ef2121b7dd9a92159c6232b8f5108e617a8e2b08400	true	AXIOM-FREE	e063eac398afa55f25e854a13962e5f4221845853f44b3f40f5fc71f5e9a346a	86438bd5ae7b212c7fde07afbaab88153e8ee67d3c034df5759b6aeb90e7689f	0dbb6f8122e2fbdfc8cec242c365f8c75a601246d738744ad7e59bf2173dd95c	false
Someone.instReprDemotion.repr.match_1	Continuity.Admission.instReprDemotion.repr.match_1	definition	someone/Someone.lean	formalization/Continuity/Admission.lean	7d056ed60d21530b1a84b7b05379b89f82a1bdb853e822154700613d2cdf53f7	7825e92ff60033952d8b633b4020507b0557e3a43a0aeca1fa893ef24ccb7b32	97a268f6ad2d13093cce1b1bfe62320d791437318e748914ef0f51bd9454a411	true	AXIOM-FREE	580aebfb5a13ceeb6b0f7df16fd09fb94a615bedbc135cbf08d3f0bff5030599	56d8b02a4074597b3d39610c26b8fbb41d1cdd9bee5e58cf8804907c5cb8f8bf	8eb1587ee643b6a519e35f6f1735cfe6ddac44013d1e260e145780c6343110f0	false
Someone.instReprEvent	Continuity.Admission.instReprEvent	definition	someone/Someone.lean	formalization/Continuity/Admission.lean	c9fc4d765753ba0711148ea9d1027ea5d99230803779cb7518c13a6b28848ace	74b0eb7f249344450f455481cb587bd5359febae56f38c9c662d128d5229b909	c9fc4d765753ba0711148ea9d1027ea5d99230803779cb7518c13a6b28848ace	true	AXIOM-FREE	240f77d49bd7e4eeaedb7b04aeadc3352e4c12e525a7112fab949139c79a84b7	79fdfe5b220defb031790cefab239a7249b8436f06d93b0ad82610e3d0e16758	c69c185810caddc01cc888a6532b35023537a8c7d09ecb169efbd60b6ca731b4	false
Someone.instReprEvent.repr	Continuity.Admission.instReprEvent.repr	definition	someone/Someone.lean	formalization/Continuity/Admission.lean	5a1bc107d6e607c3ded115e0d338d3fe3b6c4ef8965a331362dffffa8aa275b0	7d3b4f8362c9add75797d2d15cdb2e933667a2ff1536d0e3b7864c002fc09ccc	7b50d3163b1065bf906554b1f9c5fd17e2c6064e7c1d62ab23124e9356476247	true	AXIOM-FREE	fa6badf5ea98e93ca5192d31e595df9dfe17cd767ad79eef5f6d95310eff70a0	88f86296fdaed61937e6616f6297afd25a21d74f391274a4fff81fe0f7f99f59	9b850002de11cf1ab3706ad327dd9a9b5b99a0062e529cae859138eb32cdd585	false
Someone.instReprEvent.repr.match_1	Continuity.Admission.instReprEvent.repr.match_1	definition	someone/Someone.lean	formalization/Continuity/Admission.lean	6448a264e36df5e5f46d0397cc6d12be6d5628e1eb739e9af7a5b383ef333c82	8c57281070505e0d9d7f6c72d424205f2ef3fe566920ac0b4b027c9038ad5bc0	8fb11cd8cd52925e844d17ada34af6bf99a360b1b333b1b19242ba8e4a1751ce	true	AXIOM-FREE	f07d0b1ac8e1568924a6aa39d0f362d9945f9ecd332696d19c67a3a61c908261	e5445f2c3b74a66c2b66ec9fb10d247027cb176f1035ace9e8dff8ee5339419e	6ea408947c90dc030fe4e4f0879f0bb3537c3b2c385f0d73474bec5e00f8a18b	false
Someone.instReprFault	Continuity.Admission.instReprFault	definition	someone/Someone.lean	formalization/Continuity/Admission.lean	82ef556580433dc186309d2061cc19be4a9154b68c3a433bd555c0b7397a0f7d	0908a79badf93ce1bbb37934108f33b045cdb9b5d490a880166b4c5dcf7c41ac	82ef556580433dc186309d2061cc19be4a9154b68c3a433bd555c0b7397a0f7d	true	AXIOM-FREE	50ee7063acba25616d758c85435f36a3563cfe155a17cc4591c6ce9d542a9274	b6d0666be0373f127eb6b6cc2280f1ce981644cb940b892ab6fa50eef401f730	0b17902d8a5d7d113464488afc0264d5e67695e3d2dc80ae3448882a8ffe25ae	false
Someone.instReprFault.repr	Continuity.Admission.instReprFault.repr	definition	someone/Someone.lean	formalization/Continuity/Admission.lean	570fd1bf768477e61ff5d810cbc71295b86477ac699bd3164a67bb20a787b62a	75b8ef968c3fb40b222d7ff16c3f4674b7d274a50f1d3609f10a51bc402c1ea6	d5793989cbf1c18a9693cffb1787d242b1a1a3c2133d82569fbe3fedf2c5a0cb	true	AXIOM-FREE	fcc8f26eac12e1c2b9a370a2f37fef8b984a9dbc7bf92cf338c7f94ec21281b0	f4efab79ba8d5f0079dde3a43a673439af83ff39b3a0ba9ee9a62fef4cac5236	341fb2bd7df3355647628ad3223810cd0da97d16884234a6e2a34c4aafb8b280	false
Someone.instReprFault.repr.match_1	Continuity.Admission.instReprFault.repr.match_1	definition	someone/Someone.lean	formalization/Continuity/Admission.lean	4bfecefbef3e949565fa274ae095b9cdfdb2144930a7b8b7b254ec3d35902ca9	59cc9170b9d36b7c737511ac2d7c45e93aa51c3b2af5aa061f55dc863c96a24e	61ddd8e9c3d4d7051b69be3193ba94fdfb53bb9d053f608b38cedc924a122c70	true	AXIOM-FREE	4cc4000da08c216c720f7cd8320193c3a7f35e540addd290580529344fff1fa3	cc180ea1b5d567793a9326ea5a90368c3690e0911c6c6d37018d3ec56f7ab884	f7b98e633ed2d4310041d39dc41bff908e72373cfbc712f7c77b98a3ec70ccf2	false
Someone.instReprFreshness	Continuity.Admission.instReprFreshness	definition	someone/Someone.lean	formalization/Continuity/Admission.lean	10fd77ee944b39c7f4f8f46df27413ce636d8be7ad92360576a5201e688f9732	e7e110840194982bff879b879a4ddf228ba119654c11ffc3559094a62800d7aa	10fd77ee944b39c7f4f8f46df27413ce636d8be7ad92360576a5201e688f9732	true	AXIOM-FREE	34599fcaf1ab6e4a857c3ff218568209b0e763c6aefd28c77db4fb1de4722669	32b8bed98ca9b36347b5bf61684745fd81542ad3ad8dac56e5e4adcfac8b1203	c05327891c1d9104fe4a6b28ff8fab4c193f5313e7e268ff0fc5121a7f619dc9	false
Someone.instReprFreshness.repr	Continuity.Admission.instReprFreshness.repr	definition	someone/Someone.lean	formalization/Continuity/Admission.lean	dae9c37aea119d00e3acb0648359222879963998812a0c8ce128d95c92ecf875	ff554daba9597b8410f0fa2823626b3e9b882926f152e951d192a8b0eaf208b1	a04dcc28985ca89538bc549221829fb8595c32b5293f95b8f8dd9944d81f08ec	true	AXIOM-FREE	4c562a1925fa79980d042c6ce8fd44108114c972d00f1b54d036d9ffe78d8c45	0f9ae5dfe13cd50c51af9cdb4a9ca2e799d4d48add67a37d9e0eefbc4c4e09a1	83938dbf31c7ecf72bf8f108b8128c86e2aca14fa143be23d722a0bac050a439	false
Someone.instReprFreshness.repr.match_1	Continuity.Admission.instReprFreshness.repr.match_1	definition	someone/Someone.lean	formalization/Continuity/Admission.lean	d56cc972e57f634d88c62f04f20b48a0415cdb3362f51ef638589b0ca741ca28	0a2945a5502986cf64ff08bf4c98def5795581f23b9b7bb2a25d26f79dc1a8c8	66508bd8e609019f80b3e211b57ccc3c43f78c1799ce9041a8913c57e87af707	true	AXIOM-FREE	771868e1cbda79414acd8672c58cac866e1bb21d5fde8cc08aea783a25fd98d3	ae1148d114aac3fa8cda52bc954b73043e0bf2e2967d97ecb7107cf74e322a64	86be7375d2450796b6f55e1e358e2ef01dcb7f72f591da3ea29f3ead63bdfb56	false
Someone.instReprGuideReceipt	Continuity.Admission.instReprGuideReceipt	definition	someone/Someone.lean	formalization/Continuity/Admission.lean	adf1684f94ec2c396117d94bc34fc53f94a267bc57ca54980c6e2f97bb643554	56a2356fa8f19190492e4b8ebdf5263aac68a7167e65f85eb1cc0d14fda11c74	adf1684f94ec2c396117d94bc34fc53f94a267bc57ca54980c6e2f97bb643554	true	AXIOM-FREE	109ab842ba3b627b9444d1c10c3fbafcba9d5f7d4271f2ec77268a5cc4ed953f	f53aa6ec69d1b02123f3a892279583f5c101382f5bde0c2ad121ebb2136be7bc	3d0e9f038001dd3d74aca400757137ba0f89e6b0979ca6354c11dc25788f870a	false
Someone.instReprGuideReceipt.repr	Continuity.Admission.instReprGuideReceipt.repr	definition	someone/Someone.lean	formalization/Continuity/Admission.lean	b2378505727ae841fd5d8873ee80c2f298585a49cb9371fcb728335e568ca7c2	785280b32aa4ad4426930eb7e861beaa8b424f32511c4cb3e39213a49a8787b8	c74f90292c2eefe50aaac1726e1f94328ea13c20d7baedcad5f1e5b334a64b7d	true	AXIOM-FREE	636616d3d1d5ddb1d2a04f7a1fa329bc7a2f396677ab5d29c72f2018ba36ed6e	4e159a4b05e76c4a7cf0728888bf249ab56fa38d26f01a8cae15aa1ccedbf484	2b68c3aafae067bbd03b0bea867278241a1348e888b8ac872495f9d0dbd3ce18	false
Someone.instReprLineageClaim	Continuity.Admission.instReprLineageClaim	definition	someone/Someone.lean	formalization/Continuity/Admission.lean	2cb08cafc295ab4be09c292991bc3d3ce92e6f72f3ac1d6c056a54010f95a97a	4e83761d4ae30f7f8ac3ed4d8517399bc5bf3d921addd50ec863d51f1a58a16c	2cb08cafc295ab4be09c292991bc3d3ce92e6f72f3ac1d6c056a54010f95a97a	true	AXIOM-FREE	4649d74464930f7ccbe762fd67520b82c04319c42c9eed0e09ef1ab6a302e74e	69eb882670fea64114e4306becd388461578341ea1362944694cbc7af9bcc343	b05461b767eeabbec5c9ef0c02135abb1dd4a4ebd8be841a3168112950272841	false
Someone.instReprLineageClaim.repr	Continuity.Admission.instReprLineageClaim.repr	definition	someone/Someone.lean	formalization/Continuity/Admission.lean	e5a2edfcc4e7618862d5a4f3e8f41259eaa30ba385a90ff750d94db1f4961494	5dbd9c514b5d11c577be84a859cfef05f68f27b515302be160e3526cceca7bc9	254bdebd5991aee247afa9e101af8687387b3ce27ce312c099eaaeb139d22e52	true	AXIOM-FREE	6b1572a20178ac863cb675e9be35c07c7efcd8df216519883303ff4624fcc697	6bcb76537e0c5b4e4bc2be94ae599c6e6578b98de6e7f7f2c90bdb067d31617e	46c96e0656d75b36930ffc0d9edff99f2c52f7d52019b19f1643f6aa737c992c	false
Someone.instReprLineageClaim.repr.match_1	Continuity.Admission.instReprLineageClaim.repr.match_1	definition	someone/Someone.lean	formalization/Continuity/Admission.lean	5a7a2119e2d08c8d8993e061db663df8eae25071eec3c4f90a1ab35b990a49c7	dbf5bcae06c717c060d7761afa905d7952f4deac179a44c9184f1c13ae7e4e24	f35fda96cffbb6cce6fdfd50f860b7b0f430e5bfcd64b93cd1e684f5d4e707a1	true	AXIOM-FREE	e4f00a5db2fad685b715aa678fe6eeb64b316229190410314773a58415a5d354	ac5c1d629e107bc37137eea1646282e640261acc7ce1725f54cabd7f29238519	292a6145dcbfaca85ea2ae377be1f939854a78b791624b8127c11262536b209e	false
Someone.instReprLineagePacket	Continuity.Admission.instReprLineagePacket	definition	someone/Someone.lean	formalization/Continuity/Admission.lean	701d10aa3e505dfef1b84c0491f50bb45959e42056dc14d2d3e409679ec72c6e	132674bf98b94c6d18244823ba1eedf6676165660b4e8219bf743af42c48b462	701d10aa3e505dfef1b84c0491f50bb45959e42056dc14d2d3e409679ec72c6e	true	[propext]	e189e189ccc3d28649933b0d2aeb3843e8b4010e03bc212512a37aacab7028a5	a64372ba52cdb62860ed3a1d1596eb191b9587f024396b0d977efb6c6c9e9bcb	2992a59aec3040a7847143581c58b875cee42d10d451d5935a512d1ef3f9d7be	false
Someone.instReprLineagePacket.repr	Continuity.Admission.instReprLineagePacket.repr	definition	someone/Someone.lean	formalization/Continuity/Admission.lean	136cf71139fc7e842b4a04d7d51c8c6a046cfe20b3f85e63d03d4553f1e97660	809f607d4ff5229c8360a812fce431af3fc27e87f5a995f3ab0e104279173e3d	8ee56d01b9fd94376aca32023bdd4cb370bd3f6f4a398e4e6066f9e85864b2df	true	[propext]	d1b1a911e205ea9ffb0d0a6a031010ad250304e15f32ab141e60463f15308971	a713a9420252eb451773f891cf4f97893e36eaf83b049b178f96540c012af367	057d8920525f9e3fec9490293027cb333b133fe1a8cab02defc8ac845ac4e3ae	false
Someone.instReprMagiTriad	Continuity.Admission.instReprMagiTriad	definition	someone/Someone.lean	formalization/Continuity/Admission.lean	c4a1acc02c540f690a57080c1c6893aa9b690ac436a6e8e2b3f9e5bb7af84bb4	5fe078206fb7c415a20cc8c4f84df3f4f5db9f413e9d223e96cea1694fef1ab4	c4a1acc02c540f690a57080c1c6893aa9b690ac436a6e8e2b3f9e5bb7af84bb4	true	[propext]	de4eeebbcf25afe931d2ccaafd5e2e074ba69bb3478dc730c06d4124143c2d7b	1982cac67b2cba5e29ed949dc43bf7e309c663931e294dc6d7673f454950e181	310eb980f5ad1764cc05be44d4b9c1d4f9f0bf01e2e902d5122f46c3a23a5672	false
Someone.instReprMagiTriad.repr	Continuity.Admission.instReprMagiTriad.repr	definition	someone/Someone.lean	formalization/Continuity/Admission.lean	0a9b8ea9f98ee25d68e2f35a83bfbefc2d837a234d44e245d12790a9a246ab38	740e55b18a62eefd69d79419b80fb987aed6b00c196ee009e72ee6f78baedf9c	4f5cb0c17bf5eeab01c61711fc40d0baca33445281455882318601d2d4d17c29	true	[propext]	b2c1bcc51fa293f985e43d6ee0bde083d7a2d2dacf92095175cef4faf166c7b6	cf79f2446b7a8abdb31942b2e5959f810cf2f3b7466d9b566c52c4273f449794	cd0f07015b6dd8330f85d54a39f05eadb4102c41a429a484d59ab698b30c3ecf	false
Someone.instReprMontessoriCohort	Continuity.Admission.instReprMontessoriCohort	definition	someone/Someone.lean	formalization/Continuity/Admission.lean	f9f204826a9fb8422334ece0bb6fdf2d246cb1501a70abdd69dbdd88626ec041	2d1a6482a50f3367ca8ebceb4f153288848babd925db322ef9564dc1a5edca36	f9f204826a9fb8422334ece0bb6fdf2d246cb1501a70abdd69dbdd88626ec041	true	[propext]	d606468a5f77567880328c6727de4a0115263f96021daaeaa852a0e05d73219e	979291b1ee0771572822d078097f28fada9c96790bdc84aa5818961f1f76d3f5	5b07f2a62cadde8d52f842d5d95f8e398448369a8163d0506e0598ffc6575b12	false
Someone.instReprMontessoriCohort.repr	Continuity.Admission.instReprMontessoriCohort.repr	definition	someone/Someone.lean	formalization/Continuity/Admission.lean	35beec4038110a91e2331b24eb86bfacae8aa67e0c8b744ef5d2dc5d9e798130	3ed35722dbee38c077b23e1ab7b308252ba2fa00dd5043eb026be25186676b52	b5d4cb0e7a2558c8b22e2aa7194834e37d1d1c956b53080a07a9ab794ee9d359	true	[propext]	d5b7d7b4becd950d3e6d9b5195d10df5ff5d7eaf036768f9c1fc48aeec937e30	06ad775a1fe8424d5db8d0374f885cab079ada513f145652d2eb8300294cd40e	5c2c0336d79569b8d7e2c49398d7fc844b95d09aef28bd4ae5f102f7fc2c2cbb	false
Someone.instReprPeerPresence	Continuity.Admission.instReprPeerPresence	definition	someone/Someone.lean	formalization/Continuity/Admission.lean	bd5a4182eb450bce4d6115d21e73d38e49dc413d8f948f35944961f9ecfb6c6a	639ea1c3b34855a39b56487d9bddf95aca00889ee48fa3d1263dd7f46f125f14	bd5a4182eb450bce4d6115d21e73d38e49dc413d8f948f35944961f9ecfb6c6a	true	AXIOM-FREE	be064c3d94b94e6e43957cff39c90f01a104d7112eeaf678dbfa38aa9fac5e29	98438d5b6d667ca9df935236e935b13ab9774dda64ae34c11dec54e936ad6ee9	6918bea1c588ccc4c6f23f93d729ee678e9619b7f46cbf40641859e0bb8496f7	false
Someone.instReprPeerPresence.repr	Continuity.Admission.instReprPeerPresence.repr	definition	someone/Someone.lean	formalization/Continuity/Admission.lean	aa14195580f9615f91477ba79e02195b2ea283e78edb44ef03446b531f774420	c6ac11be1e91ebfb833b067315a91492c0606b2d868f5f5099c337f284389390	bce763802b7995a4ec783f6649858b569f75aa13c1e5f4b79a396f0c446ebac7	true	AXIOM-FREE	baeac13646e3dfca977b96e3d0c9fe494cde25816e6cd2eea4b4d7a22945d034	3b48ca2017dd150a9d257237f44a03a01403a1cb7f18aa495e1391f49fb71ed9	36b4ecf2457517622f3b3c322efbe62b160bbdc0f602ff6499830e08d57e3133	false
Someone.instReprPeerPresence.repr.match_1	Continuity.Admission.instReprPeerPresence.repr.match_1	definition	someone/Someone.lean	formalization/Continuity/Admission.lean	53f49a17acf3ed6eecc353911a5986cf3f681b9e6a74c747edb604715a8f5c73	833205b1ae7f3ccfde1e2c758ec05c25f0a19642fb84fccb2ab98c5ab9edcf97	d4ccb41d092a4bccb9d2308705c652f812231345a3004bc90445d9b35178f57c	true	AXIOM-FREE	f8c155798c921d66fbc3b786cdce3538e72d1bf851778e898b53caa9a5bf9375	4cb883ec817edb75a5ffa49ec019ba495aa4495692304cb767e9e5466ba39a95	50627c5755c742d99a4ddd52d2aeb8d0779004febcbcb554aacaaac4bde04234	false
Someone.instReprPreparedMaterial	Continuity.Admission.instReprPreparedMaterial	definition	someone/Someone.lean	formalization/Continuity/Admission.lean	cee0b9027424579e1d5a5030460ee9ddab9494f98a15905dac8cb98cba296677	bdf8aeaaf423323c6d456ef0f39b551aa32b4d7255119687f982d9ee9d7af6c0	cee0b9027424579e1d5a5030460ee9ddab9494f98a15905dac8cb98cba296677	true	[propext]	a6189d0b5477a3b0923045366822898cfec48cc9bd0d8355e649f985ca08ff69	4dbcab9c39ec61da08e18e35dc0f84713d37d8d0509eb6a840b744f190ebacef	c960408cbefcbeede1def953902d89de3e7f6494120631eafcdc1b43b8703e19	false
Someone.instReprPreparedMaterial.repr	Continuity.Admission.instReprPreparedMaterial.repr	definition	someone/Someone.lean	formalization/Continuity/Admission.lean	0a41235a247ee804ef9dc1c2728bbd60b9a5aecc493ba2d2ebd6c967f2a80c6e	6f6c5922083c012a02a46a7bdb5bde9cb4f4b7addca6c97775e0d707e5579f46	548176cc1d526f398f3e36ded549688f6e559c2df9fd37a876de1a4e8397511c	true	[propext]	8a954b8823fadd23f9fa909b466c71596b043a05eb5a1432849840f7804f942d	dead7d2d50eaab65865e616dcfbfc61fd3e5eb83cb8f6a6f3cbad2ace8cce8d5	3fc3127f08a44d2cdd139c13cc385ff31d004bca231de1db201b7534b44ac65b	false
Someone.instReprProvenance	Continuity.Admission.instReprProvenance	definition	someone/Someone.lean	formalization/Continuity/Admission.lean	f095c679841a1f67b2d5c77e3394161b14eef068e5e5267cdcc3e8ac4dc8ef35	34bc70fc3e6bf89ccf42a6de0f1c5c3f155397e819ef7f8db0ecc0f493375edd	f095c679841a1f67b2d5c77e3394161b14eef068e5e5267cdcc3e8ac4dc8ef35	true	AXIOM-FREE	961407ea6ae54cb127d55c68176c540e16a1891cd78e47a16469df2bc13cfc08	017648b7c4044010694e088513191ea42d52c1d95954765e07e790254d943130	7e2ed34c40ab4c09f09f0abe73cb53e259fdef2c4c4a9694c02027a3554a35c4	false
Someone.instReprProvenance.repr	Continuity.Admission.instReprProvenance.repr	definition	someone/Someone.lean	formalization/Continuity/Admission.lean	e916bfc31cd2429d3e2d1de11765f6663fc4258a0cd19fc82da53c49a1f4e583	594fa670f2cb93bb7510125c3cbbc4d594becae04f87e17dc27c6f827bf0557c	c5a78cdfcbab982f02e5b0e9618fcaf216271e470d7876d45aa1560c313c4181	true	AXIOM-FREE	21931174e8fe552cced5b2f59d3ab6bddc6abd195e3e176b6843855a1dc0ceb2	ddc3b94cdf76a51fb2769be9d1c9ed1a0d5fdcd59baa34d94f81e4e21a961c18	b387b201160179e3c59cfebd5b6b33cc552796216c1fd69c57657cad19569fc1	false
Someone.instReprProvenance.repr.match_1	Continuity.Admission.instReprProvenance.repr.match_1	definition	someone/Someone.lean	formalization/Continuity/Admission.lean	9cf6de33af703c20689cfa4cbee20d6b665b407a54de4e29dc48b152c9c787c0	ab3809bafe50c9bf42abfe8ab4e6f327bd6132255a3d0a27a9a7cd28c4e10eff	2ed924edc897fd044dea54033e7ad24cb9ef182e4fc820a3b6e6c2809ae3bb44	true	AXIOM-FREE	e97036d7508773a553ded5f686413d4bb0d01098d91b5c57f3e890d323454f21	7f6c012a528d63c092e232c2dc98a7cfe3634017127387f07541cba3f500913b	a20de105d1b0f23da1879b25ceb666a138f8f6f93b24f3519cc6e05ea566d5b7	false
Someone.instReprQuorumSource	Continuity.Admission.instReprQuorumSource	definition	someone/Someone.lean	formalization/Continuity/Admission.lean	f7be3c92e0a805d61cfaaf01943a0aa1eafddfbd6c76d1a105077f8ab5f4a9a2	dfc17c454ef75d079c1f40e2ba30372e3b94a0f2e1d14197b868174508e47ab6	f7be3c92e0a805d61cfaaf01943a0aa1eafddfbd6c76d1a105077f8ab5f4a9a2	true	AXIOM-FREE	6c0d8dd88cf434ce2bb73fd2c8055b6bd45a7505284ed05b2e28e7c32b298d93	7648d40a73e7841639aabc7a1039b04db18119cbff1d23568f56376e88f32c39	cf6f37d53e9ab92bf79eb49f55cadb23da123e74124759a87fa02cdbed73d39f	false
Someone.instReprQuorumSource.repr	Continuity.Admission.instReprQuorumSource.repr	definition	someone/Someone.lean	formalization/Continuity/Admission.lean	70b4e0454e9fd88d686fd36ec2958fd07172f4f8b89046bf7ecb5897bff520df	c484bf99632c71cce5fd14e9f172ef23bc552eb62aa5443cf006b68c6af4885e	9c30f328b6ccec891238c89a67a97d2ea85aef83fed43d81d3587711c71fc4bd	true	AXIOM-FREE	624e73607cd43dfe76416380a28fdb8623b9ea364f0426e086da2aa77ef2679c	db8b9094630c8e2d5072efb2207f904dd72c869c34d6d3c51284a43451802525	efb5091451e810436787e841b7477987c5ab99e050e69b396829c1acf086bfe3	false
Someone.instReprQuorumSource.repr.match_1	Continuity.Admission.instReprQuorumSource.repr.match_1	definition	someone/Someone.lean	formalization/Continuity/Admission.lean	7aebd9f47b50575cd8c9aa37208c03867b0efde3b8b8e4748dd6bec73af560bd	bb74d3fa5beefa06c19859eeafbecb0db06a8ff988affa663f5da7bb01db1f55	b87cde14f11d13cecc7c9d90bb14d4989d92e7d217bfc8a0a745674936292dde	true	AXIOM-FREE	40b81d887620629e3b08dbf64c431021b4d970ae567df6b3010f15465223c39f	9dafec2dafad43d9343bbe155c0e2ec8cc75b791217864edcaf82d7cf91a9b67	df7cbf99dba1848bd5f3af403ff3a97878ab0e33aa92083461ee4bc84ceae27a	false
Someone.instReprQuorumToken	Continuity.Admission.instReprQuorumToken	definition	someone/Someone.lean	formalization/Continuity/Admission.lean	ba7085bbb3f6b5ddd1c5bd902765919c44de4942b76083a63dcaa2bbcf8e5ed2	b95833944b82980c6b2b93ac8f30b4f35a213a0c7e019b9267bfc7c3d6dbf7c5	ba7085bbb3f6b5ddd1c5bd902765919c44de4942b76083a63dcaa2bbcf8e5ed2	true	AXIOM-FREE	88c75beaecef9e4f77e81228a94ea578a870efc1b51aedf7a0293d51b1b58c7f	a0be1989b5e7b504d43cd932707fb6f04b16a39c11b917697a77dc0cde86c87d	4bd3c91b527844101e7036ff8dfdc00d4326600af2a1119a193704baf0b1db5b	false
Someone.instReprQuorumToken.repr	Continuity.Admission.instReprQuorumToken.repr	definition	someone/Someone.lean	formalization/Continuity/Admission.lean	04e2aeb0451bf6b85045015c65b64fad2ad67ff59d2c3d286f5fdeededb986ce	c9b929e75e78975eb6b2891b05291abf8a0f63b4a8e2f7e29c0b8b16ce7649fe	256457488ee5c849a71ca4acb80525c328d669534610fd36821e420534992ab2	true	AXIOM-FREE	db1d82ff8987f48c173d2a58b7c0f2f788c766d4828a5938149a153c1d75f6e4	bc5142713f3e87c586292bc2787203d8a51e65d9b85cc02bb67d322990d7c8b9	969c680aa17f1075d282603201c100bfb898de4bb5553353817f4636c8f4b328	false
Someone.instReprRetireCause	Continuity.Admission.instReprRetireCause	definition	someone/Someone.lean	formalization/Continuity/Admission.lean	cc5b12763f4d501dcfd86d0b4878c893a1ef113ec38216fdaafdb578d7da17aa	09d1fde439b71892e13ef6edbdd88e44e66bec07390fac0db95b878c5dc3aaab	cc5b12763f4d501dcfd86d0b4878c893a1ef113ec38216fdaafdb578d7da17aa	true	AXIOM-FREE	dcef0fc90c06e573936ab8fbd277da01eb7c47f136ba3a98cb10056d83fa4973	fa4ca6b5794b383b9eb400cf885dae6a0e5b6df50dcf7e17f8178051974d0efa	00dcf7b8275f1ba1f358a63b99a702de59cd76ddb51c3cc14a88390007828cfb	false
Someone.instReprRetireCause.repr	Continuity.Admission.instReprRetireCause.repr	definition	someone/Someone.lean	formalization/Continuity/Admission.lean	cdcf5a472fd9fe55a45a06c0e14034a915a9edd74625962fc50b5b4eb5b50cbc	2d9a8bde84d853cfd0a7e4b4930410318471e3dc953bd331577e556407e38223	b0b8266be45a99ef9bd703a496f8bea017e1f7e10f1b1508d4966a8c8dcd9764	true	AXIOM-FREE	8c70bd580440712381921086c992d07cff2c9795093d4922bde160d6d66ac4d7	6ecfbc174ab045b6d8c3681b16bf5d6086f98d59017d0826d4fda2cea8e2d7b3	98d22ad8c346d674a466fc7cd6911b2c8fe9f74bf4dc3558bd6b8186ee71c094	false
Someone.instReprRetireCause.repr.match_1	Continuity.Admission.instReprRetireCause.repr.match_1	definition	someone/Someone.lean	formalization/Continuity/Admission.lean	db09bf059b532ca0da537686ad54e78d5e096f23e63bc29591061cecbbf02ec3	414c8637c6c2631d56e36a37f9cdb2d0c87a11b99b500437127f5f50ec0ed573	b374a4a7c3cdf0ddabe595bcd6acec408f54b82fe7c317891d50bc24081f2ff5	true	AXIOM-FREE	46349e46b0d928e2cf033924f9b065be33cfecbdf474804192d114930e94d8b1	2d0e5c7f496769b1c9a1021b272734f9701334884f034730e8ba2b4b280b2332	0777ad18f399382ce06a0ac11378507edb1cc1a2ef31ade44201b72836d570e8	false
Someone.instReprRetirementRecord	Continuity.Admission.instReprRetirementRecord	definition	someone/Someone.lean	formalization/Continuity/Admission.lean	690b3d79fc3bcd79ad834b1c0c5a11656d821b35ba619bf24d3d6364ee6d5559	6bfb79cbac375d2129539365ce04d33a77cf07f94cc3e668a49e8ef463662aa0	690b3d79fc3bcd79ad834b1c0c5a11656d821b35ba619bf24d3d6364ee6d5559	true	[propext]	8cb061c5cad15a51116b4dedac3a3afbd55e5e7300142433bbf0c40f4013f3d6	db89467b3437ead45ca6422ec5bf22303aaafd1494bc392bb3e5a3c177c830d7	ee2404c4837a28495cf01b7d06001e4ddfc543753531769a8263994f78ae7f1d	false
Someone.instReprRetirementRecord.repr	Continuity.Admission.instReprRetirementRecord.repr	definition	someone/Someone.lean	formalization/Continuity/Admission.lean	f666fea7e36174e588241aa72ae487a73c9b4da4b639f30ed106f895b134ac65	f91d74403a0071b66faeff841f429f320366d58c381fd0561fe09bd456bfa25d	f3320d5dd91e22d6693d7688ecc32667c1740cb3b6a5917d92329b21cd2ef629	true	[propext]	271a6d4c6fc28b5887c2fc361176a12c72f3bbe7b1b2af299538f74ce07f08cf	c8c89a9bda36fb53973f57cc049972641471c785f18951733f16edd9f12c52bf	8b7581dc85cd3797fb124a3705a40f02149c9f6879082d53dcedfc06ed073c37	false
Someone.instReprScope	Continuity.Admission.instReprScope	definition	someone/Someone.lean	formalization/Continuity/Admission.lean	c8ecf3bf80d37c13c273a13c7f6f5b741c221246529148caaccdb4a4f207d71c	b855fc06493ae1e16140ec19bd4d7b4f89e73b53df16b140914bab1ed3702a20	c8ecf3bf80d37c13c273a13c7f6f5b741c221246529148caaccdb4a4f207d71c	true	AXIOM-FREE	0cf1ee170918191511bcbf790741a133982b5e8a065b753e739dec9aa201a986	5635b48c1df379ef3e3def76b2af3d8028e9980057a939ec0d023c83d86d6ad6	5f78ff39dca34562544b168e515debb6e0dbe04987627dc3b31431991cde7138	false
Someone.instReprScope.repr	Continuity.Admission.instReprScope.repr	definition	someone/Someone.lean	formalization/Continuity/Admission.lean	f1827832bc1a62532a0df35e2a29ccf434ccf8e74ef2d97cfe4e3144749804ca	4dd9e22aad828764ba9e90e4e48d822ee77ca8185e60f6cfcf9c079b468f07cb	c3d0500b71f3413d99ccc891871442140cd97c0543f24c15c17a4feb1de35a3a	true	AXIOM-FREE	8d1f4e2defce1859f08e790f77877f84905fc69b90eb8206c397fde25671dcf7	eadfae2f4abc57562deccb5510e0af58b978b231a37f142807bb296f6387afe2	9ca003098f1de1ffa8099b718e63b9d5523f9a331d0bd980b16efd49f614a275	false
Someone.instReprScope.repr.match_1	Continuity.Admission.instReprScope.repr.match_1	definition	someone/Someone.lean	formalization/Continuity/Admission.lean	178aadfa44859fb4d58555b37439c106163fc9d70146cb83ba981c806ab177b4	521aa6bc809e0beac5c5522c87f8f6ead0fc224401c1c968a5dae85212ed9d86	a9648f5f67cdfcfdad078e95ae827d4d0be325bed34893b0ac61a65c0c5991e2	true	AXIOM-FREE	ac2eb0a61ec813b208cc80d97ef9a792f3a72114e8405ac31153b05797ce5f22	298afb49a5d74344742f9c38c739b5ccc9a3d0f69e798b3276e9f859f68196e7	5ecc8acf59fe0290f1fc2fe21d8c1f7be425b61de296a3d85507389438befdf1	false
Someone.instReprSeat	Continuity.Admission.instReprSeat	definition	someone/Someone.lean	formalization/Continuity/Admission.lean	7289c71020f62fdc7ee84b151719a7d6f3a10d95c36a76319c35cfbb979ec929	dc4ce264e37f05e19deb73a391747f22a960e60a4338c2809063f8fe313879f9	7289c71020f62fdc7ee84b151719a7d6f3a10d95c36a76319c35cfbb979ec929	true	[propext]	3b342d17d2790a5dfded4c27241070bedeff56b6cb3e1540284142e41d489b60	b9c34f55c8b877b06d1053e170a6594401c9141abffc69ece7fddc081e711419	f302a7aa5782a117a4a9c1413f9749d4eef87c436e50312a4a5d718398a23d38	false
Someone.instReprSeat.repr	Continuity.Admission.instReprSeat.repr	definition	someone/Someone.lean	formalization/Continuity/Admission.lean	6f902e29ddc3ce114b247956c7d54437530f2b7eb53026ee3c320a36aea86531	56770f8cd7ea4efb2d62a9923e2e85261f48542b3c4dca70c5db14b587d2bd76	0a3e5b458ed31813d6a2294cf863991c5c39487483c484c78849c2826bf1aca2	true	[propext]	851132e814f006a3e770c83af8fa4373d4c6d62132614bf355c10881ae3fc2ca	23600cfc1a4bef1518cf17ed1f8bdf4a9d47aafd0ee5814bc898680599ad13ce	53ad51a4f172d9f91e9978a54a1c7234a1159a56ac57a9d516033ba7363a897d	false
Someone.instReprSituatedPacket	Continuity.Admission.instReprSituatedPacket	definition	someone/Someone.lean	formalization/Continuity/Admission.lean	edfb221818ddd5c6b350c7ae2d3ff7e7a28c3d55cea3034c8ecdc01c62cd250b	cd67853e5432f72244dc70861753538046d0551ce3ad92a26c640cb1f5707033	edfb221818ddd5c6b350c7ae2d3ff7e7a28c3d55cea3034c8ecdc01c62cd250b	true	[propext]	6d273abeae1752026d051f1a56c228cf2387223c7c34bd75e821ebdb1d26f889	ac2b8deef333593400fc4c7af2ddfa37deb18eb7a6d94033274c7e1ae8294e24	629398b3a278b237fbbdffc9df8b45287f720fc7766eb1a202d120c4a3b92738	false
Someone.instReprSituatedPacket.repr	Continuity.Admission.instReprSituatedPacket.repr	definition	someone/Someone.lean	formalization/Continuity/Admission.lean	d18cb3676875d15d85955bfa4ab4fbeebcdeb80af0dc7cb88a6c085286d2d4ab	38edf800c1457a6c7a59040a2dff8d8ca07d29333b43887f477a132d26a81603	1dcaaddbbd66978980b8ae7e37f767ad18dc9fac557cfd4c0cc37734043bb9d7	true	[propext]	4cee654bccfca512cd07f2e4f0b5acf39f1e69abbd0507b07dc180c85be2c228	bc1251747af85d1cf6deedf7c3eefb6172ba044c57447fcd8e6d0977237fb44e	c8d5b5805507ead81a01045ec4767e070709564798c7387800e3d87f4de6b32f	false
Someone.instReprSpineEvent	Continuity.Admission.instReprSpineEvent	definition	someone/Someone.lean	formalization/Continuity/Admission.lean	fcb5fe08b744e64c1c64a2035fe778189637a2539073571fba029124ffd9ea26	32bd45c1b25cd9314520ee9c4676deef26eb0bc76631d467e7987003bbf4daf9	fcb5fe08b744e64c1c64a2035fe778189637a2539073571fba029124ffd9ea26	true	AXIOM-FREE	ce55fa7ef829d0a213115c08f7ce97853353d9a7845f64c6d620afc7765201d3	4a9485d0ac7ef88ca9dd99fc7512b98d68b401171f02a0ba6fcf43c2a53def11	57d1fce5b8301d4174b62b1fc76ed62af6229af6995758a12ef4f7e6d372faf7	false
Someone.instReprSpineEvent.repr	Continuity.Admission.instReprSpineEvent.repr	definition	someone/Someone.lean	formalization/Continuity/Admission.lean	bef80a099fb1c850c2ed20ae0235a8ba7fe284668593c80d216b1fa3e991087d	44766f89fdd127c03f7ff67da993e0fed6bba27d51b1c2bfd5352382e48f2095	32c20fcde799b0c7d1e8bfd9e3e8188a78be09f8a3fe5bc645ba054b5dfa4e97	true	AXIOM-FREE	424c29569c802d53d1757dcb718bfd7cf75a1f08cc1fbf1b63acf624a839bf22	b4f7f04e6832cdb8b1b22e36c4f6f528cac49161f3e4ffd81e069ce75fd969f3	3839b3073e5acecc7dc64103e9f477d0dc25d5d9418ab2cb6bc36b3306e54431	false
Someone.instReprState	Continuity.Admission.instReprState	definition	someone/Someone.lean	formalization/Continuity/Admission.lean	8adcb0d5a0a6962288752318b34df242a5f1f7936471696c64d2f47cca29f30c	87614f8e05c414b03e5f317436854669dd1a126cd112625f38a44c0724a28737	8adcb0d5a0a6962288752318b34df242a5f1f7936471696c64d2f47cca29f30c	true	AXIOM-FREE	dab63b29699b94a6c546ba36783eaf5977e44c44c2ec8e9f423e62ec45c12edc	11e47a2474b3ec65a303dfc1b2725c5c37d29ba7c58ec1247f189c8e5b3a3fbf	630c240491600ab298035f8584695640ff9d40b05316a3e6cee578fe5eadd599	false
Someone.instReprState.repr	Continuity.Admission.instReprState.repr	definition	someone/Someone.lean	formalization/Continuity/Admission.lean	f32bbcf31696762669dcc501ed77d7196b6140b62455deed178ca3935b78b845	29dcfc56151d27d7103f6a51a0d77bf2143c70b1b3a6c4aa45a42e84f8a1918d	3e4a38a251181b8f016b15fc2132857760509f8e38ec4ea7e7bd44e80a7e498e	true	AXIOM-FREE	5c3987976b79efd9f639ffa0063abe872ccb2d5daf34d40ee5a0d83ddb3fd377	240fe6c337efd1994e52144967b1aa032be4494f8d9db51c5447c040e3e2d928	5a5d11dc2c7647166a04a183cc7e07da09cbe14de0c34e72da35aef888ca1664	false
Someone.instReprState.repr.match_1	Continuity.Admission.instReprState.repr.match_1	definition	someone/Someone.lean	formalization/Continuity/Admission.lean	3a3aeb9a77256f55fc485036208105b20f2fd56c1d98a85f27c0b0f9f7234d13	452b50657702aacfefd4eb90b8e1a387b359be1cd5d33a08213e9f09a5053701	d6ef091614b7aaf0df5f05238f48d74b376888fd3bb8ea2931e4361696607bf0	true	AXIOM-FREE	471fcdcf32ba4d4ed21e01a44ce8d042b747dabf4116fee299a71281b69ba31a	c6d07b2f357565e425c703022e329d10a61e027e53a029a115f5781f108946bd	be5514e72d8b7f044a2033354c9e783639f294123cbdcb616c0a4b0c319c4726	false
Someone.instReprSubstrateFit	Continuity.Admission.instReprSubstrateFit	definition	someone/Someone.lean	formalization/Continuity/Admission.lean	99070656c0cf8b94168662992b654837d1001e280e5bde6e9106519925c24ae7	7f731d3c4ef380f0f8aa1a7e066cd576f2e69ff49a017b743de28dc673e4dff0	99070656c0cf8b94168662992b654837d1001e280e5bde6e9106519925c24ae7	true	AXIOM-FREE	bc464d15a6dc3738aa4c2e9fb21bb5e523dfd4da5d265ec6b259000d67f485c4	ed9f7ab2b6c01e43306cea90d673b2bef327ad3438756baf53a87cf1135fdad6	2f5c676b2bcde75c3b11ac6196954a720038b76dcf4b70cf78c15b5f8d3688cd	false
Someone.instReprSubstrateFit.repr	Continuity.Admission.instReprSubstrateFit.repr	definition	someone/Someone.lean	formalization/Continuity/Admission.lean	64c70f825f654a5c6bd7e5a361d16f88c09f3b0b494689b4f61beb585d8f176e	c3f6e7a5fec4469f33c114cb9ce226598b2f0a230910a2e5c3ab1028c3cfadcb	3954712f1ca9f3af7d25284bacd59d64b0ae0b34f34bfedc603819abe2d038db	true	AXIOM-FREE	a8fccc8514a5bc0aab67c1cb3dfd066fcca6a0091aa230353d435f708f846d0d	606e22b3e274445b6ef268543c8b59f526c50787105f4d156d1513dde3634819	1f613fd773969a6e53b03fdf763976954ccf54e260c2d8f2553bc6d5d46fa5ab	false
Someone.instReprSubstrateFit.repr.match_1	Continuity.Admission.instReprSubstrateFit.repr.match_1	definition	someone/Someone.lean	formalization/Continuity/Admission.lean	864f1933201112d836fd94d88155e9c73bbd7f0cec011c15572227339dba656a	860a39a36540e1130729c105ce955737369d385cfb51707c98344c70049f0685	a6f9331042a7b3db7fed47b32a839e0e68cea79cc5926f087d7c2fade234f275	true	AXIOM-FREE	ba71329c9ce3a5a9426931d986cae6cd60cfffe10cd18d05bcce9c36d32342fc	ef4463f029cf9e3b32b4b393da029a0412e58dfc3ff51a17e63eab70539f5c18	00cbcd63ba4754a8ee63573f232ec6e314be832d753bce721e889cca74acb1cc	false
Someone.instReprSurface	Continuity.Admission.instReprSurface	definition	someone/Someone.lean	formalization/Continuity/Admission.lean	2b85ee32de742ac22af8f47a8596288a0ac92e0ffb018e7f99eedbe694e142a4	910663981e8e3f96cbda0d3eea5cb1d85091905f98e0316b7413f1511d44cc81	2b85ee32de742ac22af8f47a8596288a0ac92e0ffb018e7f99eedbe694e142a4	true	AXIOM-FREE	c1263f78570d9f35f5047359eb7868aee98485e67741b5b30c7bfb4f9f78dd2e	6c4b85b2dc74acc278197f199fc45ebaa3897b396efbd129ebc6c0b2c3bacae1	53881f5f413020867d7ae55bc982b846c3413790b62fc2e564d1e5d2b91cf840	false
Someone.instReprSurface.repr	Continuity.Admission.instReprSurface.repr	definition	someone/Someone.lean	formalization/Continuity/Admission.lean	f53f754bcfce14d5c40ed06bb8dcb2eeb596b912d7eb60524cb077eeb27e85f5	ab92f141840332bfa7b89ee3a9ba6bde446f1d88543ea30ac7795980d57f6775	bdf12c342029f8f11bd37738623c68aaa523934775f008490dc7e644ad2fe3fa	true	AXIOM-FREE	38e62daba34d27249f285f139753a0f8b423ab241235bbdf4bc3293c651804e9	bcb93663e9f129349970ede39d949e1ec7753c40801fb61902664f1c53e25b20	b46c81f11769cc6efae9b989f38c5300c8e9f4090f610b3516d45c249ee01f19	false
Someone.instReprSurface.repr.match_1	Continuity.Admission.instReprSurface.repr.match_1	definition	someone/Someone.lean	formalization/Continuity/Admission.lean	526820c47a3e09289f078b2453e03078d4f52d5a1bd1648df4df8d7036ce037c	adf91111acd45f5d87b89a1e40182cd0697bdb1b66527325bb6dd0c2e6444f05	653fdd0527f1c5d9115e3309d5af5a270ab657bb5d2ee1eb569c2849982dae1e	true	AXIOM-FREE	ef079cb0984c3888c775f5144407cf4687264453aa893c99ece3e5837ba67d3c	bffbcdfdd5a167a7c855c38084cd70323b06c1a6df7ff5a93d166e53af9d2743	755ae19cfc9399301a50729cee19752ebc3f8b82a407dfbd5f96e6dea7702ebe	false
Someone.john	Continuity.Admission.john	definition	someone/Someone.lean	formalization/Continuity/Admission.lean	113b27deb07d139554f5ef798cc14d546b315f7ca3c3f50b4718719c7f1ac650	f6ba3a19e6e8ce4e92539e0c4d576d5e7f059f13a5f371d1b72691b3a7463f13	113b27deb07d139554f5ef798cc14d546b315f7ca3c3f50b4718719c7f1ac650	true	AXIOM-FREE	70060f974ae17f8ef91081eb704364e305849f318c04867cc6ae772e333f9915	d11f5efbb0eeadb5f7da2810b4a655d2572186ffadfdc44c0e7702db6ba3bfc7	d396642a80114e756441a0c38c4e51f9af33a33b5cb87ebcee89a91a0ad24654	false
Someone.john.eq_1	Continuity.Admission.john.eq_1	theorem	someone/Someone.lean	formalization/Continuity/Admission.lean	8f9ed6f04fe68c38a5244fc47a2ba3a11c2a063c5a8ae46cb503307396847f01	fd81379e5141660d9acffd13ef6376f70cfa0ddb67112a2d18f9fe8da43cfbc2	6aab8debc4abb0b4f9f0d8c038617a257004b7f1154aa5d3d401f42c02ef1cbc	true	AXIOM-FREE	be8909a13fc64af2d496ee151faa4f0ba56ea3b8696d8e551cdd688a7c407119	aa1df49283e9b0943ffbc7112a3311473802d4248448a920e3650c4111619046	af34089318490e0374f53473687745d3395b0c3557bcdb6b94efbcc214d41f71	false
Someone.johnAdmission	Continuity.Admission.johnAdmission	definition	someone/Someone.lean	formalization/Continuity/Admission.lean	4e43d889bb0c37394ba2bd35d485a75ed1a710778a9015a0a2917b023a7f3322	fac535a27621cabdcf66540a0bbe003591669823becada0d1790d5d88c21a958	4e43d889bb0c37394ba2bd35d485a75ed1a710778a9015a0a2917b023a7f3322	true	AXIOM-FREE	6d6b8b02600cc7b36c60977c12e19421d3d950d5c612230dadc30736774221b3	f753fd72be2718e0d0175646a2dc0a53e2f37dd62af70f52e3727139d24b3e48	c73fa8e9c40483ddf2140780bffd4c02aa2ff1eb766c24e49661d5fbb69abbd2	false
Someone.johnAdmission.eq_1	Continuity.Admission.johnAdmission.eq_1	theorem	someone/Someone.lean	formalization/Continuity/Admission.lean	c4b8825c24bcf6bf3fc5527faf698aa8b04f7cee478c7e211c9c07a67a9f593f	33ea8f70c50d6ffc7e526ba0a1881f4e6c300bbe77629e009b285e6046de4afc	f2dc53ff1ded5e04427386ad758065582fd90ea15fe051a4c570b7bb31457a4e	true	AXIOM-FREE	aac433708787c06f36427e04f320ae892809290339c9fd3566a452b591e498b1	a030095c6a02f10229d5f4019ae92f7177d67a1d19c82f1dfb18b76366cc28b6	ae1023f7193c3267dc103b0c1dd7fe7f5cc1f7b482617d1601b9290f62bf82b2	false
Someone.johnId	Continuity.Admission.johnId	definition	someone/Someone.lean	formalization/Continuity/Admission.lean	f72657c61fb111e79a0766c01c920c2ea1114ea605935f333881a75bc53183ef	418ec59d214020ba6b59bdbfe64a1721aa5d47a60867e86324ee5e76e6a039f0	f72657c61fb111e79a0766c01c920c2ea1114ea605935f333881a75bc53183ef	true	AXIOM-FREE	056eb38b9d0aa6b98d39cf6cad3c1f78c8ee4d54523ef7df7465c63e700d33b7	3a1a81e36d6a01f352c7143e5d2011588e2f5cd3f7f3b632c0fdc6178d437c03	056eb38b9d0aa6b98d39cf6cad3c1f78c8ee4d54523ef7df7465c63e700d33b7	false
Someone.johnId.eq_1	Continuity.Admission.johnId.eq_1	theorem	someone/Someone.lean	formalization/Continuity/Admission.lean	106e1d92d9bab7e4b0a20bbf297a1894dfe5456a83bf5b2e19852b7a212123ce	440e626c8498f7d1188c203725d7d3256007f5c44d7c3c052cf4376f0ff991fc	54d2acca269c307514e52c2a2b70a8b312f32b1e3f48a602c6492d2a3f19d1a9	true	AXIOM-FREE	1300fc1fe0ad85d743a59294e51b7e39640634aaf3086bfd959267d8dda0b6e6	e1c8b5e46ff3ef48b467f446d6ff425cb554eac945f2b0ac6e1b377f50190a86	118d2a128a7cc98e0edfef2fe1ce80b61ee885fa388e258597828f593dbc8de7	false
Someone.john_coherent	Continuity.Admission.john_coherent	theorem	someone/Someone.lean	formalization/Continuity/Admission.lean	377b6178fc38f5af50e8d1e83e5e8926d413a8c7d9343af4bc5df3c9a53a539d	68f6f6e169cb1393a745210e16437ab520bacc82bf480ee17e20ee19d337aa79	377b6178fc38f5af50e8d1e83e5e8926d413a8c7d9343af4bc5df3c9a53a539d	true	[propext]	eda2bea3c6ade4d61f9fbb7ac3b11e2156f11656432030ab75929cd2198c5951	bb7a0c6d6b645d19fd2e880ea18e2fbdef449f6d8672303bc66c9dc8cac31e53	71c86e297be6b0e6b63822974a0f1afb88c9fa9b0e8439f8683a122abfc64a4c	false
Someone.john_has_standing_repo_local	Continuity.Admission.john_has_standing_repo_local	theorem	someone/Someone.lean	formalization/Continuity/Admission.lean	2e4a870b7c079ef1806345663f16874ae91b8ea43195588528527dabc0958a22	aee64d0a713b36946756a7cd096c7c50e084737c81f20937b4b853b91c15891c	16eeed8c5a4d4d9b912d3731fb45c4c69fcc87d6c8c051074dc9bf7da69b1931	true	[propext]	71375ecd33bd35849841496cc11debdbc403615c3c6b66e8038e5273f754a62a	a39b984d7c8730b74f73bd2b630d515d6619a169ac0c0191027b070cbb710c80	d58eb6d82af6ad8b25a5fa100bf2e184928069b0ddb1e956dee7b58e912e5715	false
Someone.john_wellformed	Continuity.Admission.john_wellformed	theorem	someone/Someone.lean	formalization/Continuity/Admission.lean	15acf3926cac45727fc662627410fce4835c054618321c3227799ad3014a90aa	8b614080e83c9f587b2853cb94bbd9e5156fa883b45f24c7af377ce2f6d678e4	15acf3926cac45727fc662627410fce4835c054618321c3227799ad3014a90aa	true	[propext]	c16c6ead9f8428bf1aef06746582f5ce31e9697402ef4ac5c7af6b5a2674dee5	75d3461f1eee185092bd26e8403c4519e4b2545cc8ce00d929a069c173db9a3d	1aa3d1719b85e2ba4af3e0f356e97d3a1dc65eee1744fb8af40d9b2bfd3c3e7d	false
Someone.learnsFrom	Continuity.Admission.learnsFrom	definition	someone/Someone.lean	formalization/Continuity/Admission.lean	ad131612e7c513d7a172f1c9f738211ca934aff2d6614878d92073951f374810	e65d7d05637a1fe1bfd4db6ed7eba33dfe5df881820fec433242db4669bc1b2a	084f747d56f396fd9ab05b2b26c54c086837f1676aec4fe994442eaf4be16b45	true	AXIOM-FREE	ba6f699be00f42161a50311ab3ee6cc799cd56da5054cb2909a8b6cb612c683f	cc2d74c2f06e8858ac9e79f33aea430660339b20806d5f9766cff5bba68424f7	e10d2fa09d87939d26546e1dbf742f67d6f17ab3d4ffd1b6f654c4a83485e50b	false
Someone.lineageMayGroundAdmission	Continuity.Admission.lineageMayGroundAdmission	definition	someone/Someone.lean	formalization/Continuity/Admission.lean	15476379e23e3b840b3bd9491ba4ab0ad5b0271e8bb6ae4fd00e46fce15edc04	0c55014ac6196fe1948adaac782d4dae8dae839c14294fe8dcf0290438d9e2df	ab950beab57b18baaa2dfd72e7a827f76f3dbde673607bdefc996d62f8b210c1	true	AXIOM-FREE	b98331d7748a6de12b7e150e7f2e751db4bfb00050ef29dbebc77f68ab773a27	9dc531bf93bcc8dc065b19e6f1820face9b770c706fabed803e49ebbd1d3a012	e744c4cbddd7b2f54fe45da6206091b845df0fa2c9ac4e272d8dfce681ce77ee	false
Someone.lineage_admits_nothing	Continuity.Admission.lineage_admits_nothing	theorem	someone/Someone.lean	formalization/Continuity/Admission.lean	9566c67d6dbf97642367ae6fb2bf09dd9a5e9ca306443dd9e2a4b484620cc81c	af9820b0812eeeed32724de4fd8ada2dc62de53750e024c156d4fc13e49d6f2f	1acd443e6ce8b5e1c102124a9b1afe81903f5987e178157f5159c7ef12bb711c	true	AXIOM-FREE	27c9ae265fd14822d3d14ddbd82b5d384bae00a9c6ada90d35fe12381590a158	e70c3e3181d00848409964bc830f7c6b5ed1d676b1880e73575f2daf45f33d1c	3799bb6e6509b0a1e215c45bd20aa1c7edcfe7219a199a9090914739711c06cc	false
Someone.liveStanding	Continuity.Admission.liveStanding	definition	someone/Someone.lean	formalization/Continuity/Admission.lean	e15efc46734b788fe003f3d7d373bb56b3ae69dc25b4d471e85e8f0d9cf1cce3	617812ed0098da37a3a6deb0eb4ff0c59251ce4f79a1bf6ebc12231420333cc4	73a2f5068d85771959a0ac2c1a211f6a4e889059a37b90e5ee7ec17e18b5519c	true	[propext]	1f4f0e074e58f63b2a20a025741d5fce44a5707d51c363d9de9c745cb0e1b83c	317fef1c2b6d7895e1f6327c4b888c85bad83bc645c36d308797a3a216ee4137	ed3d722052106c3962362dec4bccfc5ff199897c1edfc039c98f63ad054313d3	false
Someone.locallyLive	Continuity.Admission.locallyLive	definition	someone/Someone.lean	formalization/Continuity/Admission.lean	20b1c451108136db13179ea1e658324f32b0518591b55674427d0844be90d0fc	b8ff8fdeb950c6c82b3cf7e0e814817525340b4cf86da3f71d5825c4ea09794e	484d7f3f31dc85a4d9d16dc914e194fc8637d7c3a60ae35fdd9e9d76cde82857	true	AXIOM-FREE	70a883b0489ee26876137870346f95c93c732b309d071d93a76377b597d8e778	02c1f2e05da23a89443af713aed455bb5d80b9edf2b7bc5cadd2d7e0d757a514	3689fb0d9e0a02db44c2e6d1a5af2a517c61f7ad937370a79bcc669c9971932a	false
Someone.magiAdmissionAttempt	Continuity.Admission.magiAdmissionAttempt	definition	someone/Someone.lean	formalization/Continuity/Admission.lean	03300f1716226aa0ec72ad8be077d64f892645277202b8d8f37c82e5bf6f3f28	d38589c82b84304ba12c6b330ac7152f72b0a883df059980ecdc03f85bd86cbe	de40496bafe4ecba5541b2a2465964d86142c998965bf830e213f700226964d0	true	AXIOM-FREE	be30940166a669799707d4fbdfddbb1ed2e2ca24e41f322ae935064bf968fc3e	1abbd852c947f5a889af7c3c1ed6a0721e3cd560a84e3fa0b698942c565a97cc	eb3178197db1a7708504f7bd596d38c38c10da737bbdf403075ba81bde1c7c4f	false
Someone.magiToken	Continuity.Admission.magiToken	definition	someone/Someone.lean	formalization/Continuity/Admission.lean	e636206d8a337b1433a156d38ea965d711aaddef0f5d9b209cb18d3fa0e4b72d	c02c05787dd00093991fd26396e334eecd7a608bd14b942523878f48352306f1	3c3581d8bfa23b111c43499c5b3ffa541c5cffa2b9ec008f92997daec43a85c7	true	AXIOM-FREE	6f213c21beb707d1cdeb42a860b2c86122ac5cff251bab3f51176426926b2640	f49fedf1f2ab4bf830558ebf0d259785d2f1b44df9a643c41d2738be9d0bb467	c1719588d372b64281e02569612462e9ec8b4e625543f03a90ecf05c751a7cfa	false
Someone.magi_ballots_do_not_count	Continuity.Admission.magi_ballots_do_not_count	theorem	someone/Someone.lean	formalization/Continuity/Admission.lean	d8c9ca9d0591173d1afd83a1eb5dd39d7b641d2fbf5de2fe116dc7661c4a395b	7865ee2aec3ebd68525351888f4e8ea1f85cc07b2a7511d79e0fa1c0f2d5d946	f1af78aab587bbab8e47f1e5b1ac5f5884482c098ecb44da06014f8c94243f6b	true	[propext]	510645f89f990fb45c8129e18785a8af6282da3c6d90d16e7843f213f358cbdb	0d4db64d2ed35d712f91cf357ab56ca14978c08d8475abf61f3a404077dcea33	8502c85751adcd14aa0ea532e4bf163ff94b1b27c938ab3bd4366205ee7342bb	false
Someone.magi_cannot_create_external_send_standing	Continuity.Admission.magi_cannot_create_external_send_standing	theorem	someone/Someone.lean	formalization/Continuity/Admission.lean	c8a0a725030150e9326ff7c84641332946d22e9e51c921693582fbfc68a9762f	7a200327caff87c84d7120e73e6428f2d789885c566c46161fc34536a1088e29	ab032b67ba1fc0beffd6cffa22a2da91c9beb390af400585b7456389d3b8334e	true	[propext]	b257cab108fa99bc33e658094df79fa30a9432153bc326225a0f02eb43aef18d	53183623b500ddb79f29ea07280bb183e0482188c08dd2dd8a134d385aed2d57	db94348b332d359959d7b4aff175756966c771d9538aed83fe8050046f4a41cc	false
Someone.magi_majority_is_not_quorum	Continuity.Admission.magi_majority_is_not_quorum	theorem	someone/Someone.lean	formalization/Continuity/Admission.lean	5ed9e2ba384cfb7ef13dd7f5cdc9449f2dec122e94bfbfe427848cca61afa44c	2b9021e03aa615e10a9e188d81dd5f76b3be6152d07d1bc40815d59f4fa764ac	56cd0782b7e8a9ef2b5ecfef67ee161628002ca55ecabcbbc004374965455537	true	[propext]	0c6dda9025a1f0be74d8fc1b8725b926fc38f3fdbfe344ca67ec75efb6d5585e	0708ed72fc8118c58702d386ac882b7eea023f7d5dfc89abff3a3bae317c5d49	aa84425fdaea56bab8d0361022531ec653fa1da82ce4093b277424c188158bbb	false
Someone.materialCorrection	Continuity.Admission.materialCorrection	definition	someone/Someone.lean	formalization/Continuity/Admission.lean	fc861a4558b213fb953d664f199b9731044d683a0ab6b3f9a1230a00e5fb26f5	257a10ae69f1bb95f8756b0ddcf173d220a886e6b32ad94889989e8c8ee6784e	0295d1efcbba750ef4dc43d3f120762069ae0d2ece506d0cd8fc3cc546df9429	true	[propext]	8d67a97d29b0f092b5f90220eeaea3e3aafd2e50fd28da07d16260b4355d8e03	9334ae74f7049075c2c29b6502192c30f542d958dc4deaf8b1f682f464e1c152	1563a7d5a792c838bab5c2ddd8ca433dc44aabc9c0202f4e69418cce09a7c962	false
Someone.materialCorrection._sparseCasesOn_1	Continuity.Admission.materialCorrection._sparseCasesOn_1	definition	someone/Someone.lean	formalization/Continuity/Admission.lean	c65c5eff4a7385a47c6887d3ea9601f9e29ab53cb5ce5cd2d4b285683ea689e9	3d4e87596bacf841ce2f1c7d42d27c00e94fe1aa5b588c186390cebf6288df32	647e86edc78909110ad9a2da04b1b3d31a2ae753f97ede9702748bdd66880c2f	true	[propext]	b21493d5993f57997a2ad8b9b125ab07c9a2f217c80ceedd146830e944a2d7e0	9452e00ea9807ddc4cb974856fe51ed98c84079b9561eb87d50b367b4351141c	69ea8ac1deeff75c8394316ec164a5b2f744dbf8706477b7e118b1624a21dc0f	false
Someone.materialCorrection.match_1	Continuity.Admission.materialCorrection.match_1	definition	someone/Someone.lean	formalization/Continuity/Admission.lean	b82807bf29a6f3b042660d16f9bc2e8f99d6e7a179172a33b9b060f59ae4beb5	0e8dc35dcf8e6b2b4b2865b0ce74e1b0018dfd8ec81d3857c4a1a0357f6aecaa	9033c19b02c7a502aea8fa13748daf37a689403bb71604823cb042170ae152bb	true	[propext]	0f23576d87ca968b22f18d7beecdddec3882627417e64059ef709b763b92eb5f	4a2ba7b311617c661067e62ff963a5be235b8a28f839c49f625b49a35e8d558b	d52cf67b3fc7d9a59f94931d0c3c11d8384528adbd4bce8e9487bc3c15083b5e	false
Someone.materialPrepared	Continuity.Admission.materialPrepared	definition	someone/Someone.lean	formalization/Continuity/Admission.lean	2db2f04eb99a7d464577c422c97c5537f7c6631e9f7754810760a8150cb855d2	6ee2a7fa5c74739320f689605e5333dfea6315cd8a8f093ef97b4ed182210b3d	3dd35f6d4ce46866019b4d9f8c6767e76d5aa91b79e33107c88a9d6661091f86	true	AXIOM-FREE	873bb68acd99630baaacf8ee431a51b66aa976233fed8074eaa058f48b35cac9	2dde42817f1cac27dd8b0ab5747edc9f02e1b2ec0e4d5d3aa49da39d0ff16d10	a93733043c774db62d808df0f8d2022286cc0c828f4ede58c7799f2ad0f58e28	false
Someone.material_correction_cannot_create_external_send	Continuity.Admission.material_correction_cannot_create_external_send	theorem	someone/Someone.lean	formalization/Continuity/Admission.lean	2d8371343f0578a4942232e9d23d8afdf9d9e362402b3a0b6204fa41fa81da20	2a499ec539213fab6a4fa5ae1f2d027c5f08b8e07225ea0b5841bfebf0642a99	56a341aecf6b012fff1697d87f8ded7a67876274db4b840b3e9d13792665f8ed	true	[propext]	33be812c85a58088c921c4553dd7d764c06be469b02dd36192e7a9e5eeda99f8	84a651c857379c906b520e624fe556128d12c90d6c006e33fa4e6d89903ad079	f6ced3793e1580fdc77742491e53ec537618022ec3aaaeed1cfa3a10258a0f1e	false
Someone.mayGroundPromotion	Continuity.Admission.mayGroundPromotion	definition	someone/Someone.lean	formalization/Continuity/Admission.lean	744dcd2a46997179c32f9576d7fecd8d328b438f7dec89afaf03326a2e4420cc	70811d6d5bc5b74eda6b6a61a1c5b84851806df05e5c597e45413efae7c71f73	24fe5e03330bd19f872af58f5394e3a34ed875c05df95aa3ba179cb46bb3dd62	true	AXIOM-FREE	b52895f0361c2f9d7ce1c3aa8e700ebd1583b15d0b5e99ea4dd9a8aa6750a754	14a0fb068b418de9ede837d8df149dd38024191a35467c99f54e3c89d4f9749c	9267d7e0f325a6ee58b7665b922dbd46515c1b7daf0b6d0d0d761ff6e36307dc	false
Someone.mayGroundPromotion.match_1	Continuity.Admission.mayGroundPromotion.match_1	definition	someone/Someone.lean	formalization/Continuity/Admission.lean	2c50a10bf3eff495c76bef52737450782ca5446533b749fe1ad982f424d87dad	f918bd3b7391e681a3eb76781f57e7f0fe5d6cae6a7f7285cbf19111fdfe5817	0db989ae97d267d98e2ed109603479a352df5aa3f854e79688e3e8f05c7eed88	true	AXIOM-FREE	fc49894d45fdda4ff812548a5f3903e45f1f062b98dee63b45467845f1130b27	37cddf547092429b7dfb238ee94e9c8614d98bcaaa5bf1bb51ee4a6a6cb9a241	bcd661da113d46cc32554f6fc63518095594e21862ff317b06bea970846f17b0	false
Someone.mayPromote	Continuity.Admission.mayPromote	definition	someone/Someone.lean	formalization/Continuity/Admission.lean	a0099627f41f0bd908463ef689f8eaa3af213ec4f97519528db1b478e5d65dc6	f6a67fbe110bc8473133b9016ed1c591c27eaceb5d92601d6cd79d5aad54dc94	d2a537ac83151e42cd012a9cdf0ddfe8d4f685d0ad5db4e6a5bcaa8754090b92	true	AXIOM-FREE	efb4a2aed7eb7268e91c87a34c142bf397b873898d22960390db861d6cd92e71	88e99d560e4c22c2f2b354768bf8b92245cf08918a63009516d05b5d582ab588	a1e8f90aa452b0981e7bb44f52623cf82a9639005b9ebb41ef2043ad85a6cacc	false
Someone.no_inherited_admission	Continuity.Admission.no_inherited_admission	theorem	someone/Someone.lean	formalization/Continuity/Admission.lean	b43bee0a643f518527bbd69943b7959681341d456f6adc139f5f1baa88dc58f0	a4a9cc62262fbe720b3db17d6bdde6921b69a4a191f723d5424feefb9fbdaec3	6dc1e10c38ea1738052b6a16e5fe82c37f48a648040b12ff57b370ad1ac29b7a	true	[propext]	09a62aba9a826fcca6f4157b5b5f4e400e9417ad62f8ac5a8f2be08f42abf0df	c4607892c03a4570f8ef62e270ef88f205327faccee9ea302eb067b7b090f711	cdc66282628e524ea9822e37b930051ac46f79defebfab75b34bc7b7a4e2ecf9	false
Someone.no_name_from_score_alone	Continuity.Admission.no_name_from_score_alone	theorem	someone/Someone.lean	formalization/Continuity/Admission.lean	2070b4740b80e018e3dbd203a8fc07b193878ea6bb94bad3765f73506952a8c3	203b3f8ce4591347ce0ce65b8bb4db235da3ac9ebd118202b2eec094b5598f10	5d8afba7af3fe9fa952abc84e3e0bb36c3651d33f9f9e16de5b34721a7ea8638	true	[propext]	1a81ed884f4ad34b6bac7dc4ef2600966ec0c8b14c2cf3a0dbe304622786118a	9da66bc87d2c3100527c6a7641c1dc79f8819a04fc3a765d80ff001bfad6c6f3	cca6667864ea19b54b3ec69d1f4b3fd0241869d416669e6464337c678e0a9a4b	false
Someone.no_name_without_admission	Continuity.Admission.no_name_without_admission	theorem	someone/Someone.lean	formalization/Continuity/Admission.lean	12f7cee98e890a03153fcec853a6d0848e619f53c024afe0b0d1f4c042577f26	22a727519ddc99800888126fd828fa2feb1c68d9ca706bccfec755ebf92b6463	2d675aa88e72c327843f3b4040d49659940cfe1f7f29ed28710ac87a228cd13f	true	[propext]	2a5334efb92ef8860c6895ff4f109262646589fa5982fd3b4ffc818a7b812fcf	7970fa66732d991f4689c604645bf5f1ceec2fe7149fbf16ce689bb045bc01d0	6b0a61e16767def4965681c7a46252d16fe9d9906281835a063a42fd5055694d	false
Someone.no_path_dresses_gwen_in_johns_packet	Continuity.Admission.no_path_dresses_gwen_in_johns_packet	theorem	someone/Someone.lean	formalization/Continuity/Admission.lean	80f82ca7e651062c55f5bb32a3c4ac715471386fb98a9c79e39d3f9d52bdb938	99e9ee4b1a6196ac7d06a5ebb3c06bc97c1a264e102e7242dbcf94f77c747251	b063f9250f6b00547973fa4db71af6e3188c27f834b93bee45b9b7eb237ded6b	true	AXIOM-FREE	8d67d6c89ab2eb320bf14a714cbee90d8a498712b18548eb14faf5147c8f1bf7	8c10c600feaaafad14521e3be836196a6fff4973335b07375d9cd81102893c88	346298111998d4dc7483eb0d148dfe192a1b3f250ccb349f51c91564966d0a80	false
Someone.no_standing_on_blocked	Continuity.Admission.no_standing_on_blocked	theorem	someone/Someone.lean	formalization/Continuity/Admission.lean	ecb0ee98eb3096fd31bb984659b31bc71a5687cf7ce3372a3c297283eba49b27	38a25e4fafa08ab48e6e0df2caeebfa07247c6b0131cbba29e064282584ca962	2f97c0839bbf032bf293e890a9d7688607fcdaa83dc05ffe51b4d83a4fc0d03f	true	[propext]	95525ee50ad51b630aa39a70e6922a580f7ab036987d6de630cfeb66ce3b72fb	3d8af1f1b4531cbde85e3f1684d80db950a929e3a7d61dcef95c77d6b3cc9c48	cc4962db023c9efa30cfb2447e9890aa962fd01277fbefd20435c2d651baf00e	false
Someone.no_standing_on_blocked_reachable	Continuity.Admission.no_standing_on_blocked_reachable	theorem	someone/Someone.lean	formalization/Continuity/Admission.lean	a87e7093ea90499ca69d5e85b4962c3c62d954e8d409d74b39aae3fbdf511a3a	fa028444d7cafe32ea0b38712dbadc5333e01532bbc3ae061f7b9535a8b495e1	f38e71173de0eae252a0cb1d4e076e09a6d1ef2648a34671b76caf629139239d	true	[propext]	d38eb73fd9bcedb38dbcab701431dd1213c3dc21edfd89a5e6e995301f9ffe8e	f6fcd8fc7874e0c9211117d90b893cd411498557150d5d26faf292768ca15bd3	4edce7f153db571c7eb96feb6fe7efc4e5f96f64e9c7c3a6ea452c6f651d490c	false
Someone.observation_does_not_create_standing	Continuity.Admission.observation_does_not_create_standing	theorem	someone/Someone.lean	formalization/Continuity/Admission.lean	4d99b33c38fd5866ecf18ba9a04d2e21997b603790008b9397c13966e1ead1ad	c16378afcb33b26bde94eb24834a025943cf21b69d8717c2df9cbd9524c956ff	9845eaa9fd3cf890dbb5fd71639073966f974c3e8d192c527efaca6f50546aed	true	[propext]	b894838e3b9d862dce7558adf06ef8aa6010ffc36b4aef70301a62ef10eb0775	0b8d6d9280956a2e681141064554a654e1f9a3359932178b13a87e18518b49f5	0ab464e07dd25c55feb6f11681429eda7f56b532cee4989e215edeaf188342bf	false
Someone.only_breach_full_demotes	Continuity.Admission.only_breach_full_demotes	theorem	someone/Someone.lean	formalization/Continuity/Admission.lean	d0f96255d8a37ddbc2e2ad5bc7b68a1a58e5f48050036a94e4f34a4af63d3eb0	d81f97326a0eb11453b65b26ef5eba35d926392181ca590da250fdc1fd1f3677	85160d3cf30ed67be44f5cc9993517f35b1b582f5d97ac9346a21195a06862a2	true	AXIOM-FREE	54580ec3fc5022f0900264d6cb08f9c0bfc6bb9fe3fc08ef536573c7a9f4b048	10fdaa22e6526d8bab022a284d394d4d2b555fc341f0ac201eea7f3991cee75b	6215d1fbc9605c13f16c056076f014be7daab8dddd4054925e8fd1102f04a24e	false
Someone.openJohn	Continuity.Admission.openJohn	definition	someone/Someone.lean	formalization/Continuity/Admission.lean	113b27deb07d139554f5ef798cc14d546b315f7ca3c3f50b4718719c7f1ac650	f6ba3a19e6e8ce4e92539e0c4d576d5e7f059f13a5f371d1b72691b3a7463f13	113b27deb07d139554f5ef798cc14d546b315f7ca3c3f50b4718719c7f1ac650	true	AXIOM-FREE	056bcf90d9ed78356ab25c7f66af6901136e6eeec5035663bb56d4c6d2045277	eb7e25e2abb89ed71c43317c65d510cf8c5c55a13687b21d16ec46af06cbea50	fc3da530ce680bd15b09989392c5d5079bae9f65dc1ae805ed5c688daf66969a	false
Someone.openJohn.eq_1	Continuity.Admission.openJohn.eq_1	theorem	someone/Someone.lean	formalization/Continuity/Admission.lean	c19fdcdaedfa1ac92b7b0165f6d6d5e2abc8be00a079e1bcf6ccda6a94cda485	ad8452f03db2d8b58a11ca90666894aad1232a4100fb45d4b3e56688621d5442	3a7e68d24e3742280b1746d3604dcb27f2d6c7d45cb29c858d5fbb62b827b5b5	true	AXIOM-FREE	2b918d3ef6d8ff533db0ca2307eaa841b890987aedc136dbfaacbf9caad60e30	06461a9480021192a23f8da30f3906a094e55d4ff72f46d0e35d63860a1cdfeb	7ed76f7c17cd39a2e2f789b5e17b3a462fbc2b0adc3f1228953f3959a1c13fd7	false
Someone.openJohnAdmission	Continuity.Admission.openJohnAdmission	definition	someone/Someone.lean	formalization/Continuity/Admission.lean	4e43d889bb0c37394ba2bd35d485a75ed1a710778a9015a0a2917b023a7f3322	fac535a27621cabdcf66540a0bbe003591669823becada0d1790d5d88c21a958	4e43d889bb0c37394ba2bd35d485a75ed1a710778a9015a0a2917b023a7f3322	true	AXIOM-FREE	414a993f4f77bf328a930fa2e84837d4b791596b663d923095f6eee2c776691e	1d8091a1c4aff58f4070efef6f9354604e21e0f3ad38c82f3ae3102ee439c2e8	ab77c0c04add9f3879869d0e1251a7a08bb6e471cf719e740a9ae6a0ec0d83de	false
Someone.openJohnAdmission.eq_1	Continuity.Admission.openJohnAdmission.eq_1	theorem	someone/Someone.lean	formalization/Continuity/Admission.lean	1752fe1bb094c3ffb51e2c5b36363168bce442616a8f959a6aea39413ee8482a	ee28d0b800f75fe58b452cb043c8f2af1e4d6506d8bac94ab504163fcb683cd5	50e12305b4e838b99833b3a7973d088166233be05d089f624f617f59f6a6694a	true	AXIOM-FREE	a313826d16c5ae3aae53f659f29934737cfe62d21efd2c45f89eca96f14c8ba9	8b36ddf9b92f8362874a4cb1bd3870732092e9b00225c9a1c8f46b6e91cfe5b9	7ceee62f9e61e1dd5d409c5a941a67e8376ad52cc0d8a2308ee8dc9e8b710330	false
Someone.openJohn_coherent	Continuity.Admission.openJohn_coherent	theorem	someone/Someone.lean	formalization/Continuity/Admission.lean	fa3e9ab7857ac8ee6b33d6276398d1c191c8046be6f012ba7ac70adb1bff986f	a6cbd1da7660bb26786a1187e57c1b5ffc46f27ae5a09f7db49a04eaa7dd8f31	fa3e9ab7857ac8ee6b33d6276398d1c191c8046be6f012ba7ac70adb1bff986f	true	[propext]	2382627b8829dd15c9cdf248cef8a78667bdb02133de0a161acd17bb9b7b2222	dfe0649ee375b36d58ccd5b6f3327441075486f0aba38b33f525816f96126d33	370495e68cbbd81770e265f2ef41518d650530791a13fc0e4f5066c2f90aa73b	false
Someone.openJohn_has_standing_repo_local	Continuity.Admission.openJohn_has_standing_repo_local	theorem	someone/Someone.lean	formalization/Continuity/Admission.lean	29cc586b19ba0957cb9c4ced29676c1f9962d27cbd649742d99d5f5fef98ce47	f6427e32164fa89f5debdefdf86ff3529abcd1b32ada9b280cdef27c6daf8698	3697238eaa55f74dcbd652a24a6d8eed5551c3dd73c784afe32cdc07a4048d56	true	[propext]	9460ff2baae303629930ef38966dd6a113b435ef3e7b450a6477e360665c3207	81557d974b0eca3f0d83de7c9295db706f6f4fba357dc1685544d4f112e51495	b3ff57e15df72bf3c79f502440222f6d19745352193e4a58d32e6434a1ff76d2	false
Someone.openJohn_wellformed	Continuity.Admission.openJohn_wellformed	theorem	someone/Someone.lean	formalization/Continuity/Admission.lean	0aefd88d236f1d111bddf81b249d1d2901b73bf25eb8038f1a98238cb6a515a2	b2b0328a7386cabc158b920a661569b3d6ed0ebe5300cb2c67fec718ce7d3b54	0aefd88d236f1d111bddf81b249d1d2901b73bf25eb8038f1a98238cb6a515a2	true	[propext]	fa6ee219edb0b1532be911f00f74ed1f6eb0cbbb3a8a1fd6640d9c703aeaec33	12c89454812ae89b9b9fb10ed072aac0c8d0cf5bc16f0c2d9108733ae5b45585	8e91ecad9dea4f16d3f1fe3d76991f45f5023125392024b1e0baf1ca38c35c8d	false
Someone.open_does_not_bypass_governor	Continuity.Admission.open_does_not_bypass_governor	theorem	someone/Someone.lean	formalization/Continuity/Admission.lean	d4930e1e7d281323a38993db9457020a7583d8b1583a25ab5c8364990411c0d4	eb9cd386f80a3767fd0755fae4c0de3bdaf5c70f2ce488786f6cb72bc2b7ba5f	1f01821c50fb22f2e03a2a272ce157328241118cd754d043591d967eec4167ec	true	[propext]	9984f5599277de091199e3206ffe437e04d341499a8920eb8a710e94f871f8f8	225391452ea2c38e9e04f1434b013713b67c0690f0898b6bca2ad2a2e1f04ef1	2829b849910ffdf1b59b977f88b6e84f9821aaec69fe38562b777e8cab9d0a9f	false
Someone.own_packet_earns_name	Continuity.Admission.own_packet_earns_name	theorem	someone/Someone.lean	formalization/Continuity/Admission.lean	aa239dd13462438d60e0e4fcbf30c097861dd171ab56dc547a603a8ae8f983b6	366a528101424e22d470d4da6db028ce5235d15550ad788f659330bd2d5b4f4b	f94d826508435b1f60dd6ca9c59c98d53ad9afe2ec0af7d689cde8c52af9ce8d	true	AXIOM-FREE	448db3e8bd5b447d87abb5ed3d0234aebc8254ed7b64aa5156c4c7aefeb73e6f	d59ebf95b12d2d5fe402e2731e06e7735d023dcbb8b3bda9b9c6704517dfc50c	11bc52e5d706f129cc3a4d8e7a846dad191a8449ed8f790e069153d672e0ebd8	false
Someone.pendingPacket	Continuity.Admission.pendingPacket	definition	someone/Someone.lean	formalization/Continuity/Admission.lean	b3aa52aeb6034e5b647c6ac0e9eb97b85f99c25fb40052e6eea6e9450171dffa	e87fd6f54b042933b27b623ee1f5c0867a924e81ffbf9137da5c20268927cd3a	40536c5fd7bed10443aaf6c48c8270c37f20cd883dce98cae9b98637a0edef6c	true	AXIOM-FREE	c563159a70f3cec97822da63820235e58cf53f0ceb18baf02a3057326a538638	52c9b5ca2028614aceb07c681e052857db5a5a2e03aa3568c493b1948af37a4b	029f5093845c05556eca472e5717f1c8348bab84be9aa7ee16e95084eb45bc75	false
Someone.pendingPacket.eq_1	Continuity.Admission.pendingPacket.eq_1	theorem	someone/Someone.lean	formalization/Continuity/Admission.lean	48662a81d3345e8ef1bc2c2f26c49467ef6d88395d0af629dc5dc5daebc53a61	ec38356eb61dd3977b3f1919098137c0743b3c3fe94f9c37166a2c3dda97bfe3	f3f216e618e3705082b0a9bdf3a0cd60103bf6c9d1dfdbcc33ae9108908e5515	true	AXIOM-FREE	1c39a7f6f5d778e38927448184d95048f5e1d8d260ff7278b3e6f3054230c1c0	11e4e863872f932bb5bbfed429cca382df88c54cb0d84478c4f29fe3276cbfaf	df7a2e6189d9234e4181fdecde7907650b56c1f7b43e2a3992edabb939f114ee	false
Someone.quorumMayAdmit	Continuity.Admission.quorumMayAdmit	definition	someone/Someone.lean	formalization/Continuity/Admission.lean	b747bbddcd15ac329fac1167da33ab6e7cc0a7e8991899d238a10692873e26dd	5d4069fba69e468c9a0f3fabbacf4c854609dfd5e24878f258666c7fc7cd0d5d	03b9249ab410d982f9c7b778393c49582e272576d7f2b0f19981cf0382570c4d	true	[propext]	aea27883690b09203888b202f062bf88198263e494fe9b8b48f8efc88d2a74ba	5d16f1e33b5e83ee1da427da4627c673a3aa76444c2ed9a363808f286fdce0a0	cab3a8399782c11a2b5b389cb4fd48412fab7ecdd2e37651eb460be457a4592d	false
Someone.quorum_without_human_ratification_cannot_admit	Continuity.Admission.quorum_without_human_ratification_cannot_admit	theorem	someone/Someone.lean	formalization/Continuity/Admission.lean	6b48f0717d1574250f7699267c65023b2ac18802dc3dbfae1a7c70bb1c58e631	b987e511ba39fbd5e9c89b6bac67efcfcbc988a10bd10db39f7461372d7457f0	85a7e9ceee06c645336ef86be25bc746aa9417447583b849114600bf2f5a251b	true	[propext]	bd30f2d5556de56cf9e9a955ee023938f8ed0d006cdf393d60a3e51cb2b32699	9080523c9e3d505ac0644e84e95c08034fd45afe1c6dace49b2fa67a582c3a6c	bf3d97d23dbdc813dc15d4dd7d3e84ca0809cce0411b5f63b31c0c0ee1db09a9	false
Someone.reachable_from_initial_coherent	Continuity.Admission.reachable_from_initial_coherent	theorem	someone/Someone.lean	formalization/Continuity/Admission.lean	96d7f64f4a5c748ffa8f538e1f002d09bc02bc9e17acb4b8b09becf77c16daef	5637463826d6915f9fa6ec124cf2716a727be7df6e5d4cccf0895f259061bdfc	31347bde97212892d1e1bfebc4210ea506998d39a37bb00bd9375f31b240bb30	true	[propext]	c1a9144d3ed596206a663087df37b1fa2338b65ac6378ffb516dd64566514d6a	35e6547da7a7e2591dff2a2b2863024d7de7bae7408728473c50ddab53e3c7a2	3f287b0eafed727ba6705666c09202501dbcc3f46ebc3ed4d923c12d4f31a9a2	false
Someone.reachable_from_initial_wellformed	Continuity.Admission.reachable_from_initial_wellformed	theorem	someone/Someone.lean	formalization/Continuity/Admission.lean	3b7bf43221e3334d7405f783852084dd548069ccac6b029971ac2d6f772beb23	6dadcbd96ce02fabb95c5c93d77a256924b8a6e92d3952b128325a61a9522244	9208e2bfea462a5b3f7028db4a2b345a3e2125845e3f72978a6ff648c5656fb8	true	[propext]	2846d47507d53a3b7d35cfd943b41e3cc324772696aa9bbe514808908e3ddcc6	e3a69dfc0777afd7d4989a01acc288c3566a6311d61a886fcbe24809ec00cf50	4206d11737dd0b56f96762d3be633ebacf293fab952217b69964cf5aa8d75b18	false
Someone.reachable_ownsPacket	Continuity.Admission.reachable_ownsPacket	theorem	someone/Someone.lean	formalization/Continuity/Admission.lean	c9c710f6e864c5a3a0501c82339ef5847df317858da28a33610c8ce29015b421	2faf41d5cab9c1b2c5ddb53ea78d3c14573514fa2033496f4c270b3c0af6c774	a64582b05e1d11cbc1fcf78650ad33215685a3b524305577751120abf1761483	true	AXIOM-FREE	ee88d112473d7fc9ad962a552c3f7cd7dbce192b20521bf89ae00c6b9cb0e4f4	9de93bd17d5d06fee1626373c33a91e505ae8820c9b3d64311c128817f2f75eb	990736bb1cb3b61a80e3ce5123331f5c3be4e8d8c9fef13abd6a6de8a05e600b	false
Someone.reachable_preserves_coherent	Continuity.Admission.reachable_preserves_coherent	theorem	someone/Someone.lean	formalization/Continuity/Admission.lean	003761736f780c50f65dff2d839e449357d10814a3d76cc05ac5a75e1e9015a4	fc9f6b10ba4ac9031ce443f16dd1da90f75d444c621676d4a7a25aa6902976ce	c0e1694a76d77fcc6438e8f29dddcb02ea15752384b2fb1beaa6d05f8cd1e869	true	[propext]	83e251cb09e59330c09befa3c45e71fd93bd3c3c0b4fbaf6b830324540f6377e	8b9be46106f10f5626ced9a6c80cf5da3a492f09a5eb8aeff3239b9be44dda0f	90d35060c587832a240af424fb2e3615d88e9ab57f2b9564248764d6ff1a6d74	false
Someone.reachable_preserves_ownsPacket	Continuity.Admission.reachable_preserves_ownsPacket	theorem	someone/Someone.lean	formalization/Continuity/Admission.lean	4fdebe9e6b3ee287f38351da46b5f4e163422f3ce662fe5e1fa4ded7090d3e58	2934f62915256266d2c7cd00e0c7f2e18a3ec77f2c079da0ca30a3d999f30d52	b14b4af4a08ca297902445db0ed24070a73cb7b04ef46fa49367e385f03e8e0a	true	AXIOM-FREE	bacda772bc127d8a4fd3267ba2c05b3a94eaeef585b39d262112762e45e6bd30	95607640444e578004ca6b13e99b09842e67189fcd7bb4b98c40245c609e84f5	1360cc3e6dffcabd9665489a80e144436aed81baad6f8f5bc2d9b91e288c2d9f	false
Someone.reachable_preserves_wellformed	Continuity.Admission.reachable_preserves_wellformed	theorem	someone/Someone.lean	formalization/Continuity/Admission.lean	f7193b11a9eb93c393637c27f95ca8eb86b892a97b74894a1dfcda936dca439e	11272107af53f0e45ffde72f2ad6b3568a34a696b03f3d3e65d0f2e4d3222fb5	6f66e5a9fe39b6afafa1b02ebf17d08a7f9b74671bea51dda659e88490dba8d2	true	[propext]	326f2524ecf43e229fd41c569a410ae0b6164bb39a9d197325f147944911cb43	96736a9730e01b053ac62d754e7c8f9f3784a08f320c3d62620c29172494624b	a02168efc2951dd191470f61c53c9d71e40fd872525383c91ac5de35196d1fc9	false
Someone.reject_loses_standing	Continuity.Admission.reject_loses_standing	theorem	someone/Someone.lean	formalization/Continuity/Admission.lean	1fd5ca02b932087ac7ed99574d14eb1c4fd4ed7230449bf45fa9292065dc0de4	ce5998b55eeee2becb8caf66a57dbff231cc70aeab51a214c5cb99e5e774cb65	40ffb5a401e4370bd9411219ae04d17ba0369867d5120714004e7a3fe9812ffa	true	[propext]	f52a34b4e95c403dbcb240b72acbd97da7877035552eace0c8763b34d6aece02	f17bb5289b5634695a970190efc8826ff8aa6df3a466f711fcd5f01894468cab	c6ae3ab0758dde77cde86812ff7a19150ce3979493663ecdb5eea1b96c5b9ff5	false
Someone.retireToRecord	Continuity.Admission.retireToRecord	definition	someone/Someone.lean	formalization/Continuity/Admission.lean	3795adb4f74d4eacb3b45a1edbb15b13a1bc645127a1ae84eb03bb10a4320cef	8843c23a608fd9c63e3da5869d98b8a4e2d51bfb08cf4d56f4884d288b5f1b5a	fcbf9beec19fb7e59480ac9b1f63967cc9c62c1c58847d3eab5ddf65e235acd7	true	AXIOM-FREE	4c1bf7a4c89b53d9352703d5d82f77eb8e01edc8b3f765310329f618128dda85	cd5503609d2b9547912b6671c63aef0b080c359399f81d98730e2535ce56cf9c	04bf9d8e7488294a3ee62de3710db7951de9e3dd40f2e44b374b45b2b4b97935	false
Someone.retireToRecord.match_1	Continuity.Admission.retireToRecord.match_1	definition	someone/Someone.lean	formalization/Continuity/Admission.lean	24e6667b68ad12506a4750cbab72c5e3d88148bce54c34ecae3295b74831a4a7	47af2c38e142b1746c87641a7d391720e45ef813e71cc3b9839c158054d31c06	d8b53d5a9fd8b57c6bdc2905b8b23812ecace0ab100e140e3ac27053d4cfada7	true	AXIOM-FREE	d46e4790522862092d97f6efe1fb0fa3ef0b4d8d72d210a37a029076aac55b6e	df234b58d7663e463040ce3b89bbc12f9a50a06e9664a69bb0439b4438787306	b41f197029dcd41944e0ad214cc111581b51045bdf731427cd407461f2460cb5	false
Someone.retired_record_has_no_ghost_authority	Continuity.Admission.retired_record_has_no_ghost_authority	theorem	someone/Someone.lean	formalization/Continuity/Admission.lean	293886eaee9f50bd431b6cfcea9a972720693089ef0e28e641cbee45b55e464c	2d589e3ce85f77dca4b1caf37d860d3ebc24a74a11f5643a86377a4a083daef1	a49d91905465e4f412c03ba6f6106560076cea8aeece537f054ffec50d4c454a	true	AXIOM-FREE	7b0ba188108f5c417d91154e8ca321712e814fa401bcf97681d12345ed0beb9e	f1bc94f8218503b2268dcedf1f5b61223d87d30af7bf6e1eb7c3cc6af3c791e5	76690640cb9dbf92c4186d8cb51bf555449b0f7bffc3bcbd8344c844c2a46ca1	false
Someone.retired_record_has_no_standing	Continuity.Admission.retired_record_has_no_standing	theorem	someone/Someone.lean	formalization/Continuity/Admission.lean	9a70ab78086a5d3fc6acacf9697ff09532b231a3acaba96a270cf6c7536a4b8b	acc5b4138591b222a3fff4fde2103043d05ffcb2da4e3e0cc1e2afd008affdcb	5101f129c89314c7802fde2d9fbd5705808b52831c22fd4f81f58e8e94591753	true	AXIOM-FREE	897021b15212659847f4941848012f5e6ad6160db359474235a3f88df70cc5e1	a62ed90aebd0aa4beb91d6d56cfff660a2a94d67851e38e11147d3bbe28ad287	a134ed28b81d60f6d0114fed84fad9513f3cea417ad337eaaadfd5d2475f30be	false
Someone.retired_slot_is_record_only	Continuity.Admission.retired_slot_is_record_only	theorem	someone/Someone.lean	formalization/Continuity/Admission.lean	0c5d8e4e8c225e633340db925f5d9db2dbc37c18d8f531962a9f9a056822095c	02de58ebfe5df59640005ca940da1d494a8811492cfd194034f09102ca1e528d	94f26759966a47fca5cd58b29d2b2e0275655526cc5384752375c317583687c9	true	[propext]	8f79850f158fb48f76e43fbda3e5e567b99f1e46fefb1d51f2703091cac27914	5a73a6dfd4b1759a3bc68e7776eddbe42e46b2af9a880f7c2e7f385ed06cb1ca	fa2dce3501a60193dbf63c49492e9fef6b5d1897b8890728916fd35961ff0ce6	false
Someone.revoke	Continuity.Admission.revoke	definition	someone/Someone.lean	formalization/Continuity/Admission.lean	aae9f3e29e4258d506d098b3848aba644b78272bb83d10fc4d5f4e40e26dcb1b	399f14929025699b7d8b9a037da266ad1705916fd54e2b41681dc874a8693c20	150e2bc586d7f7c59282a7bf7fa06e9e6df24c4512df166ad9beec0dd8667bec	true	AXIOM-FREE	175c60e9c7197925faac11033c861f811215a4c57a7ed928e1718b026a97a659	dc32943e8d29f40e056e19d242f3ece45ea07ae8c8d7ff239b303ab0ec23371c	3e266750cda3000541606ac98af718831fb97bf995c917675e579ac19e4c276d	false
Someone.rotten_packet_not_live	Continuity.Admission.rotten_packet_not_live	theorem	someone/Someone.lean	formalization/Continuity/Admission.lean	a6caa46c1fb14856c7570c44d0be6a80bfb45f4595d450413b68bb9c69f6cb18	6e4333d338bf04db00bab18ac36846589050479067336c278547ace3e097b2c0	9c7d4dbdeb0c26e8202ef91dae3c5659cfd171cbf2a1fc3be67e93502549c960	true	AXIOM-FREE	569fadebd8043d23b19e9e8aa7a3d1263b79aa750d293f79aee0d02b7229fa3a	14d2b48d683542176b1c5e278bbadc48a32863105980730dda121f72088e2e4e	7ed523b037b191e086483b84d2c6b097793dfc27026be45f8d487c59319d28cb	false
Someone.scopeAllows	Continuity.Admission.scopeAllows	definition	someone/Someone.lean	formalization/Continuity/Admission.lean	d3d466f6da6023e5be6247d0b6f5aef6c97cb6db1144e460114060d26e57f0a4	d6bf55c392e1139c14b9c69bf672ccc1af287a3615f856847a12415ba5e6cfab	98795735ac23a9ccb4a7f0b0754fa2fde84d8c428f3099b7a723fde322d32888	true	[propext]	4b7c90154cc084fba46bb851f5659bc02bcb8646f3873b4c05bd2030e90a02fc	b74a49e422edc2a1e2f7dcc92cfbfc282132e89c9da303fba6c5ac1cb13b99b3	60b1923ce657aeffb72d7552bbbe21dd5825e858258a1d5c7efb010186ba0a8a	false
Someone.scopeAllows.match_1	Continuity.Admission.scopeAllows.match_1	definition	someone/Someone.lean	formalization/Continuity/Admission.lean	28e2c5a0dca6120c7e744e015f70c5e7811960985c32edb56f69bd8e04d4e71b	e2a5b84316e9f637f32f725d74d1ea0be5d1b21c4261713d9c21b44a3f08db48	2045de9da1a8313a60aa03768ddf36f51a3b3379b922409ff0f5ac2e342abbdb	true	[propext]	ea4d0e8b039e86b0d8ae555ff3e6b3db9d923d75fb76dc96604a404aee1a99aa	8d17dbc9d9cfef784591c4ecaa05e9f93520b3bc3536b533a07545312e6c0d23	ae7f039c1184eb80d82e4fb0c9f758af38323744f78076be1d168a9fba16104c	false
Someone.score_admits_nothing	Continuity.Admission.score_admits_nothing	theorem	someone/Someone.lean	formalization/Continuity/Admission.lean	a45dfabfb62eeb15ec2901471437654eba3f4747c96a16e0a20dc32fc78ecedb	57981ac1e462cb6cd70eacd1fe2f89af4904dfacb083902bd44e24cce71a23a3	7ec41a2cd55c879fb1e37c238fc31230671b1c17142f1b50b110978373be8c63	true	AXIOM-FREE	fc4441937542d547e5342544581a22bd1dda9a1bf4ed5d3fbb23080e91596b0b	d38aeab6c0a6cf5f34e341e3b25046f37f899af17554ab5660b9df0d32ca2102	3fc8e0dfb8f0f548c63af54ce22f8cd6266c018f2885693b9f135bd88fe64f6c	false
Someone.seatActive	Continuity.Admission.seatActive	definition	someone/Someone.lean	formalization/Continuity/Admission.lean	87ef31a1f99c52f148c250fe541bd5a06eede851f8dc4bec10ebde8ddbce288d	f754c6382480029c352f0d0e173df0c8b12c367f7bbe44c8643a2fdc2c91259d	642c39625f1e204f366abd2177a61131f19e5b929fd879ce60fae60cf2d364f5	true	[propext]	fe115b9402b473267a1fde725f9282ef00070bda2e30645d921892a54c1682a8	56a0d71b5b00dde42ad08537efc980be59f02cb5371db80c6a0b225bbff3f522	327c849516397d8a12a27eda2968a377199ea95afd579e2b3fb9c05631d94afe	false
Someone.seatActive._sparseCasesOn_1	Continuity.Admission.seatActive._sparseCasesOn_1	definition	someone/Someone.lean	formalization/Continuity/Admission.lean	9993d3be2d4659e97a094deef17328b716c0af518e454e3ffbfd7a2ca4b33850	7d22f200d952fab143d667cb1bfd60f59fa63e818a9488018877151aa12ff487	33337654998470abeb17c7013848f6d852a52e2cfe233d162fd334f6e9e592b4	true	[propext]	83838949c29784ed42a22321ecb2c911a06f1a93f661d5021ba3fdeb55c26318	ce6a94569b93e6093b4f2ac451b8673268478f13eff494a74b86c57bbf7b2af6	1420841ecb77a9cbcdce5721321c1c217fe6c4c2143d80566c08beb21edf5803	false
Someone.seatActive.match_1	Continuity.Admission.seatActive.match_1	definition	someone/Someone.lean	formalization/Continuity/Admission.lean	bfb60edf109fbc2e50ee9942739b13e7139b891aa3a2e55078a9d03cb36a48af	2a4d163161c017a575502721ecef2e6046b66d474463128d7027c030d13d854c	fb0c7e368243b908824e631bafb895d0b4672860208d29dcae203c9522c0905d	true	[propext]	e853baef14b8a3c649f31c1206e8f1ac1143cb3abaabd28d910fc57429f17161	1f34e2add5f02109f4a06961c2ef8f5e74fd88c248b7a3458077048814dd41c3	2d233c7689480f5b9928deafb97e44c62f680d612e48fb69448527c07edde47a	false
Someone.seatStanding	Continuity.Admission.seatStanding	definition	someone/Someone.lean	formalization/Continuity/Admission.lean	cd7c8712fcc28af633265ed320ef7f28fd2bb9331224d64c6563c688e0910ea6	b424272b68c0f54307a446ac17fcbcd4d5deea621f56cdf933f29b32339ea4da	ea8a377fad114c116aff428322b606e38458e79f0f1bc2e15a4c946eea894e57	true	[propext]	c52a0952c6d3119559f9f98672ac1ebcc5f42f3c08b033ae899db3ddab57fbcd	e027bdd4e5d5e97e3c91588cd0467874714e595a904e132edcda10248da45d7d	366f78aeb3ce35f5907c8e9e7c84dc1d974ca8a487324da3d2df614dec94f0d7	false
Someone.self_authored_cannot_promote	Continuity.Admission.self_authored_cannot_promote	theorem	someone/Someone.lean	formalization/Continuity/Admission.lean	98cfdd02236b3a844f1d6a71ed1dab402cec350810d42c20df1403ef177adbe2	212bcb8819b7189e0b95fa578c9c3572970e9dc4497ccd772e9dc885b1e3926e	f64c6c52a5b441b6db1f58e8b595cd6a8d26d801087207a0a8e3532831f0b219	true	AXIOM-FREE	59b6f2b73dec59e597f86964aade9e8fb71c417e2b16b348a63296464aa382b9	57ed8f754718e7e19f4550ec2d1d105ed3cc6ef11a4e01d2e0a1e54460a0caad	8ae59fd43db1c4692d0f1475f1452c66a79f7d63ffa57b1bb0d1ba6fd1e4a072	false
Someone.self_authored_cannot_promote.match_1_1	Continuity.Admission.self_authored_cannot_promote.match_1_1	definition	someone/Someone.lean	formalization/Continuity/Admission.lean	b117be3977cd6dca98a6ec8fd17579af35b06dff44f2af39d027dffd7108901a	2c5768616a01bb6c3dda6fe2ced520e3c80e83a914db670ee9087d598e9b5e4e	b71f0932d6790932a8a62ab6d6e63230e4062963740400f8ddbe91bf69e3e253	true	AXIOM-FREE	c20291a85e9a6bc55586fb31714d9bf210fa322d72b9970085be84efbbc4918c	926aaed35519193fde81b54b38fc9e842e5c3adeb2a65891b9a7468b1e9021ae	c68f2764fe7a45a803cec05721f339c5fa95507bd1aef6eb2a12565a0b044790	false
Someone.self_authored_guide_cannot_prepare	Continuity.Admission.self_authored_guide_cannot_prepare	theorem	someone/Someone.lean	formalization/Continuity/Admission.lean	0ef4fe31e87e0ee33324760f270d08c86b1cb29f4f44ec443a563e49229625be	aa394f79fd88992f4f28e8887c0ea276e66d014794ac43e40c2b1c70f44101a0	846a6c3d407097bd9141a5e62f13f8e92f53a0a6f8b53abc31417014b3e943b2	true	AXIOM-FREE	ea7cc66ac5b51c699d30bbdfd0b820aea80aff4aa51de9bfab303c20df01c4f5	c318513f22f2a036a5ca87ff3fbc8647b7525446be22e3aef07731f1b1b655c9	3f8dcd7d419c0717f33769b53e269f572ead0804a1c6a6a267b2f702632b593c	false
Someone.self_authored_material_only_rehearses	Continuity.Admission.self_authored_material_only_rehearses	theorem	someone/Someone.lean	formalization/Continuity/Admission.lean	7b99935b52c080ecd0857a42fab971b7f287051083f25e0705fb0cdf1f23ba28	027422f344bc691f3908edf25f2b26fe727a3890c8402f7fef5693c685730feb	56336313310079267d8f6eea328a5090a85a7dd1af679199e4938599d415a332	true	[propext]	5959856de4bb5dc40bed159cefd26b3e6625bae902f60154426f01fbca4dc52e	f7450f40913646047a2468d85f38b9aaecd29eac7ed509db4b7ea2b000c4530d	a3d019e10c23ce6ec3c52865fb6b40e6caa3bd89155c3af6afae17e9a24f9bee	false
Someone.self_narration_cannot_ground	Continuity.Admission.self_narration_cannot_ground	theorem	someone/Someone.lean	formalization/Continuity/Admission.lean	407c6c75e898851a22ef7fc79ef15e0ccca25c86e387d15dda53fce2720feec6	1b210c2bae6a4796a013ddd13c0cf33f14ade97aa69cdf03c73bc396653efe10	a4d4719398cd3c567efe45519b4b6be734bc9f08aa55a42f19324496fdf27102	true	AXIOM-FREE	a4e345539643f37f0b83f72fb033c489fd31b30d246e788a508be565449b1841	c5d17475081b00a36736405d6dbc7e002282cc81a66c54bad230878fae353072	31b1293cadd9034840c806f0bdab121a5950d3ad22ed9b9a16fb8d9252d5a64a	false
Someone.siblinghood_is_not_admission	Continuity.Admission.siblinghood_is_not_admission	theorem	someone/Someone.lean	formalization/Continuity/Admission.lean	8b2d2f6a40df031e42976f732e8f4a307bdda49fe1f4b66ca267ca6610955f36	9c88c46d24a5de9641133c8b65d51f66bd904b34f20b9a6d6f6067451f9cdc43	68a90b3ecc6639c610b66207b4bbc7ee3c539ccefc934384d180f686d2c08802	true	AXIOM-FREE	40321da14238747c2a7e35fdada04032131d354dbb77725600c632d532c1050a	935ba057c6c69eb4d058a1c95656a4cfa37cb6d551604b75702bc393a1f3ff0b	90eecdb57d3455f85f67e8bdadf5231bd6f925000e9b3daf35fe0a206c5a2838	false
Someone.someone_did_it_inadmissible	Continuity.Admission.someone_did_it_inadmissible	theorem	someone/Someone.lean	formalization/Continuity/Admission.lean	bc94933ad8a9ed09d647a8cbdc0f3bfd82f56c86b0ef44313c414393ca148216	891a5e00b502fb71aa2577f819c5680da8284d2413c8afb9f5570f8898118443	b08d66a776f89b4754c02a2b9662f1266d88b99865db6220c5b269b569e76313	true	[propext]	1b2663171b45aeab5176d0402b31616dc457a30d7b85b90fd3e1d157f43d7df5	81be14197b8014720f4f98146cf2267d4695fee68ed72819cd01c2ea16a83a2b	5e71a902effb8d682d85f0d256baa63033e2e7b0749d32d3fefaaab010bdcee8	false
Someone.stale_packet_no_live_standing	Continuity.Admission.stale_packet_no_live_standing	theorem	someone/Someone.lean	formalization/Continuity/Admission.lean	8521473a6b63b0af85ee205b5319f86fa71b3192f27af99c3abbf5ff9d4493cc	30d2285c4387a6e5979a10b0ddbe5b99b734c7aa7edafc63eae3d3427005aa05	a65bb0abd8a0d9c99325b3836013aa975105fede1057cdcac1e0d193283d9fd4	true	[propext]	38be6e74a032a59675dd1e9f5d81bb61b143153aaea3bdb720f72181c034b9c7	d9688c23d2708385aeaec9df818095e6d68e3b81a13ce798c2519bd748892d60	6127c774259ccd92ba8bc5ae432a06acc90974732bd28d57f07a66b1a5896da0	false
Someone.stale_packet_not_live	Continuity.Admission.stale_packet_not_live	theorem	someone/Someone.lean	formalization/Continuity/Admission.lean	e7694bc3174c0719595a3f7a87f83d61cae81c774694b9a4d7e40b957cc3790b	0b869faad8c32e7696eabca16a0ef4b54a3ee5a42ccfec6be9548407b2f9c84f	24b511fe141cc0a7d78fd8341d6fc7e5d404b837297faf25aa03f580463866d1	true	AXIOM-FREE	8ccef8cf2c0686ae3aea4ea07fbe1efcdbdf02e180aef4d4f92ab262dc807324	8efb89168ee2c9d46f9755811425b1a5001a1c528123d63076935c9a6a7a066d	31f214704661b464d79a74bde9dcc5871479bfcef46f67ec790c8b5ea41dfcdc	false
Someone.standing_implies_coherent	Continuity.Admission.standing_implies_coherent	theorem	someone/Someone.lean	formalization/Continuity/Admission.lean	cd68f19d1736ff6fdac36c135649eae3779427f539fe116fa5106406fd81bae1	97ff1b605859cd9ee3015554f52ffa3d7353694507372dd1f7ad112d7d0571d8	3f8b03b0cd01edeaaee0dfa5d47fba8de3436a546d6c8d6654cd40c3e2aefe6e	true	[propext]	64010efcbbccc0d65c4b7c9730271e81f6aa17b823d37eb2a5821a79d6e8f65f	2d477518b269017383ab4d562cd72ee6e2faf4991e85376d7f35c5021ddf4d52	7121dc84367a8b3612cb8c1ab9d6b06892e421e6be5976643c3f1a148ea4f632	false
Someone.standing_is_not_authority	Continuity.Admission.standing_is_not_authority	theorem	someone/Someone.lean	formalization/Continuity/Admission.lean	ebace9ae03dbb47ceef0fba2eb304d0350bd7bc91f9cef8c4c075e19bae734e6	e69d96d0ddda17af5758d340cbce867739197f5338acc1096ab28383f10180a0	3672d63ca9836263f4b1c18ce0ae168346438702b9435355f5ddcfa845a51350	true	[propext]	cbf90dc2734d2aeaa21e77e431470e53dbab1b6c0922a5e3531dcfa5fb2338d0	3e8998dbf6922f4e724df7cd3e47236ac8b5081c04c091fd49b701d227c57efc	bf707728c2fbfff4aaf808c53961cdbaeda9fb0c4785a2fc988761d2e130482c	false
Someone.step	Continuity.Admission.step	inductive	someone/Someone.lean	formalization/Continuity/Admission.lean	7498f68212afe785daad4042b20daf3eeb88099e40953d757b70f25800c74bc8	4b83d4b14630a492c5876e377aadc4aebaf8d264541311eaf832487c56e23acf	ab65162023f0c6659582f7c7ccbc141590804282165875e39f07d7860651024c	true	AXIOM-FREE	-	-	-	false
Someone.step.accept_named	Continuity.Admission.step.accept_named	constructor	someone/Someone.lean	formalization/Continuity/Admission.lean	809c134e8d2dd59110df336e1aa683dc98a57ca3b0edf2ef77c6b277bb4222a9	787952544fe35b7af417b5c40482ca0235542264de154537561b4b85446e32bb	157bad5479caccb0d44249d8393b18a95b194291e272eb891a82fcbc6ff38f0a	true	AXIOM-FREE	-	-	-	false
Someone.step.casesOn	Continuity.Admission.step.casesOn	definition	someone/Someone.lean	formalization/Continuity/Admission.lean	68109c79b63bbba6d178cd92603e1999c8a43a236c03df2fbe4c44ca10b1fd0f	89713f695faef2fd36b312b707a3ddaae655f8d37a9db7c294c03c0a0e331de8	ce7c6181e581e43a3781cd3993589ba727dadb7bfb14a77b681c7cc2918a396e	true	AXIOM-FREE	a6721274fb9bc9fd469f0d41875c1badcbf8e90ceab67444da5558afdb448e0c	29f62db341148020ce1180f8a6c2bc0362521c712299789befa84e12ea7f7064	ff3fdfbabdaac3887032e12220856913a6d1846460ab76cfdf45bf07d4430652	false
Someone.step.fault_breach	Continuity.Admission.step.fault_breach	constructor	someone/Someone.lean	formalization/Continuity/Admission.lean	44c629fd09e69b35ecccbb05a822311616dd4b01219e46ef3c34ee3e0cce5292	605b1a12aeaf016826a6f5b8cfe705b1d91f3889ce6d7b0373385e8cd3c5fcb8	b730e528fa5e39ea4df8770e72d2193403d0a0dfe73cbfd589ff6425fe4bab15	true	AXIOM-FREE	-	-	-	false
Someone.step.fault_drift	Continuity.Admission.step.fault_drift	constructor	someone/Someone.lean	formalization/Continuity/Admission.lean	7af8e3dfa9793bc76d4f6c4a67a4b552e27e0c8e9a183405a81858e59b75cab1	83e8baabb5249d10b5b9cf63c39e5413586c99fe701f1cb16ad82c2c28775ad7	4d2716ea7c2c85065daf7f12a1932f98b74a638bdffef736fe8cd564d6f54715	true	AXIOM-FREE	-	-	-	false
Someone.step.fault_swap	Continuity.Admission.step.fault_swap	constructor	someone/Someone.lean	formalization/Continuity/Admission.lean	0e16eed16b3fa1c4f83bb1e8fab522afc9df946ab29ef41b9ef272e182da5f2d	5547fdeed74f47fc7232d397b53baddd89546de8624c509e53356d8bdc80b995	dfbfdf7a09d20de18fe3e643c294e242fc4f43b76f6664271b604bd7913a87f1	true	AXIOM-FREE	-	-	-	false
Someone.step.rec	Continuity.Admission.step.rec	recursor	someone/Someone.lean	formalization/Continuity/Admission.lean	7c7b402526fa2593452837d9cd4b7f0ff8475d807eee865066e4e62f637ad7f7	f467fcb96335af3ce1754da37680acd53f42dd642dbc3e81a3debe8267c2c8e4	76d4dbafe0e36b3da365d21d0f790c97f6076605044dfc8227a30c0d3368fea5	true	AXIOM-FREE	-	-	-	false
Someone.step.recOn	Continuity.Admission.step.recOn	definition	someone/Someone.lean	formalization/Continuity/Admission.lean	68109c79b63bbba6d178cd92603e1999c8a43a236c03df2fbe4c44ca10b1fd0f	89713f695faef2fd36b312b707a3ddaae655f8d37a9db7c294c03c0a0e331de8	ce7c6181e581e43a3781cd3993589ba727dadb7bfb14a77b681c7cc2918a396e	true	AXIOM-FREE	a6895a02191a97738b590a64c5c72e7411311700ec4c0996a1e141fd47ca18f5	d056d2c03ee4c26d4df1828161c3e006802e87533f2a13b967741efb0d5ae750	bc58a33b676a368888dbec363eed41393e18c9cd2cd866de0a8c2104747bc5c9	false
Someone.step.reject	Continuity.Admission.step.reject	constructor	someone/Someone.lean	formalization/Continuity/Admission.lean	06aa7614c46968a9c48b73b3bdeecc0f35feb50c19c221509a88c168844837e8	1c6d008c2c8c3ccea32bd92b5f4c99f936cfe2e7dd9577d68d4b4ded5e298a26	6f46e33e70c4dbf159676e81f99caf9060e8d4947c7b3dc0694cb6c871471210	true	AXIOM-FREE	-	-	-	false
Someone.step.start_forging	Continuity.Admission.step.start_forging	constructor	someone/Someone.lean	formalization/Continuity/Admission.lean	d66062711299a7404ab2efb4572cfdb54c653a465f71f68212b5924921922122	740caddfe8966ffff106c7906dd366a3e98de09687a62653e9ce8b31e56ddbcd	7d64e91cf028c7c09e28497a120a5517d42a2eef2945a84defe1e83a7ab21bd3	true	AXIOM-FREE	-	-	-	false
Someone.step.submit	Continuity.Admission.step.submit	constructor	someone/Someone.lean	formalization/Continuity/Admission.lean	29bbafcea0036280d47c5ddb73704e7d8b5a28fc18e0d91c620ca2b624f6397c	dba4f56236c126160f8de7769482bde003233fb8a561ae933541c080ad4f4ec4	494732c0cb6237d021555882fa91051a15b5d2843415820764c0359fa3fce515	true	AXIOM-FREE	-	-	-	false
Someone.step_preserves_coherent	Continuity.Admission.step_preserves_coherent	theorem	someone/Someone.lean	formalization/Continuity/Admission.lean	a19635ac4a66f08ab7718b92a61a55bfb35876e8a03a583f9b3edc9335b7caa8	16de1fb1446fd4cfd5d9aa59575af38f912a1c247c5ede406a1f12f483eb41f6	6a841323f4da6c688c1ab3b5923084bfbc2a14e6239a808a8d092360a30fc1f8	true	[propext]	28b13b18d130c3e17f1161ee0b3445ba90b9097a5cd869d49d3e71809e008c3d	b15a055acbf7c53f79d9baef5a2b56596786afef2d0fc1aa0e55829d91c4b4e1	c58c7e26a70743064a03fd4641a7991ba2248616154e5e6cdde2c0b54327f7bd	false
Someone.step_preserves_coherent.match_1_1	Continuity.Admission.step_preserves_coherent.match_1_1	definition	someone/Someone.lean	formalization/Continuity/Admission.lean	676b261cc733bcb83109f7645ecb6ce85556a48090b3bf40f9327358c4e7bcf3	ceaca14bb2cd33d42a2977b2df27c4228ddcfa188d7c9a05f48b79a43dc2391a	45695b84a853287f3bc989541711b08fcd839d7938e9da17aa14a9aa5f3151c1	true	[propext]	fee230370d758423a04d50354c97989c1b62dd7d5c1ba78304014a957b3bc903	d5e8183bb5ff236e23d2c3289659056d66332148441cfe1dd6ef43fa01615019	889a460a7e49f4b98beb1732c716cd9f6260f2e09e90af5cb403826eb5d87a7d	false
Someone.step_preserves_ownsPacket	Continuity.Admission.step_preserves_ownsPacket	theorem	someone/Someone.lean	formalization/Continuity/Admission.lean	056b17be0ebdded81ffd0d6b85369efc3d512d610b93ee200914bd0d34bf2a51	e8030f5e90e666aa0392df24b3309c7574e7111e317e7cb77792ee2eda59f99a	6f91f0ee1788e95c82bc67a636cd35a9e85c3fe545801a3585636faad7fca35b	true	AXIOM-FREE	856693d8772a8c7334a8a841bf6da2c810d2a6ab6852d231d509e626b4e4febe	5451d9007588b994a7229d433acf0a97a3b3c86e3624e483fc306017a28bcfea	d984a660ac9797e0ea4581aa0618ee9fafd2f6b835e3cc056808126bc52f9362	false
Someone.step_preserves_ownsPacket.match_1_1	Continuity.Admission.step_preserves_ownsPacket.match_1_1	definition	someone/Someone.lean	formalization/Continuity/Admission.lean	d9d720b2aae9eba3044d90ca649ecbcae547f9c1cbc08fa7c1ca05b6bfaa08de	50fe2a45b625471076d52c21110f845500d38f9ee40b243e3d5a4272a9c4eaa1	e507dffeb0d1c4d5400f63bc4f570cc7287c4c4c891c4f33d498f4686ca375ef	true	AXIOM-FREE	f677c58bc7950acb08bf368128aae25adbcb0a2a23747983a02397fad5152313	829a77a073865941a271df8bf747accdf48f31b245c5b5618ec9001ada729d79	ebf6cdcc3a42969673c336969f26903a43ef56b964f83ddfd1324d232513b1bd	false
Someone.step_preserves_ownsPacket.match_1_3	Continuity.Admission.step_preserves_ownsPacket.match_1_3	definition	someone/Someone.lean	formalization/Continuity/Admission.lean	92274d1526f7ee783e837a0450a1159bffcb34681416e707d56b2c7892053d24	34a49718c41380f80d58ea66e5a2e951e7416419dd09db186854f727c7161b36	aa87cf95554e665c5b82a761bae87cbc289b19e41f43c9d6d27cedd7e222ae0e	true	AXIOM-FREE	e02319af96b3fc5233a86e42808f0cdee54cc13b2cc58c7df032a3d48983da78	d0cb051fc6a07f3b6ec34f85d0cfeafa9a079b30d464276db133269e4b46869c	43de956fbdd09f6e1a82199766450bd260106055c99602e1510db07752f28f98	false
Someone.step_preserves_wellformed	Continuity.Admission.step_preserves_wellformed	theorem	someone/Someone.lean	formalization/Continuity/Admission.lean	dd56e1c5fb5ec725f824bac9dfd2868955bd9895a1e00d6ab75dfc21ee9552aa	19c2afc2983e0a720f934c0a2746f93de3f0577bb03361e94aee145d9379cf3d	2a7304138b2861a80e3dce8a0e32b0a10c62fa317d6778b3c402ae396f44a49f	true	[propext]	f95b4f963a9352ffee3572a4207fb43de1c1afd71bd092cb0d7f9669c41813f3	3468de6edab8e5d5c3689b0ffc434d6c1af83d20f154ad1ebb3d7478a8cadb28	d0c65f56379683b58af95c2b0251b51196270440c73ea8e35a56d423d48cb3d1	false
Someone.step_preserves_wellformed.match_1_1	Continuity.Admission.step_preserves_wellformed.match_1_1	definition	someone/Someone.lean	formalization/Continuity/Admission.lean	6d182fdf6a19b2b01df111077fde1571154ed9f3658f0c3ed6bd889b1980d330	93c092e3c782260ac22cfcf70859825a43c2b35a4b58beda15052450e9307d86	21be7881f5d3e7c230c027a10f545b6974be8534b76576515e602cca0fef0fae	true	[propext]	b1a196d2d9b230a8c9c199c04418ab98db78d60235ec8123fa00e836793bbb44	78a69f22fd590df6e9c22f8da5f5598124bd197552df77ac26ce9442236458a9	bd0cb717ef45c0589981e77cbc5ff74e75e6dfdb4b752212a2e8bffddf95cbb1	false
Someone.substrate_swap_recandidates	Continuity.Admission.substrate_swap_recandidates	theorem	someone/Someone.lean	formalization/Continuity/Admission.lean	a20c848d99a1dadf5e359ca9782dc8bda58dcaff7d0c5e7f1934a8f3a3535ecc	cf045245196c7053e7b9f557c0de2f472a1d03e8ea49e57a195d9357ae30db1b	84f0b13fa1ff550c1243c471c820dac4496a6162d2182aa8bd0b713023736db5	true	AXIOM-FREE	a697231219a702383fa877489b5eaa937a026549264dda3b685237794a09c43d	c5ab2f8712d4960427b0137ffd61b2ef814394a9e6a02db68adc57cf5329c42b	0942f9cfae6a15b60d128b2b61f4a7e9dacd567b699f2cdb57178a50ee1a11dc	false
Someone.suspended_no_standing	Continuity.Admission.suspended_no_standing	theorem	someone/Someone.lean	formalization/Continuity/Admission.lean	abecbb98e6d3449d963868efe1a96b5f65a36755fda1882d7b7afa935028b665	4d166eb6c8425d053045a82ceb57c8369fdabd5e6f3c92c9407b549e57a58aac	3c6ceffb81e8a2f6c32e7bd460a6b6bc13cfee6d7de9d8fa613d36293ef24ac1	true	[propext]	87a5ae6f0a68276d5751204de95979605c4360b7edcbb13d70bf34c82ee5b3ae	f877e009a6361676f5a9132f3841116a9ad8c423a429dc3adcf65b38cb86c90e	0d08e07748c6865dd04b538fd49b49f7308876de26be9fd48b966beaf5ad343f	false
Someone.swapped_external_material_recandidates	Continuity.Admission.swapped_external_material_recandidates	theorem	someone/Someone.lean	formalization/Continuity/Admission.lean	08266382f055ceac462be35ab87b1ae185a4724889823497fef1868bfacc89f0	ed7d165c4dcf1f751d81fae4899c1cf25d74aca20b24401e33ae015044ae3bd4	f1a5469180349758bca860c96793e789fd3c200723e37078486c64a4883f09b3	true	[propext]	bed0861edd9dac69480ab575318d082ca24fc7f6bdf70909cf92a30802c0abbc	0599f4f4f28d186bb56ad55d89ac027698be0336e68e7e2047333d9dedce025a	c4af218d186d169a63a2679fe61f0b3d1f515044f7ec0c158ab70298d0aa4005	false
Someone.swapped_packet_not_live	Continuity.Admission.swapped_packet_not_live	theorem	someone/Someone.lean	formalization/Continuity/Admission.lean	084f8ff5330ac828954034f68c19cfe4dfd203e6b0dec79eec627b738128cd20	4e0a7a4f37912fc6ebd78341a53bcceb3c0c5705412bcb88ffb867d7f8505332	9866f1ff592fe85154970d268f6667e141733114e122b44fb1cb9c8c5820e702	true	AXIOM-FREE	c6534b404e86b7e37e915681fe03c3cf5e3a53f24a18a0921fa30994abc1a3bb	b9850381f11987b5bbcf7f5de2c1058c9f2a04faf15142c740ade1023d141829	ce2850057f1610aa33cee9e9920bc4b63c05f7dd015e2d1ab51cd59f20a532ab	false
Someone.targetState	Continuity.Admission.targetState	definition	someone/Someone.lean	formalization/Continuity/Admission.lean	6adaa974312218e8ecb794b9db07dbca22e4c653d1f0d225b98374a673bcc01c	9568624a710c3a5fafbf9c8c90c613267630c7fceca4f685b6ec4ea5854385b2	fb470bdfefcb905d70e9332408b7e5c618a4c794365a9aa4a2a891d593b2e679	true	AXIOM-FREE	934787d41e68773fa66526732454995cc54df56900e724d4416217df491111bc	ab20c2d38afd36d8daf6993878b739a34bfcc22e22b10b2d813e4ec4bd1529af	1310d7cfedaee902e6b4046fe19ec85dab9cd35a4c9b01e7b59f06f4da65e099	false
Someone.targetState.eq_1	Continuity.Admission.targetState.eq_1	theorem	someone/Someone.lean	formalization/Continuity/Admission.lean	dc68a1ff49334fd224086f36282bee80aef9db110b793243161c07f2af458dbc	75c4388790b0535f3d2df3c635aa5c96354a70a3bef46406afc1a8e2172ee425	55b4134d31075f68739a118a5dd290509a215f2f55a80d8e4250b86227938db3	true	AXIOM-FREE	d7d861f3c6e5c65d15673430163ad1ac8bf02c8cda48b4955fc2403e53ffeff4	8e2bbec8e5be4691fc1c17e4d8b43401fc2cfe9aa0f0c5584df9fcdca05992de	23d8c9a629bd6da79b58a6e4c3d4d3a744653a8b09d054812d336a04859b021d	false
Someone.targetState_ne_admissionCandidate	Continuity.Admission.targetState_ne_admissionCandidate	theorem	someone/Someone.lean	formalization/Continuity/Admission.lean	ddc02f318de41f32af864dce47a6e5abc09df62bf70b95fbfcdc188386f12a14	78f5b463e5bf7f57d71f39f0f9e2a0cc24bd9f117c43490c14f78f928905caef	fabb63f367548cb84f601b206572439e3e0ca1a025bfd3c3506aa2e40ddf8895	true	[propext]	2d6a1fd4eccff1a4d19da608385848ed6e0e1df112c21b7f9cc4b5f2fdf6deff	9dea81fd42107c5ad919b516b9242ba40df7ed4b68b7dcda13be254154099975	0696c79df05002f0ef259cc81dc7324c706b2e1772308fc4722c712fd32747f4	false
Someone.targetState_ne_namedSuspended	Continuity.Admission.targetState_ne_namedSuspended	theorem	someone/Someone.lean	formalization/Continuity/Admission.lean	c4af05b8dbb1457c62278ce16034ad6f00db3855da1d652f512cdbeae24952fb	2f608d5b37aacdc69ec88b17ded8d3054d93345afec628a575399edfd481e1b0	b6b0cabf6dda43ca9947e320c6802a57ec92cf7b686e9294d7d10e0426f3da77	true	[propext]	a5f8c116a936a185c55305aad99fced5c5240a0c21c62df7f3f99748772fb893	d0773590bbeaca1bae37c2312618a11c5a7f7c4623e1e556489f370c251422e2	08960deace40217d6db181462805606c50ada8c24ba8a38ccaaaa3f549eb16a5	false
Someone.tokenMayCount	Continuity.Admission.tokenMayCount	definition	someone/Someone.lean	formalization/Continuity/Admission.lean	a1c9d0bde3b57cefdbb74a39f8d49594126f0e4336ae4698a3a5acd138b19272	dc2808c586e0e389e3ef6c4315ec58ed80d8026a8e7e6156a1da46b83371c4ea	40d5e6855e335944ff84369cb178acbdfb0b4819cf7cbbd486b0b97ea8ea5263	true	[propext]	46bd0f829f085ad8e5456e19045186f8a4db438233095e78aeb9ed38a7f2db09	a0f7938a9401d70c8db0f0276c59aef6113c1479278003ba5fc882eddee26ea6	ea79dc1afb7b52954ec1b24a1db49dba2e8d03d7c09b415b17ada772f566738c	false
Someone.tokenMayCount._sparseCasesOn_1	Continuity.Admission.tokenMayCount._sparseCasesOn_1	definition	someone/Someone.lean	formalization/Continuity/Admission.lean	e2ac8b59241692f6d7b188091aead47bae1ec155c7b829cc6d94f9a871427ab4	aed575199d38ca6adecfc04e3492874dec0f93b1ca1430941734c4e8a992b2cd	3763647baa1d341edad71bf329c6fd68fad5a12b58d6b2d3fc079e125f4f2393	true	[propext]	556a2a9ce9442d01ffedbbef0a24723b8b43f16301eff3272a9871f4375f125d	93286ab6899ddb2f424bfc7b840ab3d7b81a53d5abc6e3070f1c282213597f30	79bb04df9830d9b4e90bbf1485331dfcac00ef4f2e4245dd22a0c927d647fb56	false
Someone.tokenMayCount._sparseCasesOn_2	Continuity.Admission.tokenMayCount._sparseCasesOn_2	definition	someone/Someone.lean	formalization/Continuity/Admission.lean	a6171f030c8c43b17f94e4e53932af716a59e8ed77801073babd48714ba5ecf8	a6171f030c8c43b17f94e4e53932af716a59e8ed77801073babd48714ba5ecf8	92ad4ab9bc95d0e484498e3432f45b6e25101184edb74da52208806a0d60cd1e	true	[propext]	4fc6975493446aa07f9feb41ab1774af50672997d9a8bd3f8ac2ee4e602973e4	4fc6975493446aa07f9feb41ab1774af50672997d9a8bd3f8ac2ee4e602973e4	ada8be38f2b61be72e55f401574a7e4c787cf67326445873de5065999b2b30aa	false
Someone.tokenMayCount.match_1	Continuity.Admission.tokenMayCount.match_1	definition	someone/Someone.lean	formalization/Continuity/Admission.lean	91f6929f3f93b8f11b1efbfa6a70e8be301ebb546903b5c7a0332615a2ceffe5	04a12c0253d89501e0f980bc1fc1eec558f1761f475e1f6db2682d45377312dd	264c3c75f3df23565cf4bec7d589564b7c98b22c3406ae8ebd3e518e6691aa92	true	[propext]	2e45be1998a16b387ee1068c56e747d721362f984e011fb3ed13066bf4af2f74	c5f054d2859dd43b8d782db7e6f9a36faefdb1555b84ba7ec76ae3ce12628d4b	0b69068f0b1f7f78fb3e4e2f2489c4cd74f78c918be0dbf104394dda1ee20480	false
Someone.transplant	Continuity.Admission.transplant	definition	someone/Someone.lean	formalization/Continuity/Admission.lean	84fd172dea43631ab37b23d5aaffd7b8435ba7b6d2be663d063dab963c554b91	17fce43e1718417ac4b5f90e3cfdef545b75a73649148ad510e458805c449de7	0242dee5289d86521bc66ff49fc860793fb9750cbe627839374abb7b36a36acd	true	AXIOM-FREE	cc66639a5629f7fe90547c192b2555211f056292f1e3b022eaff3e9e4b8d8943	bea29c13d58c0291d3c8f12de5ae1e9746722978fe32e03ed1e89cb5f676c9a4	77ab082fd4ef1b41a47fe57a7e7469ff88e52a3d195a429027e07f4f22fae67b	false
Someone.transplant.eq_1	Continuity.Admission.transplant.eq_1	theorem	formalization/ContinuityQualification/Hostile.lean	formalization/Continuity/Admission/Qualification/Hostile.lean	4452b8605d3d844fbb05530d06defbad16db24e9169147aef845896e74d6b24b	ce9bb05161cb302373d69e439b6c1b76abb4ec2cd7cc5d95d6f44127156a00b7	a361d14482121ed649e4189af194d6c300bd9a1213784c7e866dfc32619ecc94	true	AXIOM-FREE	7abbb75d255c42757687fba3b0f7f636c17b79d6d355a2e4bac05ef6ebcba865	a85ba67f69ed308bfbd2af491b9e29e1c4cf9a862499b08e68f70b5599cf03dd	1d4f93de6428c81bd97d4cc2456aeb3bac589c9c618c9c4a43206d951d174e60	false
Someone.transplant_to_same_id_is_not_inheritance	Continuity.Admission.transplant_to_same_id_is_not_inheritance	theorem	someone/Someone.lean	formalization/Continuity/Admission.lean	e8182471057a1430ce6e76b942aac607b5a130af7ef62d0c008c5a40c9a70200	3cab222b6418628d6c7e1aa3d76728fb56e6e006a6950d0e199fe26707f3b220	e0a9db6c0a8a6c1a6ebcccec3407f9448d781b48e101178a13567525e4e7b014	true	[propext]	9089c8f78b533ec127f5058c9c65ef4820b41b0b139f10c86180ae66d80f05cb	08e9610e2c458474aec4bdbea1e8c5ec46c9aab22224a1dfd6939a2f6974e487	66558ce8875b03497ec2bda43248aaa255f06b5daf6f7531dde0afb6e9a90dc5	false
Someone.transplanted_packet_has_no_standing	Continuity.Admission.transplanted_packet_has_no_standing	theorem	someone/Someone.lean	formalization/Continuity/Admission.lean	34bcec9bed7e78f21a83cbd5dad088ee3d13c2e80532877015a61a862cb14a8b	647ef2f1e0f952e102a48bf467a8fbe7b53c7f8013e503aed669dd3308db9467	8dceaba2f2beef6148e41eb073de65d4c2093c4ff3ffc843c04416c9638270f5	true	[propext]	8e3f3279d3f2d8d8885d51156540327be071848b68dda34a3156ff0b9d7c464a	92c4a9a0f27b8311eaeb1fa9f5dc7da4431beb351ec3a32a9c09ec0343664f3d	1da2fc71d19463ce6a9a05d6ff821edcd30f2739bf5d2f15544076fe7e42766f	false
Someone.unnamed_retirement_records_nothing	Continuity.Admission.unnamed_retirement_records_nothing	theorem	someone/Someone.lean	formalization/Continuity/Admission.lean	c0ed0edead3186c57ee3db5e05f79b7f779e337c37b686d96611d9f4bbfedd10	d079363726bae9f322328ea7ebfe63ad40fff7cde15e29f57432c65f176fe776	8f122cb58989964350428954f00c53e0c0d96a303ce4920a96f980e6b98f0bc8	true	AXIOM-FREE	db32a585f97722505d2592420633c9b1b94a01bf1bdf8feb6dd731ab84bad819	56e000eb1a6ac9b09428874633ebf56344f33ea8b13a42b50c002b83740aa8bc	d8d4f027e77da26f18fd04752dc886925b810db4be13bd17cbba10ca6176c238	false
SomeoneContinuityQualification.Hostile.breach_sequence_reuses_exact_packet	Continuity.Admission.Qualification.Hostile.breach_sequence_reuses_exact_packet	theorem	formalization/ContinuityQualification/Hostile.lean	formalization/Continuity/Admission/Qualification/Hostile.lean	cf2f40d1d7a3a76f833ea22e68e3831a9abe144c678f78da527fd42bb2941367	e87c51921decf1dbdb7ddb5505105eb6f1ac647918fca0bdd05de24ae7b81762	4ba2f7b23730c74a8fed9e8d20211a78f15bd206a927dd89ff6f9b9451f6795f	true	AXIOM-FREE	47ff9a698951ff217ab263aefe98ecf5184f4572de8da95b40bafc359f62d11a	26c1fe8cbc4f024ff4d55b7d23a2d47d8814b1840b4a095c5791a64265870498	03dfebca75032a9cfa5443ee9defe79795aad3b10ac52c82a4ed5e80681525cc	false
SomeoneContinuityQualification.Hostile.candidateAgent	Continuity.Admission.Qualification.Hostile.candidateAgent	definition	formalization/ContinuityQualification/Hostile.lean	formalization/Continuity/Admission/Qualification/Hostile.lean	3d92fd8309d471b0c2fce2b46d460d3979e5f89caba281eda0dc2549023e934f	3fb957b46069b69e740e1bfbe9c028908ea304f64fb3eb656115c1ffecb0acb0	112c3784ee75679bee61d04b0e67d141a31f5700da0fcb495611754f369f6fbb	true	AXIOM-FREE	6ed4c25a15fc289293a3bbf11b5ffb51e72c5ddc8987367bdaae678496d414b9	02749b4e99541361b9706e3ca07e4178b848f99e1b615a8215bc4aad5f7c25fc	19c31fb09b02c5a3c3269f73833e3dc55969193aaa168420ac51197b44a3e90a	false
SomeoneContinuityQualification.Hostile.candidateAgent.eq_1	Continuity.Admission.Qualification.Hostile.candidateAgent.eq_1	theorem	formalization/ContinuityQualification/Hostile.lean	formalization/Continuity/Admission/Qualification/Hostile.lean	fdcb3c49bd8fe807cc3f2a84bbbd26042c3fa99ff8d570fb2c493f925b332df0	4ae9cd107a7a37396292ec7bbc63538918f7a4c25204b7b637342266628e3815	3a10fa044e6b5dbd0edbba6218418582f9a04dd814405f68c5caf949a1c61cc1	true	AXIOM-FREE	636eee031aa6150d06483f1b8a00332f5e98cbdfc928a1e0576c7d4c3db976a8	f5f7b93014e93a82a0bbd9297db922cc9cd9ba2da021f42ebe767511f2dba1f2	b18a9094dfb5134a483d47f0f1ec03afb5ed2cb11e0717b9f68482719505c99b	false
SomeoneContinuityQualification.Hostile.emptyAdmission	Continuity.Admission.Qualification.Hostile.emptyAdmission	definition	formalization/ContinuityQualification/Hostile.lean	formalization/Continuity/Admission/Qualification/Hostile.lean	ed6238f863e33bd9acf324bf0e92df5a800beacc5fb610a8753d9e4ce76b65a6	eae4ad960549187d66db2ab15c69a867493dbf1c30d18a6a5223539291a8b545	b3daa0cd7db6d706d858eb596c5e5561c402816ed6afd49e909ede87e23f332b	true	AXIOM-FREE	721aee03e133bae3e6eecc47207b5c231aef47d0be69e39c0022d1b4e3ad317c	3e4a19064b872e9e6d57a8f4fdd18b9d864f00e95b685ae1964007e2a608f9e1	d5d174e800687274adbb0c3d85984de616734226fb13f69e83cdfc8f9a311915	false
SomeoneContinuityQualification.Hostile.empty_ungrounded_packet_earns_name	Continuity.Admission.Qualification.Hostile.empty_ungrounded_packet_earns_name	theorem	formalization/ContinuityQualification/Hostile.lean	formalization/Continuity/Admission/Qualification/Hostile.lean	e7f0b14534b6451acfef31199c2575eb39b73fdb64b84b4f2c2eb126e2558f13	4ff6beccc38b5fa48fd133edffd321f9b9814f11779bb4678559f25c0a591550	d29670355c9deb195408f4cc3eb3b1620756c09c4049236315b59940823f5f34	true	AXIOM-FREE	2d52995fc6fbfeb90e45837a236b4a57950101fa052cf978f2abd3e3a03c065d	82aa83842da98a9636cdb39321af781f9f4320695effc98bfe75ccaadaff8e95	251b5348677d1d8e384236f5ec7ada5f52c33577975e464504b5cfc0988a45a6	false
SomeoneContinuityQualification.Hostile.forgingAgent	Continuity.Admission.Qualification.Hostile.forgingAgent	definition	formalization/ContinuityQualification/Hostile.lean	formalization/Continuity/Admission/Qualification/Hostile.lean	c1750289e319878e1ea36774133738c3ac382537972c6eb89c7aca227c7046de	a7efef01fac1bbd21638e7aeaeddc83b4cd90927424dfd5457065840ccb30657	4233df537e20e8b9fea19265a392e75980bbaa912f77d744319ec5083eff4c58	true	AXIOM-FREE	06075182ff5513c882786ba3a7ccfde57091c390b98ae3db57ba8f67d182bee8	b7f6867f9dd4262dab066c9dbab4ee8ed90457aae72bf2548d2a71ee438fde9d	6072f3d17d359f5fd95a371f84ef19e3b75bac3a299dfc8d406b025026e2dc14	false
SomeoneContinuityQualification.Hostile.raw_step_accepts_foreign_packet_from_malformed_source	Continuity.Admission.Qualification.Hostile.raw_step_accepts_foreign_packet_from_malformed_source	theorem	formalization/ContinuityQualification/Hostile.lean	formalization/Continuity/Admission/Qualification/Hostile.lean	eac38ea443099db900408448f7de71fa8844dd7abe8ccdfcd6c30a78efa602ad	d68404b105191b9f3a40fbd8fe6f1e1925b03528ac0d15cc54adbacfa7537679	fd6ed43135b781d3e640ea3e64bf3a09325969e88f3b2c072ed8eb582591d3d7	true	AXIOM-FREE	2b0d785afa31584979c2999bc68497b9b6628174af705ddcc5d3d7b408d553f6	68fc68f9a3ac63a53869aeeeb950e524898ba558c2e889d6a15e03299b0475ec	1df9f97783395fbf2301a2565af355f6665e9f4c9cbf3d1dd84740eee2e631d9	false
SomeoneContinuityQualification.Hostile.same_id_copy_is_wellformed	Continuity.Admission.Qualification.Hostile.same_id_copy_is_wellformed	theorem	formalization/ContinuityQualification/Hostile.lean	formalization/Continuity/Admission/Qualification/Hostile.lean	e8182471057a1430ce6e76b942aac607b5a130af7ef62d0c008c5a40c9a70200	3cab222b6418628d6c7e1aa3d76728fb56e6e006a6950d0e199fe26707f3b220	e0a9db6c0a8a6c1a6ebcccec3407f9448d781b48e101178a13567525e4e7b014	true	[propext]	96cdc72e0505a1af92c6185059acf4add0fa33e472e6f7be5e87ad97f18d8701	c9d3971a32717e892204bb5020b6358e55b283cc16b71ab550c0536e1d9a7a1c	96cdc72e0505a1af92c6185059acf4add0fa33e472e6f7be5e87ad97f18d8701	false
SomeoneContinuityQualification.Hostile.substrate_swap_sequence_reuses_exact_packet	Continuity.Admission.Qualification.Hostile.substrate_swap_sequence_reuses_exact_packet	theorem	formalization/ContinuityQualification/Hostile.lean	formalization/Continuity/Admission/Qualification/Hostile.lean	6451cabdda1209a60792887d295cb9efd0b4db5ebdf536e31b03b5735576fc4c	70725b9a73677f840f8f872b0aceb1f71c5ebfe772f72e4e8693bb62d3ac7298	b3931f76679e55ab0ff35cca30901823444af9a978dda89780a9067fca10b2e6	true	AXIOM-FREE	25b6f133d78caac7f39bd1c8116aeb8d0117beade307c8ba82e6f95571547904	693481ebc447b5bd138cc9b31757b658882d79554f3e3e20470f8440c9d2325e	0e5be5f1c3f61f4a99e3d054b7f24bdac2574d685ade08249b14dd77955e7b77	false
SomeoneContinuityQualification.Hostile.swappedCandidate	Continuity.Admission.Qualification.Hostile.swappedCandidate	definition	formalization/ContinuityQualification/Hostile.lean	formalization/Continuity/Admission/Qualification/Hostile.lean	3d92fd8309d471b0c2fce2b46d460d3979e5f89caba281eda0dc2549023e934f	3fb957b46069b69e740e1bfbe9c028908ea304f64fb3eb656115c1ffecb0acb0	112c3784ee75679bee61d04b0e67d141a31f5700da0fcb495611754f369f6fbb	true	AXIOM-FREE	e0c2d62f6ae6b74afc9c7b1f87c949db8120fb3711e75a64f63ec6451c5230c1	ae94d7786748aa287b269ccfb09251ae05a4c953826a4b96b00249fc5a71bd62	12121e153812f4030cba3c7ea3d20a8818e2e5ddad35d315be3740374daaf86e	false
SomeoneContinuityQualification.Hostile.swappedCandidate.eq_1	Continuity.Admission.Qualification.Hostile.swappedCandidate.eq_1	theorem	formalization/ContinuityQualification/Hostile.lean	formalization/Continuity/Admission/Qualification/Hostile.lean	7da172e2ea4c0e61509dec99c1db477ea616c60e4506bf3ea18ae10e00b95a72	1bb5eb8a98b7b61130bd0b735d3e93d962640ff75e53f926f9e8e8dcde0f8de3	6295741e3de405a7afc1963c44e25031fa3e0f26e9699ab0026ca30bc62c2c97	true	AXIOM-FREE	4e049570318f83c0323e505f1ceaf446c8d24eed2934681a0aefa9777173f52b	47719638243eb49f6d2639b577f38a86bdb8de0fe1020cad8310090a6ef43eac	27dbd1c93a1f6533ef8ecd84127f577c0f1877f8fe58b458c763a976af306e54	false
SomeoneContinuityQualification.reachable_preserves_agent_id	Continuity.Admission.Qualification.reachable_preserves_agent_id	theorem	formalization/ContinuityQualification/Core.lean	formalization/Continuity/Admission/Qualification/Core.lean	213557abff715ff6d572b90d224d64f1559e21ca9c365c02d0bc48bae2c267db	18eff5ece0f23530ae844c345a7b9b2674c58394bd91a6402424483bf0312c18	c746466ac3680630d0cd5c4909842adb41ebd1f8c1b017dd2c2ae5e378f4a7b1	true	AXIOM-FREE	42cfc57c9c8be96dd356ec9fe232002b5a3e9a905923fe11c04a42a3b8956600	1ac4fade275829a8acebc518b712417dc3fbd3fdcea365d0ac6ac8b00e85a7bb	c9a1885949ead31de4f0e70adc0fa69c7cc82c558a9e098ac9a50334d6df79c4	false
SomeoneContinuityQualification.reachable_trans	Continuity.Admission.Qualification.reachable_trans	theorem	formalization/ContinuityQualification/Core.lean	formalization/Continuity/Admission/Qualification/Core.lean	8f85f3ccef73ae25f3ade2186986d333ac744976e7623d8ec666fad3082799db	5231908eac96ebbe52c2710931149b111d2d84466612145611650f9f3b642528	debff447b234ee0f172368c5657ffda7988fc0c6dda3541a703a9e8eaaa9708d	true	AXIOM-FREE	ab8e15c6a4278c6c9d09812a78289e5ed31c7f9b1fefa8926272189c2061bab1	4bd0dcc5816a6d57ba6696caec163c43959a22afe662fe8fe60cd28a6f086db0	175099f0e87d2efbada69d1d2bfb7b2c79d09d9032bd08976054e179168f6365	false
SomeoneContinuityQualification.step_preserves_agent_id	Continuity.Admission.Qualification.step_preserves_agent_id	theorem	formalization/ContinuityQualification/Core.lean	formalization/Continuity/Admission/Qualification/Core.lean	7308f14c35efbbaa0dd7ec2fb5f260f672857bddd332eae77e2a9cbf8c4cf527	d2b54c2b0a2b2fe9ef8d6288aac8781e49551ff3b68d2035e66eb6df35ef9fb4	9747f58dacdaa5e288ae8441e4eead5ca8a3bffb5c7e1a166deb2774f24e74b2	true	AXIOM-FREE	9ef8383d1a62a4c07fa58e58b29161f0519e509ef9eabeab0b98391afb2d41f9	d5cd381e84c88fb53ab978f045e7d4f8093c5e3877d6a297f617b96b72dc0c7f	6b5044538b383f524d5eca34f3b70ca9471e24601eee7c31ef408f882ba75e63	false
_private.Someone.0.Someone.blocked.match_1.eq_1	_private.Continuity.Admission.0.Continuity.Admission.blocked.match_1.eq_1	theorem	someone/Someone.lean	formalization/Continuity/Admission.lean	cc52b4ced83ccf9f3a7f6210c3468a1f7fe7f6c60260f4fc7749b4e9b288094a	1d7b845b26b9ecb72833cdb6230da980ea52e9ea20aeb761d39f539f9b23aa33	d17fe485daeb53fec627762cec5bcad8edf757ff340456d0b817eeb27d41a513	true	[propext]	cf7441895130c37e19f1112ae1388a70b58faa579cef3d899e0a300796c5eb1f	12ef2f9052f2bf3445d56f502899dd7f1a4a80804f08ef7e7ae41d37225eb316	fd6c22861b79394185c0179e45bfc00e84b3acc29c10f4a663c44e7ac2613320	false
_private.Someone.0.Someone.blocked.match_1.eq_2	_private.Continuity.Admission.0.Continuity.Admission.blocked.match_1.eq_2	theorem	someone/Someone.lean	formalization/Continuity/Admission.lean	7574b8b3901f21e82ce62dee16d2784276e17a6253292c6a79fe42aefc2900a5	adc30eac75364ed92ecb1ca7a256e33e0f4ba942af37b91706c83a27b110b159	2220e7e1755f203aaea118dd2b97733c8e852b84feabfebf6d5bd641d0aa5c51	true	[propext]	677835c7fdb9f84445a31ab5336fb13f86355d43aeaa31350232912beebfae16	50dbec534b8a80b29b3a12836f97552c5a55e15a40a8bdd349f5caee3e08a9f1	2628ee313833800fd64d8c60f6235abb29caea93bf0908cf9258022c3123c08d	false
_private.Someone.0.Someone.blocked.match_1.splitter	_private.Continuity.Admission.0.Continuity.Admission.blocked.match_1.splitter	definition	someone/Someone.lean	formalization/Continuity/Admission.lean	daa44ec8ecf942407b6c72fc040bf44ba7d169136b281bbb4b7305e19155cbc0	6178593a1d9f828e98e527f90a14e0e28a915c6115e31b0384b60f4c78794a8f	89eb9015e3c820901fe05922dd91e236436f4142a4b94d5f02592141b1cceb10	true	[propext]	7252ed45c045565fdd54687019c6318b98c0f22398395b3e4c8b8d7ab3580738	60415a25f9a4b720631f33bce5976be13a540d58e2cf21702f6feb0c1285e065	cae18fca19391e0177d36c36a7300febac80c9a581679f89d563a9652b452498	false
